2026-05-26 21:15:50,631 INFO 43409 [egg:logger] init all loggers with options: {"dir":"/home/gandiantx/lab-manager/server/logs/lab-manager-server","encoding":"utf8","env":"local","level":"INFO","consoleLevel":"INFO","disableConsoleAfterReady":false,"outputJSON":false,"buffer":true,"appLogName":"lab-manager-server-web.log","coreLogName":"egg-web.log","agentLogName":"egg-agent.log","errorLogName":"common-error.log","coreLogger":{"consoleLevel":"WARN"},"allowDebugAtProd":false,"enablePerformanceTimer":false,"enableFastContextLogger":false,"type":"application","localStorage":{}}
2026-05-26 21:15:50,631 INFO 43409 [egg-multipart] stream mode enable
2026-05-26 21:15:50,922 INFO 43409 [egg-static] starting static serve /public/ -> /home/gandiantx/lab-manager/server/app/public
2026-05-26 21:15:50,924 INFO 43409 [egg-security] use methodnoallow middleware
2026-05-26 21:15:50,924 INFO 43409 [egg-security] use noopen middleware
2026-05-26 21:15:50,925 INFO 43409 [egg-security] use nosniff middleware
2026-05-26 21:15:50,925 INFO 43409 [egg-security] use xssProtection middleware
2026-05-26 21:15:50,925 INFO 43409 [egg-security] use xframe middleware
2026-05-26 21:15:50,926 INFO 43409 [egg-security] use dta middleware
2026-05-26 21:15:50,926 INFO 43409 [egg-security] compose 6 middlewares into one security middleware
2026-05-26 21:15:50,937 INFO 43409 [egg:core] dump config after load, 6ms
2026-05-26 21:15:50,985 INFO 43409 [egg-watcher:application] watcher start success
2026-05-26 21:15:51,014 INFO 43409 egg start timeline:
▇▇▇▇▇▇▇▇▇▇▇▇▇▇▇▇▇▇▇▇▇ [398ms] - #0 Process Start
                     ▇▇▇▇▇▇▇▇▇▇▇▇▇▇▇▇▇▇▇▇▇▇▇▇▇▇▇▇ [517ms] - #1 Application Start
                      ▇ [7ms] - #2 Load Plugin
                      ▇ [11ms] - #3 Load Config
                      ▇ [0ms] - #4 Require(0) config/config.default.js
                      ▇ [1ms] - #5 Require(1) node_modules/egg-session/config/config.default.js
                      ▇ [0ms] - #6 Require(2) node_modules/egg-security/config/config.default.js
                      ▇ [0ms] - #7 Require(3) node_modules/egg-jsonp/config/config.default.js
                      ▇ [0ms] - #8 Require(4) node_modules/egg-onerror/config/config.default.js
                      ▇ [0ms] - #9 Require(5) node_modules/egg-i18n/config/config.default.js
                      ▇ [0ms] - #10 Require(6) node_modules/egg-watcher/config/config.default.js
                      ▇ [0ms] - #11 Require(7) node_modules/egg-schedule/config/config.default.js
                      ▇ [1ms] - #12 Require(8) node_modules/egg-multipart/config/config.default.js
                      ▇ [0ms] - #13 Require(9) node_modules/egg-development/config/config.default.js
                      ▇ [0ms] - #14 Require(10) node_modules/egg-logrotator/config/config.default.js
                      ▇ [1ms] - #15 Require(11) node_modules/egg-static/config/config.default.js
                      ▇ [0ms] - #16 Require(12) node_modules/egg-view/config/config.default.js
                      ▇ [0ms] - #17 Require(13) node_modules/egg-sequelize/config/config.default.js
                      ▇ [0ms] - #18 Require(14) node_modules/egg-jwt/config/config.default.js
                      ▇ [0ms] - #19 Require(15) node_modules/egg-validate/config/config.default.js
                      ▇ [0ms] - #20 Require(16) node_modules/egg-cors/config/config.default.js
                      ▇ [1ms] - #21 Require(17) node_modules/egg/config/config.default.js
                      ▇ [0ms] - #22 Require(18) config/config.default.js
                      ▇ [0ms] - #23 Require(19) node_modules/egg-security/config/config.local.js
                      ▇ [0ms] - #24 Require(20) node_modules/egg-watcher/config/config.local.js
                      ▇ [1ms] - #25 Require(21) node_modules/egg-view/config/config.local.js
                      ▇ [0ms] - #26 Require(22) node_modules/egg/config/config.local.js
                       ▇▇▇ [65ms] - #27 Load extend/application.js
                       ▇ [0ms] - #28 Require(23) node_modules/egg-session/app/extend/application.js
                       ▇ [0ms] - #29 Require(24) node_modules/egg-security/app/extend/application.js
                       ▇ [2ms] - #30 Require(25) node_modules/egg-jsonp/app/extend/application.js
                       ▇ [1ms] - #31 Require(26) node_modules/egg-schedule/app/extend/application.js
                       ▇ [0ms] - #32 Require(27) node_modules/egg-logrotator/app/extend/application.js
                       ▇ [1ms] - #33 Require(28) node_modules/egg-view/app/extend/application.js
                       ▇▇▇ [58ms] - #34 Require(29) node_modules/egg-jwt/app/extend/application.js
                          ▇ [2ms] - #35 Load extend/request.js
                          ▇ [0ms] - #36 Require(30) node_modules/egg/app/extend/request.js
                          ▇ [2ms] - #37 Load extend/response.js
                          ▇ [0ms] - #38 Require(31) node_modules/egg/app/extend/response.js
                          ▇ [15ms] - #39 Load extend/context.js
                          ▇ [3ms] - #40 Require(32) node_modules/egg-security/app/extend/context.js
                           ▇ [0ms] - #41 Require(33) node_modules/egg-jsonp/app/extend/context.js
                           ▇ [0ms] - #42 Require(34) node_modules/egg-i18n/app/extend/context.js
                           ▇ [7ms] - #43 Require(35) node_modules/egg-multipart/app/extend/context.js
                           ▇ [0ms] - #44 Require(36) node_modules/egg-view/app/extend/context.js
                           ▇ [0ms] - #45 Require(37) node_modules/egg-validate/app/extend/context.js
                           ▇ [1ms] - #46 Require(38) node_modules/egg/app/extend/context.js
                           ▇ [0ms] - #47 Require(39) app/extend/context.js
                           ▇ [9ms] - #48 Load extend/helper.js
                           ▇ [7ms] - #49 Require(40) node_modules/egg-security/app/extend/helper.js
                            ▇ [0ms] - #50 Require(41) node_modules/egg/app/extend/helper.js
                            ▇ [17ms] - #51 Load app.js
                            ▇ [0ms] - #52 Require(42) node_modules/egg-session/app.js
                            ▇ [0ms] - #53 Require(43) node_modules/egg-security/app.js
                            ▇ [3ms] - #54 Require(44) node_modules/egg-onerror/app.js
                            ▇ [5ms] - #55 Require(45) node_modules/egg-i18n/app.js
                            ▇ [3ms] - #56 Require(46) node_modules/egg-watcher/app.js
                            ▇ [0ms] - #57 Require(47) node_modules/egg-schedule/app.js
                            ▇ [0ms] - #58 Require(48) node_modules/egg-multipart/app.js
                            ▇ [0ms] - #59 Require(49) node_modules/egg-development/app.js
                            ▇ [0ms] - #60 Require(50) node_modules/egg-logrotator/app.js
                            ▇ [0ms] - #61 Require(51) node_modules/egg-static/app.js
                            ▇ [0ms] - #62 Require(52) node_modules/egg-sequelize/app.js
                            ▇ [0ms] - #63 Require(53) node_modules/egg-jwt/app.js
                             ▇ [1ms] - #64 Require(54) node_modules/egg-validate/app.js
                             ▇ [0ms] - #65 Require(55) node_modules/egg-cors/app.js
                             ▇ [0ms] - #66 Require(56) app.js
                             ▇▇▇▇▇▇▇▇▇▇▇▇▇▇▇▇▇▇ [349ms] - #67 Before Start in node_modules/egg-watcher/lib/init.js:15:14
                                         ▇ [12ms] - #68 Load "Symbol(model)" to Application
                                          ▇▇▇▇▇▇ [116ms] - #69 Before Start in node_modules/egg-sequelize/lib/loader.js:39:7
                                          ▇▇▇▇▇▇ [129ms] - #70 Before Start in app.js:8:7
                                          ▇ [8ms] - #71 Load Service
                                          ▇ [8ms] - #72 Load "service" to Context
                                           ▇▇ [40ms] - #73 Load Middleware
                                           ▇ [34ms] - #74 Load "middlewares" to Application
                                             ▇ [3ms] - #75 Load Controller
                                             ▇ [3ms] - #76 Load "controller" to Application
                                             ▇ [2ms] - #77 Load Router
                                             ▇ [0ms] - #78 Require(57) app/router.js
                                             ▇ [15ms] - #79 Before Start in node_modules/egg-core/lib/egg.js:328:10
2026-05-26 21:15:51,014 INFO 43409 [egg:core] dump config after ready, 4ms
2026-05-26 21:16:36,693 INFO 43489 [egg:logger] init all loggers with options: {"dir":"/home/gandiantx/lab-manager/server/logs/lab-manager-server","encoding":"utf8","env":"local","level":"INFO","consoleLevel":"INFO","disableConsoleAfterReady":false,"outputJSON":false,"buffer":true,"appLogName":"lab-manager-server-web.log","coreLogName":"egg-web.log","agentLogName":"egg-agent.log","errorLogName":"common-error.log","coreLogger":{"consoleLevel":"WARN"},"allowDebugAtProd":false,"enablePerformanceTimer":false,"enableFastContextLogger":false,"type":"application","localStorage":{}}
2026-05-26 21:16:36,693 INFO 43489 [egg-multipart] stream mode enable
2026-05-26 21:16:36,976 INFO 43489 [egg-static] starting static serve /public/ -> /home/gandiantx/lab-manager/server/app/public
2026-05-26 21:16:36,978 INFO 43489 [egg-security] use methodnoallow middleware
2026-05-26 21:16:36,978 INFO 43489 [egg-security] use noopen middleware
2026-05-26 21:16:36,978 INFO 43489 [egg-security] use nosniff middleware
2026-05-26 21:16:36,979 INFO 43489 [egg-security] use xssProtection middleware
2026-05-26 21:16:36,979 INFO 43489 [egg-security] use xframe middleware
2026-05-26 21:16:36,979 INFO 43489 [egg-security] use dta middleware
2026-05-26 21:16:36,979 INFO 43489 [egg-security] compose 6 middlewares into one security middleware
2026-05-26 21:16:36,991 INFO 43489 [egg:core] dump config after load, 6ms
2026-05-26 21:16:37,027 INFO 43489 [egg-watcher:application] watcher start success
2026-05-26 21:16:37,065 INFO 43489 egg start timeline:
▇▇▇▇▇▇▇▇▇▇▇▇▇▇▇▇▇▇▇▇▇▇ [419ms] - #0 Process Start
                      ▇▇▇▇▇▇▇▇▇▇▇▇▇▇▇▇▇▇▇▇▇▇▇▇▇▇ [496ms] - #1 Application Start
                       ▇ [6ms] - #2 Load Plugin
                       ▇ [10ms] - #3 Load Config
                       ▇ [0ms] - #4 Require(0) config/config.default.js
                       ▇ [0ms] - #5 Require(1) node_modules/egg-session/config/config.default.js
                       ▇ [0ms] - #6 Require(2) node_modules/egg-security/config/config.default.js
                       ▇ [0ms] - #7 Require(3) node_modules/egg-jsonp/config/config.default.js
                       ▇ [0ms] - #8 Require(4) node_modules/egg-onerror/config/config.default.js
                       ▇ [0ms] - #9 Require(5) node_modules/egg-i18n/config/config.default.js
                       ▇ [0ms] - #10 Require(6) node_modules/egg-watcher/config/config.default.js
                       ▇ [0ms] - #11 Require(7) node_modules/egg-schedule/config/config.default.js
                       ▇ [0ms] - #12 Require(8) node_modules/egg-multipart/config/config.default.js
                       ▇ [0ms] - #13 Require(9) node_modules/egg-development/config/config.default.js
                       ▇ [0ms] - #14 Require(10) node_modules/egg-logrotator/config/config.default.js
                       ▇ [0ms] - #15 Require(11) node_modules/egg-static/config/config.default.js
                       ▇ [0ms] - #16 Require(12) node_modules/egg-view/config/config.default.js
                       ▇ [0ms] - #17 Require(13) node_modules/egg-sequelize/config/config.default.js
                       ▇ [0ms] - #18 Require(14) node_modules/egg-jwt/config/config.default.js
                       ▇ [1ms] - #19 Require(15) node_modules/egg-validate/config/config.default.js
                       ▇ [0ms] - #20 Require(16) node_modules/egg-cors/config/config.default.js
                       ▇ [0ms] - #21 Require(17) node_modules/egg/config/config.default.js
                       ▇ [0ms] - #22 Require(18) config/config.default.js
                       ▇ [0ms] - #23 Require(19) node_modules/egg-security/config/config.local.js
                       ▇ [0ms] - #24 Require(20) node_modules/egg-watcher/config/config.local.js
                       ▇ [0ms] - #25 Require(21) node_modules/egg-view/config/config.local.js
                       ▇ [0ms] - #26 Require(22) node_modules/egg/config/config.local.js
                       ▇▇▇ [62ms] - #27 Load extend/application.js
                       ▇ [0ms] - #28 Require(23) node_modules/egg-session/app/extend/application.js
                       ▇ [1ms] - #29 Require(24) node_modules/egg-security/app/extend/application.js
                        ▇ [1ms] - #30 Require(25) node_modules/egg-jsonp/app/extend/application.js
                        ▇ [2ms] - #31 Require(26) node_modules/egg-schedule/app/extend/application.js
                        ▇ [1ms] - #32 Require(27) node_modules/egg-logrotator/app/extend/application.js
                        ▇ [0ms] - #33 Require(28) node_modules/egg-view/app/extend/application.js
                        ▇▇▇ [56ms] - #34 Require(29) node_modules/egg-jwt/app/extend/application.js
                           ▇ [2ms] - #35 Load extend/request.js
                           ▇ [0ms] - #36 Require(30) node_modules/egg/app/extend/request.js
                           ▇ [2ms] - #37 Load extend/response.js
                           ▇ [0ms] - #38 Require(31) node_modules/egg/app/extend/response.js
                           ▇ [17ms] - #39 Load extend/context.js
                           ▇ [5ms] - #40 Require(32) node_modules/egg-security/app/extend/context.js
                           ▇ [0ms] - #41 Require(33) node_modules/egg-jsonp/app/extend/context.js
                           ▇ [0ms] - #42 Require(34) node_modules/egg-i18n/app/extend/context.js
                           ▇ [9ms] - #43 Require(35) node_modules/egg-multipart/app/extend/context.js
                            ▇ [1ms] - #44 Require(36) node_modules/egg-view/app/extend/context.js
                            ▇ [0ms] - #45 Require(37) node_modules/egg-validate/app/extend/context.js
                            ▇ [1ms] - #46 Require(38) node_modules/egg/app/extend/context.js
                            ▇ [0ms] - #47 Require(39) app/extend/context.js
                            ▇ [8ms] - #48 Load extend/helper.js
                            ▇ [7ms] - #49 Require(40) node_modules/egg-security/app/extend/helper.js
                            ▇ [1ms] - #50 Require(41) node_modules/egg/app/extend/helper.js
                            ▇ [13ms] - #51 Load app.js
                            ▇ [0ms] - #52 Require(42) node_modules/egg-session/app.js
                            ▇ [1ms] - #53 Require(43) node_modules/egg-security/app.js
                             ▇ [3ms] - #54 Require(44) node_modules/egg-onerror/app.js
                             ▇ [3ms] - #55 Require(45) node_modules/egg-i18n/app.js
                             ▇ [3ms] - #56 Require(46) node_modules/egg-watcher/app.js
                             ▇ [0ms] - #57 Require(47) node_modules/egg-schedule/app.js
                             ▇ [0ms] - #58 Require(48) node_modules/egg-multipart/app.js
                             ▇ [0ms] - #59 Require(49) node_modules/egg-development/app.js
                             ▇ [0ms] - #60 Require(50) node_modules/egg-logrotator/app.js
                             ▇ [0ms] - #61 Require(51) node_modules/egg-static/app.js
                             ▇ [0ms] - #62 Require(52) node_modules/egg-sequelize/app.js
                             ▇ [0ms] - #63 Require(53) node_modules/egg-jwt/app.js
                             ▇ [1ms] - #64 Require(54) node_modules/egg-validate/app.js
                             ▇ [0ms] - #65 Require(55) node_modules/egg-cors/app.js
                             ▇ [0ms] - #66 Require(56) app.js
                              ▇▇▇▇▇▇▇▇▇▇▇▇▇▇▇▇▇ [329ms] - #67 Before Start in node_modules/egg-watcher/lib/init.js:15:14
                                          ▇ [12ms] - #68 Load "Symbol(model)" to Application
                                          ▇▇▇▇▇▇ [112ms] - #69 Before Start in node_modules/egg-sequelize/lib/loader.js:39:7
                                          ▇▇▇▇▇▇ [124ms] - #70 Before Start in app.js:8:7
                                          ▇ [7ms] - #71 Load Service
                                          ▇ [7ms] - #72 Load "service" to Context
                                           ▇▇ [38ms] - #73 Load Middleware
                                           ▇ [33ms] - #74 Load "middlewares" to Application
                                             ▇ [3ms] - #75 Load Controller
                                             ▇ [3ms] - #76 Load "controller" to Application
                                             ▇ [2ms] - #77 Load Router
                                             ▇ [0ms] - #78 Require(57) app/router.js
                                             ▇ [15ms] - #79 Before Start in node_modules/egg-core/lib/egg.js:328:10
2026-05-26 21:16:37,065 INFO 43489 [egg:core] dump config after ready, 4ms
2026-05-26 21:16:51,328 INFO 43596 [egg:logger] init all loggers with options: {"dir":"/home/gandiantx/lab-manager/server/logs/lab-manager-server","encoding":"utf8","env":"local","level":"INFO","consoleLevel":"INFO","disableConsoleAfterReady":false,"outputJSON":false,"buffer":true,"appLogName":"lab-manager-server-web.log","coreLogName":"egg-web.log","agentLogName":"egg-agent.log","errorLogName":"common-error.log","coreLogger":{"consoleLevel":"WARN"},"allowDebugAtProd":false,"enablePerformanceTimer":false,"enableFastContextLogger":false,"type":"application","localStorage":{}}
2026-05-26 21:16:51,329 INFO 43596 [egg-multipart] stream mode enable
2026-05-26 21:16:51,619 INFO 43596 [egg-static] starting static serve /public/ -> /home/gandiantx/lab-manager/server/app/public
2026-05-26 21:16:51,621 INFO 43596 [egg-security] use methodnoallow middleware
2026-05-26 21:16:51,621 INFO 43596 [egg-security] use noopen middleware
2026-05-26 21:16:51,621 INFO 43596 [egg-security] use nosniff middleware
2026-05-26 21:16:51,622 INFO 43596 [egg-security] use xssProtection middleware
2026-05-26 21:16:51,622 INFO 43596 [egg-security] use xframe middleware
2026-05-26 21:16:51,622 INFO 43596 [egg-security] use dta middleware
2026-05-26 21:16:51,622 INFO 43596 [egg-security] compose 6 middlewares into one security middleware
2026-05-26 21:16:51,634 INFO 43596 [egg:core] dump config after load, 6ms
2026-05-26 21:16:51,685 INFO 43596 [egg-watcher:application] watcher start success
2026-05-26 21:16:51,715 INFO 43596 egg start timeline:
▇▇▇▇▇▇▇▇▇▇▇▇▇▇▇▇▇▇▇▇▇ [411ms] - #0 Process Start
                     ▇▇▇▇▇▇▇▇▇▇▇▇▇▇▇▇▇▇▇▇▇▇▇▇▇▇▇ [522ms] - #1 Application Start
                      ▇ [7ms] - #2 Load Plugin
                      ▇ [12ms] - #3 Load Config
                      ▇ [1ms] - #4 Require(0) config/config.default.js
                      ▇ [0ms] - #5 Require(1) node_modules/egg-session/config/config.default.js
                      ▇ [1ms] - #6 Require(2) node_modules/egg-security/config/config.default.js
                      ▇ [1ms] - #7 Require(3) node_modules/egg-jsonp/config/config.default.js
                      ▇ [0ms] - #8 Require(4) node_modules/egg-onerror/config/config.default.js
                      ▇ [0ms] - #9 Require(5) node_modules/egg-i18n/config/config.default.js
                      ▇ [1ms] - #10 Require(6) node_modules/egg-watcher/config/config.default.js
                      ▇ [0ms] - #11 Require(7) node_modules/egg-schedule/config/config.default.js
                      ▇ [0ms] - #12 Require(8) node_modules/egg-multipart/config/config.default.js
                      ▇ [0ms] - #13 Require(9) node_modules/egg-development/config/config.default.js
                      ▇ [0ms] - #14 Require(10) node_modules/egg-logrotator/config/config.default.js
                      ▇ [0ms] - #15 Require(11) node_modules/egg-static/config/config.default.js
                       ▇ [0ms] - #16 Require(12) node_modules/egg-view/config/config.default.js
                       ▇ [0ms] - #17 Require(13) node_modules/egg-sequelize/config/config.default.js
                       ▇ [0ms] - #18 Require(14) node_modules/egg-jwt/config/config.default.js
                       ▇ [0ms] - #19 Require(15) node_modules/egg-validate/config/config.default.js
                       ▇ [0ms] - #20 Require(16) node_modules/egg-cors/config/config.default.js
                       ▇ [0ms] - #21 Require(17) node_modules/egg/config/config.default.js
                       ▇ [0ms] - #22 Require(18) config/config.default.js
                       ▇ [0ms] - #23 Require(19) node_modules/egg-security/config/config.local.js
                       ▇ [0ms] - #24 Require(20) node_modules/egg-watcher/config/config.local.js
                       ▇ [0ms] - #25 Require(21) node_modules/egg-view/config/config.local.js
                       ▇ [0ms] - #26 Require(22) node_modules/egg/config/config.local.js
                       ▇▇▇ [66ms] - #27 Load extend/application.js
                       ▇ [0ms] - #28 Require(23) node_modules/egg-session/app/extend/application.js
                       ▇ [1ms] - #29 Require(24) node_modules/egg-security/app/extend/application.js
                       ▇ [1ms] - #30 Require(25) node_modules/egg-jsonp/app/extend/application.js
                       ▇ [1ms] - #31 Require(26) node_modules/egg-schedule/app/extend/application.js
                       ▇ [1ms] - #32 Require(27) node_modules/egg-logrotator/app/extend/application.js
                       ▇ [0ms] - #33 Require(28) node_modules/egg-view/app/extend/application.js
                       ▇▇▇ [59ms] - #34 Require(29) node_modules/egg-jwt/app/extend/application.js
                          ▇ [3ms] - #35 Load extend/request.js
                          ▇ [1ms] - #36 Require(30) node_modules/egg/app/extend/request.js
                          ▇ [2ms] - #37 Load extend/response.js
                          ▇ [1ms] - #38 Require(31) node_modules/egg/app/extend/response.js
                           ▇ [16ms] - #39 Load extend/context.js
                           ▇ [4ms] - #40 Require(32) node_modules/egg-security/app/extend/context.js
                           ▇ [1ms] - #41 Require(33) node_modules/egg-jsonp/app/extend/context.js
                           ▇ [0ms] - #42 Require(34) node_modules/egg-i18n/app/extend/context.js
                           ▇ [8ms] - #43 Require(35) node_modules/egg-multipart/app/extend/context.js
                           ▇ [1ms] - #44 Require(36) node_modules/egg-view/app/extend/context.js
                           ▇ [0ms] - #45 Require(37) node_modules/egg-validate/app/extend/context.js
                           ▇ [1ms] - #46 Require(38) node_modules/egg/app/extend/context.js
                           ▇ [0ms] - #47 Require(39) app/extend/context.js
                           ▇ [10ms] - #48 Load extend/helper.js
                           ▇ [8ms] - #49 Require(40) node_modules/egg-security/app/extend/helper.js
                            ▇ [0ms] - #50 Require(41) node_modules/egg/app/extend/helper.js
                            ▇ [15ms] - #51 Load app.js
                            ▇ [0ms] - #52 Require(42) node_modules/egg-session/app.js
                            ▇ [1ms] - #53 Require(43) node_modules/egg-security/app.js
                            ▇ [3ms] - #54 Require(44) node_modules/egg-onerror/app.js
                            ▇ [4ms] - #55 Require(45) node_modules/egg-i18n/app.js
                            ▇ [3ms] - #56 Require(46) node_modules/egg-watcher/app.js
                             ▇ [1ms] - #57 Require(47) node_modules/egg-schedule/app.js
                             ▇ [0ms] - #58 Require(48) node_modules/egg-multipart/app.js
                             ▇ [0ms] - #59 Require(49) node_modules/egg-development/app.js
                             ▇ [0ms] - #60 Require(50) node_modules/egg-logrotator/app.js
                             ▇ [0ms] - #61 Require(51) node_modules/egg-static/app.js
                             ▇ [0ms] - #62 Require(52) node_modules/egg-sequelize/app.js
                             ▇ [0ms] - #63 Require(53) node_modules/egg-jwt/app.js
                             ▇ [1ms] - #64 Require(54) node_modules/egg-validate/app.js
                             ▇ [0ms] - #65 Require(55) node_modules/egg-cors/app.js
                             ▇ [0ms] - #66 Require(56) app.js
                             ▇▇▇▇▇▇▇▇▇▇▇▇▇▇▇▇▇▇ [351ms] - #67 Before Start in node_modules/egg-watcher/lib/init.js:15:14
                                         ▇ [12ms] - #68 Load "Symbol(model)" to Application
                                          ▇▇▇▇▇▇ [117ms] - #69 Before Start in node_modules/egg-sequelize/lib/loader.js:39:7
                                          ▇▇▇▇▇▇ [130ms] - #70 Before Start in app.js:8:7
                                          ▇ [7ms] - #71 Load Service
                                          ▇ [7ms] - #72 Load "service" to Context
                                           ▇▇ [38ms] - #73 Load Middleware
                                           ▇ [32ms] - #74 Load "middlewares" to Application
                                             ▇ [2ms] - #75 Load Controller
                                             ▇ [2ms] - #76 Load "controller" to Application
                                             ▇ [2ms] - #77 Load Router
                                             ▇ [0ms] - #78 Require(57) app/router.js
                                             ▇ [14ms] - #79 Before Start in node_modules/egg-core/lib/egg.js:328:10
2026-05-26 21:16:51,715 INFO 43596 [egg:core] dump config after ready, 5ms
2026-05-27 16:04:30,101 INFO 5513 [egg:logger] init all loggers with options: {"dir":"/home/gandiantx/lab-manager/server/logs/lab-manager-server","encoding":"utf8","env":"local","level":"INFO","consoleLevel":"INFO","disableConsoleAfterReady":false,"outputJSON":false,"buffer":true,"appLogName":"lab-manager-server-web.log","coreLogName":"egg-web.log","agentLogName":"egg-agent.log","errorLogName":"common-error.log","coreLogger":{"consoleLevel":"WARN"},"allowDebugAtProd":false,"enablePerformanceTimer":false,"enableFastContextLogger":false,"type":"application","localStorage":{}}
2026-05-27 16:04:30,101 INFO 5513 [egg-multipart] stream mode enable
2026-05-27 16:04:30,409 INFO 5513 [egg-static] starting static serve /public/ -> /home/gandiantx/lab-manager/server/app/public
2026-05-27 16:04:30,411 INFO 5513 [egg-security] use methodnoallow middleware
2026-05-27 16:04:30,412 INFO 5513 [egg-security] use noopen middleware
2026-05-27 16:04:30,412 INFO 5513 [egg-security] use nosniff middleware
2026-05-27 16:04:30,412 INFO 5513 [egg-security] use xssProtection middleware
2026-05-27 16:04:30,413 INFO 5513 [egg-security] use xframe middleware
2026-05-27 16:04:30,413 INFO 5513 [egg-security] use dta middleware
2026-05-27 16:04:30,413 INFO 5513 [egg-security] compose 6 middlewares into one security middleware
2026-05-27 16:04:30,425 INFO 5513 [egg:core] dump config after load, 6ms
2026-05-27 16:04:30,454 INFO 5513 [egg-watcher:application] watcher start success
2026-05-27 16:04:31,087 INFO 5513 egg start timeline:
▇▇▇▇▇▇▇▇▇▇▇▇ [405ms] - #0 Process Start
            ▇▇▇▇▇▇▇▇▇▇▇▇▇▇▇▇▇▇▇▇▇▇▇▇▇▇▇▇▇▇▇▇▇▇▇▇ [1154ms] - #1 Application Start
             ▇ [5ms] - #2 Load Plugin
             ▇ [9ms] - #3 Load Config
             ▇ [0ms] - #4 Require(0) config/config.default.js
             ▇ [0ms] - #5 Require(1) node_modules/egg-session/config/config.default.js
             ▇ [1ms] - #6 Require(2) node_modules/egg-security/config/config.default.js
             ▇ [0ms] - #7 Require(3) node_modules/egg-jsonp/config/config.default.js
             ▇ [1ms] - #8 Require(4) node_modules/egg-onerror/config/config.default.js
             ▇ [0ms] - #9 Require(5) node_modules/egg-i18n/config/config.default.js
             ▇ [0ms] - #10 Require(6) node_modules/egg-watcher/config/config.default.js
             ▇ [0ms] - #11 Require(7) node_modules/egg-schedule/config/config.default.js
             ▇ [0ms] - #12 Require(8) node_modules/egg-multipart/config/config.default.js
             ▇ [0ms] - #13 Require(9) node_modules/egg-development/config/config.default.js
             ▇ [1ms] - #14 Require(10) node_modules/egg-logrotator/config/config.default.js
             ▇ [0ms] - #15 Require(11) node_modules/egg-static/config/config.default.js
             ▇ [0ms] - #16 Require(12) node_modules/egg-view/config/config.default.js
             ▇ [1ms] - #17 Require(13) node_modules/egg-sequelize/config/config.default.js
             ▇ [0ms] - #18 Require(14) node_modules/egg-jwt/config/config.default.js
             ▇ [0ms] - #19 Require(15) node_modules/egg-validate/config/config.default.js
             ▇ [0ms] - #20 Require(16) node_modules/egg-cors/config/config.default.js
             ▇ [1ms] - #21 Require(17) node_modules/egg/config/config.default.js
             ▇ [0ms] - #22 Require(18) config/config.default.js
             ▇ [0ms] - #23 Require(19) node_modules/egg-security/config/config.local.js
             ▇ [1ms] - #24 Require(20) node_modules/egg-watcher/config/config.local.js
             ▇ [0ms] - #25 Require(21) node_modules/egg-view/config/config.local.js
             ▇ [0ms] - #26 Require(22) node_modules/egg/config/config.local.js
             ▇▇ [88ms] - #27 Load extend/application.js
             ▇ [1ms] - #28 Require(23) node_modules/egg-session/app/extend/application.js
             ▇ [1ms] - #29 Require(24) node_modules/egg-security/app/extend/application.js
             ▇ [1ms] - #30 Require(25) node_modules/egg-jsonp/app/extend/application.js
             ▇ [2ms] - #31 Require(26) node_modules/egg-schedule/app/extend/application.js
             ▇ [1ms] - #32 Require(27) node_modules/egg-logrotator/app/extend/application.js
             ▇ [1ms] - #33 Require(28) node_modules/egg-view/app/extend/application.js
             ▇▇ [79ms] - #34 Require(29) node_modules/egg-jwt/app/extend/application.js
                ▇ [2ms] - #35 Load extend/request.js
                ▇ [0ms] - #36 Require(30) node_modules/egg/app/extend/request.js
                ▇ [3ms] - #37 Load extend/response.js
                ▇ [2ms] - #38 Require(31) node_modules/egg/app/extend/response.js
                ▇ [15ms] - #39 Load extend/context.js
                ▇ [4ms] - #40 Require(32) node_modules/egg-security/app/extend/context.js
                ▇ [1ms] - #41 Require(33) node_modules/egg-jsonp/app/extend/context.js
                ▇ [0ms] - #42 Require(34) node_modules/egg-i18n/app/extend/context.js
                ▇ [7ms] - #43 Require(35) node_modules/egg-multipart/app/extend/context.js
                 ▇ [1ms] - #44 Require(36) node_modules/egg-view/app/extend/context.js
                 ▇ [0ms] - #45 Require(37) node_modules/egg-validate/app/extend/context.js
                 ▇ [1ms] - #46 Require(38) node_modules/egg/app/extend/context.js
                 ▇ [0ms] - #47 Require(39) app/extend/context.js
                 ▇ [16ms] - #48 Load extend/helper.js
                 ▇ [14ms] - #49 Require(40) node_modules/egg-security/app/extend/helper.js
                 ▇ [1ms] - #50 Require(41) node_modules/egg/app/extend/helper.js
                 ▇ [24ms] - #51 Load app.js
                 ▇ [0ms] - #52 Require(42) node_modules/egg-session/app.js
                 ▇ [1ms] - #53 Require(43) node_modules/egg-security/app.js
                 ▇ [7ms] - #54 Require(44) node_modules/egg-onerror/app.js
                 ▇ [7ms] - #55 Require(45) node_modules/egg-i18n/app.js
                  ▇ [2ms] - #56 Require(46) node_modules/egg-watcher/app.js
                  ▇ [1ms] - #57 Require(47) node_modules/egg-schedule/app.js
                  ▇ [1ms] - #58 Require(48) node_modules/egg-multipart/app.js
                  ▇ [0ms] - #59 Require(49) node_modules/egg-development/app.js
                  ▇ [1ms] - #60 Require(50) node_modules/egg-logrotator/app.js
                  ▇ [0ms] - #61 Require(51) node_modules/egg-static/app.js
                  ▇ [1ms] - #62 Require(52) node_modules/egg-sequelize/app.js
                  ▇ [0ms] - #63 Require(53) node_modules/egg-jwt/app.js
                  ▇ [2ms] - #64 Require(54) node_modules/egg-validate/app.js
                  ▇ [1ms] - #65 Require(55) node_modules/egg-cors/app.js
                  ▇ [0ms] - #66 Require(56) app.js
                  ▇▇▇▇▇▇▇▇▇▇▇ [347ms] - #67 Before Start in node_modules/egg-watcher/lib/init.js:15:14
                         ▇ [13ms] - #68 Load "Symbol(model)" to Application
                          ▇▇▇ [124ms] - #69 Before Start in node_modules/egg-sequelize/lib/loader.js:39:7
                          ▇▇▇▇▇▇▇▇▇▇▇▇▇▇▇▇▇▇▇▇▇▇▇ [734ms] - #70 Before Start in app.js:8:7
                          ▇ [7ms] - #71 Load Service
                          ▇ [7ms] - #72 Load "service" to Context
                          ▇ [60ms] - #73 Load Middleware
                          ▇ [54ms] - #74 Load "middlewares" to Application
                            ▇ [2ms] - #75 Load Controller
                            ▇ [2ms] - #76 Load "controller" to Application
                            ▇ [2ms] - #77 Load Router
                            ▇ [0ms] - #78 Require(57) app/router.js
                            ▇ [14ms] - #79 Before Start in node_modules/egg-core/lib/egg.js:328:10
2026-05-27 16:04:31,087 INFO 5513 [egg:core] dump config after ready, 5ms
2026-05-27 16:11:49,757 INFO 6744 [egg:logger] init all loggers with options: {"dir":"/home/gandiantx/lab-manager/server/logs/lab-manager-server","encoding":"utf8","env":"local","level":"INFO","consoleLevel":"INFO","disableConsoleAfterReady":false,"outputJSON":false,"buffer":true,"appLogName":"lab-manager-server-web.log","coreLogName":"egg-web.log","agentLogName":"egg-agent.log","errorLogName":"common-error.log","coreLogger":{"consoleLevel":"WARN"},"allowDebugAtProd":false,"enablePerformanceTimer":false,"enableFastContextLogger":false,"type":"application","localStorage":{}}
2026-05-27 16:11:49,757 INFO 6744 [egg-multipart] stream mode enable
2026-05-27 16:11:50,038 INFO 6744 [egg-static] starting static serve /public/ -> /home/gandiantx/lab-manager/server/app/public
2026-05-27 16:11:50,040 INFO 6744 [egg-security] use methodnoallow middleware
2026-05-27 16:11:50,040 INFO 6744 [egg-security] use noopen middleware
2026-05-27 16:11:50,040 INFO 6744 [egg-security] use nosniff middleware
2026-05-27 16:11:50,041 INFO 6744 [egg-security] use xssProtection middleware
2026-05-27 16:11:50,041 INFO 6744 [egg-security] use xframe middleware
2026-05-27 16:11:50,041 INFO 6744 [egg-security] use dta middleware
2026-05-27 16:11:50,041 INFO 6744 [egg-security] compose 6 middlewares into one security middleware
2026-05-27 16:11:50,050 INFO 6744 [egg:core] dump config after load, 5ms
2026-05-27 16:11:50,081 INFO 6744 [egg-watcher:application] watcher start success
2026-05-27 16:11:50,262 INFO 6744 egg start timeline:
▇▇▇▇▇▇▇▇▇▇▇▇▇▇▇▇▇▇▇ [420ms] - #0 Process Start
                   ▇▇▇▇▇▇▇▇▇▇▇▇▇▇▇▇▇▇▇▇▇▇▇▇▇▇▇▇▇ [623ms] - #1 Application Start
                    ▇ [6ms] - #2 Load Plugin
                    ▇ [11ms] - #3 Load Config
                    ▇ [0ms] - #4 Require(0) config/config.default.js
                    ▇ [0ms] - #5 Require(1) node_modules/egg-session/config/config.default.js
                    ▇ [0ms] - #6 Require(2) node_modules/egg-security/config/config.default.js
                    ▇ [0ms] - #7 Require(3) node_modules/egg-jsonp/config/config.default.js
                    ▇ [0ms] - #8 Require(4) node_modules/egg-onerror/config/config.default.js
                    ▇ [0ms] - #9 Require(5) node_modules/egg-i18n/config/config.default.js
                    ▇ [0ms] - #10 Require(6) node_modules/egg-watcher/config/config.default.js
                    ▇ [0ms] - #11 Require(7) node_modules/egg-schedule/config/config.default.js
                    ▇ [0ms] - #12 Require(8) node_modules/egg-multipart/config/config.default.js
                    ▇ [0ms] - #13 Require(9) node_modules/egg-development/config/config.default.js
                    ▇ [0ms] - #14 Require(10) node_modules/egg-logrotator/config/config.default.js
                    ▇ [1ms] - #15 Require(11) node_modules/egg-static/config/config.default.js
                    ▇ [0ms] - #16 Require(12) node_modules/egg-view/config/config.default.js
                    ▇ [0ms] - #17 Require(13) node_modules/egg-sequelize/config/config.default.js
                    ▇ [0ms] - #18 Require(14) node_modules/egg-jwt/config/config.default.js
                    ▇ [0ms] - #19 Require(15) node_modules/egg-validate/config/config.default.js
                    ▇ [0ms] - #20 Require(16) node_modules/egg-cors/config/config.default.js
                    ▇ [1ms] - #21 Require(17) node_modules/egg/config/config.default.js
                    ▇ [0ms] - #22 Require(18) config/config.default.js
                    ▇ [0ms] - #23 Require(19) node_modules/egg-security/config/config.local.js
                    ▇ [1ms] - #24 Require(20) node_modules/egg-watcher/config/config.local.js
                    ▇ [0ms] - #25 Require(21) node_modules/egg-view/config/config.local.js
                    ▇ [0ms] - #26 Require(22) node_modules/egg/config/config.local.js
                    ▇▇ [61ms] - #27 Load extend/application.js
                     ▇ [0ms] - #28 Require(23) node_modules/egg-session/app/extend/application.js
                     ▇ [0ms] - #29 Require(24) node_modules/egg-security/app/extend/application.js
                     ▇ [2ms] - #30 Require(25) node_modules/egg-jsonp/app/extend/application.js
                     ▇ [1ms] - #31 Require(26) node_modules/egg-schedule/app/extend/application.js
                     ▇ [1ms] - #32 Require(27) node_modules/egg-logrotator/app/extend/application.js
                     ▇ [1ms] - #33 Require(28) node_modules/egg-view/app/extend/application.js
                     ▇▇ [54ms] - #34 Require(29) node_modules/egg-jwt/app/extend/application.js
                       ▇ [3ms] - #35 Load extend/request.js
                       ▇ [1ms] - #36 Require(30) node_modules/egg/app/extend/request.js
                        ▇ [2ms] - #37 Load extend/response.js
                        ▇ [0ms] - #38 Require(31) node_modules/egg/app/extend/response.js
                        ▇ [18ms] - #39 Load extend/context.js
                        ▇ [5ms] - #40 Require(32) node_modules/egg-security/app/extend/context.js
                        ▇ [0ms] - #41 Require(33) node_modules/egg-jsonp/app/extend/context.js
                        ▇ [1ms] - #42 Require(34) node_modules/egg-i18n/app/extend/context.js
                        ▇ [9ms] - #43 Require(35) node_modules/egg-multipart/app/extend/context.js
                        ▇ [0ms] - #44 Require(36) node_modules/egg-view/app/extend/context.js
                        ▇ [1ms] - #45 Require(37) node_modules/egg-validate/app/extend/context.js
                        ▇ [0ms] - #46 Require(38) node_modules/egg/app/extend/context.js
                        ▇ [0ms] - #47 Require(39) app/extend/context.js
                        ▇ [9ms] - #48 Load extend/helper.js
                        ▇ [7ms] - #49 Require(40) node_modules/egg-security/app/extend/helper.js
                         ▇ [0ms] - #50 Require(41) node_modules/egg/app/extend/helper.js
                         ▇ [14ms] - #51 Load app.js
                         ▇ [0ms] - #52 Require(42) node_modules/egg-session/app.js
                         ▇ [1ms] - #53 Require(43) node_modules/egg-security/app.js
                         ▇ [3ms] - #54 Require(44) node_modules/egg-onerror/app.js
                         ▇ [4ms] - #55 Require(45) node_modules/egg-i18n/app.js
                         ▇ [2ms] - #56 Require(46) node_modules/egg-watcher/app.js
                         ▇ [0ms] - #57 Require(47) node_modules/egg-schedule/app.js
                         ▇ [1ms] - #58 Require(48) node_modules/egg-multipart/app.js
                         ▇ [0ms] - #59 Require(49) node_modules/egg-development/app.js
                         ▇ [0ms] - #60 Require(50) node_modules/egg-logrotator/app.js
                         ▇ [1ms] - #61 Require(51) node_modules/egg-static/app.js
                         ▇ [0ms] - #62 Require(52) node_modules/egg-sequelize/app.js
                         ▇ [0ms] - #63 Require(53) node_modules/egg-jwt/app.js
                         ▇ [1ms] - #64 Require(54) node_modules/egg-validate/app.js
                          ▇ [0ms] - #65 Require(55) node_modules/egg-cors/app.js
                          ▇ [0ms] - #66 Require(56) app.js
                          ▇▇▇▇▇▇▇▇▇▇▇▇▇▇▇ [318ms] - #67 Before Start in node_modules/egg-watcher/lib/init.js:15:14
                                     ▇ [7ms] - #68 Load "Symbol(model)" to Application
                                     ▇▇▇▇ [99ms] - #69 Before Start in node_modules/egg-sequelize/lib/loader.js:39:7
                                     ▇▇▇▇▇▇▇▇▇▇▇ [248ms] - #70 Before Start in app.js:4:7
                                     ▇ [6ms] - #71 Load Service
                                     ▇ [6ms] - #72 Load "service" to Context
                                     ▇ [38ms] - #73 Load Middleware
                                     ▇ [33ms] - #74 Load "middlewares" to Application
                                       ▇ [2ms] - #75 Load Controller
                                       ▇ [1ms] - #76 Load "controller" to Application
                                       ▇ [1ms] - #77 Load Router
                                       ▇ [0ms] - #78 Require(57) app/router.js
                                       ▇ [13ms] - #79 Before Start in node_modules/egg-core/lib/egg.js:328:10
2026-05-27 16:11:50,263 INFO 6744 [egg:core] dump config after ready, 10ms
2026-05-27 16:12:35,304 INFO 6846 [egg:logger] init all loggers with options: {"dir":"/home/gandiantx/lab-manager/server/logs/lab-manager-server","encoding":"utf8","env":"local","level":"INFO","consoleLevel":"INFO","disableConsoleAfterReady":false,"outputJSON":false,"buffer":true,"appLogName":"lab-manager-server-web.log","coreLogName":"egg-web.log","agentLogName":"egg-agent.log","errorLogName":"common-error.log","coreLogger":{"consoleLevel":"WARN"},"allowDebugAtProd":false,"enablePerformanceTimer":false,"enableFastContextLogger":false,"type":"application","localStorage":{}}
2026-05-27 16:12:35,304 INFO 6846 [egg-multipart] stream mode enable
2026-05-27 16:12:35,587 INFO 6846 [egg-static] starting static serve /public/ -> /home/gandiantx/lab-manager/server/app/public
2026-05-27 16:12:35,589 INFO 6846 [egg-security] use methodnoallow middleware
2026-05-27 16:12:35,589 INFO 6846 [egg-security] use noopen middleware
2026-05-27 16:12:35,590 INFO 6846 [egg-security] use nosniff middleware
2026-05-27 16:12:35,590 INFO 6846 [egg-security] use xssProtection middleware
2026-05-27 16:12:35,590 INFO 6846 [egg-security] use xframe middleware
2026-05-27 16:12:35,590 INFO 6846 [egg-security] use dta middleware
2026-05-27 16:12:35,590 INFO 6846 [egg-security] compose 6 middlewares into one security middleware
2026-05-27 16:12:35,599 INFO 6846 [egg:core] dump config after load, 5ms
2026-05-27 16:12:35,641 INFO 6846 [egg-watcher:application] watcher start success
2026-05-27 16:12:35,702 INFO 6846 egg start timeline:
▇▇▇▇▇▇▇▇▇▇▇▇▇▇▇▇▇▇▇▇▇ [415ms] - #0 Process Start
                     ▇▇▇▇▇▇▇▇▇▇▇▇▇▇▇▇▇▇▇▇▇▇▇▇▇▇▇ [536ms] - #1 Application Start
                      ▇ [7ms] - #2 Load Plugin
                      ▇ [11ms] - #3 Load Config
                      ▇ [0ms] - #4 Require(0) config/config.default.js
                      ▇ [0ms] - #5 Require(1) node_modules/egg-session/config/config.default.js
                      ▇ [0ms] - #6 Require(2) node_modules/egg-security/config/config.default.js
                      ▇ [1ms] - #7 Require(3) node_modules/egg-jsonp/config/config.default.js
                      ▇ [0ms] - #8 Require(4) node_modules/egg-onerror/config/config.default.js
                      ▇ [0ms] - #9 Require(5) node_modules/egg-i18n/config/config.default.js
                      ▇ [0ms] - #10 Require(6) node_modules/egg-watcher/config/config.default.js
                      ▇ [0ms] - #11 Require(7) node_modules/egg-schedule/config/config.default.js
                      ▇ [0ms] - #12 Require(8) node_modules/egg-multipart/config/config.default.js
                      ▇ [1ms] - #13 Require(9) node_modules/egg-development/config/config.default.js
                      ▇ [0ms] - #14 Require(10) node_modules/egg-logrotator/config/config.default.js
                      ▇ [0ms] - #15 Require(11) node_modules/egg-static/config/config.default.js
                      ▇ [1ms] - #16 Require(12) node_modules/egg-view/config/config.default.js
                      ▇ [0ms] - #17 Require(13) node_modules/egg-sequelize/config/config.default.js
                      ▇ [0ms] - #18 Require(14) node_modules/egg-jwt/config/config.default.js
                      ▇ [0ms] - #19 Require(15) node_modules/egg-validate/config/config.default.js
                      ▇ [0ms] - #20 Require(16) node_modules/egg-cors/config/config.default.js
                      ▇ [0ms] - #21 Require(17) node_modules/egg/config/config.default.js
                      ▇ [0ms] - #22 Require(18) config/config.default.js
                      ▇ [0ms] - #23 Require(19) node_modules/egg-security/config/config.local.js
                      ▇ [0ms] - #24 Require(20) node_modules/egg-watcher/config/config.local.js
                       ▇ [0ms] - #25 Require(21) node_modules/egg-view/config/config.local.js
                       ▇ [0ms] - #26 Require(22) node_modules/egg/config/config.local.js
                       ▇▇▇ [68ms] - #27 Load extend/application.js
                       ▇ [1ms] - #28 Require(23) node_modules/egg-session/app/extend/application.js
                       ▇ [0ms] - #29 Require(24) node_modules/egg-security/app/extend/application.js
                       ▇ [2ms] - #30 Require(25) node_modules/egg-jsonp/app/extend/application.js
                       ▇ [2ms] - #31 Require(26) node_modules/egg-schedule/app/extend/application.js
                       ▇ [0ms] - #32 Require(27) node_modules/egg-logrotator/app/extend/application.js
                       ▇ [1ms] - #33 Require(28) node_modules/egg-view/app/extend/application.js
                       ▇▇▇ [61ms] - #34 Require(29) node_modules/egg-jwt/app/extend/application.js
                          ▇ [3ms] - #35 Load extend/request.js
                          ▇ [1ms] - #36 Require(30) node_modules/egg/app/extend/request.js
                          ▇ [2ms] - #37 Load extend/response.js
                          ▇ [0ms] - #38 Require(31) node_modules/egg/app/extend/response.js
                          ▇ [16ms] - #39 Load extend/context.js
                          ▇ [5ms] - #40 Require(32) node_modules/egg-security/app/extend/context.js
                           ▇ [0ms] - #41 Require(33) node_modules/egg-jsonp/app/extend/context.js
                           ▇ [0ms] - #42 Require(34) node_modules/egg-i18n/app/extend/context.js
                           ▇ [7ms] - #43 Require(35) node_modules/egg-multipart/app/extend/context.js
                           ▇ [0ms] - #44 Require(36) node_modules/egg-view/app/extend/context.js
                           ▇ [0ms] - #45 Require(37) node_modules/egg-validate/app/extend/context.js
                           ▇ [0ms] - #46 Require(38) node_modules/egg/app/extend/context.js
                           ▇ [1ms] - #47 Require(39) app/extend/context.js
                           ▇ [9ms] - #48 Load extend/helper.js
                           ▇ [7ms] - #49 Require(40) node_modules/egg-security/app/extend/helper.js
                            ▇ [0ms] - #50 Require(41) node_modules/egg/app/extend/helper.js
                            ▇ [15ms] - #51 Load app.js
                            ▇ [0ms] - #52 Require(42) node_modules/egg-session/app.js
                            ▇ [0ms] - #53 Require(43) node_modules/egg-security/app.js
                            ▇ [3ms] - #54 Require(44) node_modules/egg-onerror/app.js
                            ▇ [4ms] - #55 Require(45) node_modules/egg-i18n/app.js
                            ▇ [3ms] - #56 Require(46) node_modules/egg-watcher/app.js
                            ▇ [0ms] - #57 Require(47) node_modules/egg-schedule/app.js
                            ▇ [1ms] - #58 Require(48) node_modules/egg-multipart/app.js
                            ▇ [0ms] - #59 Require(49) node_modules/egg-development/app.js
                            ▇ [0ms] - #60 Require(50) node_modules/egg-logrotator/app.js
                            ▇ [0ms] - #61 Require(51) node_modules/egg-static/app.js
                            ▇ [0ms] - #62 Require(52) node_modules/egg-sequelize/app.js
                            ▇ [0ms] - #63 Require(53) node_modules/egg-jwt/app.js
                            ▇ [1ms] - #64 Require(54) node_modules/egg-validate/app.js
                             ▇ [0ms] - #65 Require(55) node_modules/egg-cors/app.js
                             ▇ [0ms] - #66 Require(56) app.js
                             ▇▇▇▇▇▇▇▇▇▇▇▇▇▇▇▇▇ [332ms] - #67 Before Start in node_modules/egg-watcher/lib/init.js:15:14
                                         ▇ [7ms] - #68 Load "Symbol(model)" to Application
                                         ▇▇▇▇▇ [111ms] - #69 Before Start in node_modules/egg-sequelize/lib/loader.js:39:7
                                         ▇▇▇▇▇▇▇ [150ms] - #70 Before Start in app.js:4:7
                                         ▇ [6ms] - #71 Load Service
                                         ▇ [6ms] - #72 Load "service" to Context
                                          ▇▇ [39ms] - #73 Load Middleware
                                          ▇ [34ms] - #74 Load "middlewares" to Application
                                            ▇ [1ms] - #75 Load Controller
                                            ▇ [1ms] - #76 Load "controller" to Application
                                            ▇ [2ms] - #77 Load Router
                                            ▇ [0ms] - #78 Require(57) app/router.js
                                            ▇ [12ms] - #79 Before Start in node_modules/egg-core/lib/egg.js:328:10
2026-05-27 16:12:35,702 INFO 6846 [egg:core] dump config after ready, 5ms
2026-05-27 16:12:45,301 INFO 6871 [egg:logger] init all loggers with options: {"dir":"/home/gandiantx/lab-manager/server/logs/lab-manager-server","encoding":"utf8","env":"local","level":"INFO","consoleLevel":"INFO","disableConsoleAfterReady":false,"outputJSON":false,"buffer":true,"appLogName":"lab-manager-server-web.log","coreLogName":"egg-web.log","agentLogName":"egg-agent.log","errorLogName":"common-error.log","coreLogger":{"consoleLevel":"WARN"},"allowDebugAtProd":false,"enablePerformanceTimer":false,"enableFastContextLogger":false,"type":"application","localStorage":{}}
2026-05-27 16:12:45,301 INFO 6871 [egg-multipart] stream mode enable
2026-05-27 16:12:45,577 INFO 6871 [egg-static] starting static serve /public/ -> /home/gandiantx/lab-manager/server/app/public
2026-05-27 16:12:45,579 INFO 6871 [egg-security] use methodnoallow middleware
2026-05-27 16:12:45,579 INFO 6871 [egg-security] use noopen middleware
2026-05-27 16:12:45,579 INFO 6871 [egg-security] use nosniff middleware
2026-05-27 16:12:45,580 INFO 6871 [egg-security] use xssProtection middleware
2026-05-27 16:12:45,580 INFO 6871 [egg-security] use xframe middleware
2026-05-27 16:12:45,580 INFO 6871 [egg-security] use dta middleware
2026-05-27 16:12:45,580 INFO 6871 [egg-security] compose 6 middlewares into one security middleware
2026-05-27 16:12:45,589 INFO 6871 [egg:core] dump config after load, 5ms
2026-05-27 16:12:45,629 INFO 6871 [egg-watcher:application] watcher start success
2026-05-27 16:12:45,687 INFO 6871 egg start timeline:
▇▇▇▇▇▇▇▇▇▇▇▇▇▇▇▇▇▇▇▇▇ [404ms] - #0 Process Start
                     ▇▇▇▇▇▇▇▇▇▇▇▇▇▇▇▇▇▇▇▇▇▇▇▇▇▇▇ [514ms] - #1 Application Start
                      ▇ [6ms] - #2 Load Plugin
                      ▇ [10ms] - #3 Load Config
                      ▇ [1ms] - #4 Require(0) config/config.default.js
                      ▇ [0ms] - #5 Require(1) node_modules/egg-session/config/config.default.js
                      ▇ [0ms] - #6 Require(2) node_modules/egg-security/config/config.default.js
                      ▇ [0ms] - #7 Require(3) node_modules/egg-jsonp/config/config.default.js
                      ▇ [0ms] - #8 Require(4) node_modules/egg-onerror/config/config.default.js
                      ▇ [0ms] - #9 Require(5) node_modules/egg-i18n/config/config.default.js
                      ▇ [1ms] - #10 Require(6) node_modules/egg-watcher/config/config.default.js
                      ▇ [0ms] - #11 Require(7) node_modules/egg-schedule/config/config.default.js
                      ▇ [0ms] - #12 Require(8) node_modules/egg-multipart/config/config.default.js
                      ▇ [0ms] - #13 Require(9) node_modules/egg-development/config/config.default.js
                      ▇ [0ms] - #14 Require(10) node_modules/egg-logrotator/config/config.default.js
                      ▇ [0ms] - #15 Require(11) node_modules/egg-static/config/config.default.js
                      ▇ [1ms] - #16 Require(12) node_modules/egg-view/config/config.default.js
                      ▇ [0ms] - #17 Require(13) node_modules/egg-sequelize/config/config.default.js
                      ▇ [0ms] - #18 Require(14) node_modules/egg-jwt/config/config.default.js
                      ▇ [0ms] - #19 Require(15) node_modules/egg-validate/config/config.default.js
                      ▇ [0ms] - #20 Require(16) node_modules/egg-cors/config/config.default.js
                      ▇ [0ms] - #21 Require(17) node_modules/egg/config/config.default.js
                      ▇ [0ms] - #22 Require(18) config/config.default.js
                       ▇ [0ms] - #23 Require(19) node_modules/egg-security/config/config.local.js
                       ▇ [0ms] - #24 Require(20) node_modules/egg-watcher/config/config.local.js
                       ▇ [0ms] - #25 Require(21) node_modules/egg-view/config/config.local.js
                       ▇ [0ms] - #26 Require(22) node_modules/egg/config/config.local.js
                       ▇▇▇ [62ms] - #27 Load extend/application.js
                       ▇ [0ms] - #28 Require(23) node_modules/egg-session/app/extend/application.js
                       ▇ [1ms] - #29 Require(24) node_modules/egg-security/app/extend/application.js
                       ▇ [1ms] - #30 Require(25) node_modules/egg-jsonp/app/extend/application.js
                       ▇ [2ms] - #31 Require(26) node_modules/egg-schedule/app/extend/application.js
                       ▇ [1ms] - #32 Require(27) node_modules/egg-logrotator/app/extend/application.js
                       ▇ [0ms] - #33 Require(28) node_modules/egg-view/app/extend/application.js
                       ▇▇▇ [56ms] - #34 Require(29) node_modules/egg-jwt/app/extend/application.js
                          ▇ [2ms] - #35 Load extend/request.js
                          ▇ [0ms] - #36 Require(30) node_modules/egg/app/extend/request.js
                          ▇ [3ms] - #37 Load extend/response.js
                          ▇ [1ms] - #38 Require(31) node_modules/egg/app/extend/response.js
                          ▇ [17ms] - #39 Load extend/context.js
                          ▇ [4ms] - #40 Require(32) node_modules/egg-security/app/extend/context.js
                           ▇ [1ms] - #41 Require(33) node_modules/egg-jsonp/app/extend/context.js
                           ▇ [0ms] - #42 Require(34) node_modules/egg-i18n/app/extend/context.js
                           ▇ [9ms] - #43 Require(35) node_modules/egg-multipart/app/extend/context.js
                           ▇ [1ms] - #44 Require(36) node_modules/egg-view/app/extend/context.js
                           ▇ [0ms] - #45 Require(37) node_modules/egg-validate/app/extend/context.js
                           ▇ [1ms] - #46 Require(38) node_modules/egg/app/extend/context.js
                           ▇ [0ms] - #47 Require(39) app/extend/context.js
                           ▇ [9ms] - #48 Load extend/helper.js
                           ▇ [7ms] - #49 Require(40) node_modules/egg-security/app/extend/helper.js
                            ▇ [0ms] - #50 Require(41) node_modules/egg/app/extend/helper.js
                            ▇ [15ms] - #51 Load app.js
                            ▇ [0ms] - #52 Require(42) node_modules/egg-session/app.js
                            ▇ [1ms] - #53 Require(43) node_modules/egg-security/app.js
                            ▇ [3ms] - #54 Require(44) node_modules/egg-onerror/app.js
                            ▇ [4ms] - #55 Require(45) node_modules/egg-i18n/app.js
                            ▇ [2ms] - #56 Require(46) node_modules/egg-watcher/app.js
                            ▇ [1ms] - #57 Require(47) node_modules/egg-schedule/app.js
                            ▇ [0ms] - #58 Require(48) node_modules/egg-multipart/app.js
                            ▇ [1ms] - #59 Require(49) node_modules/egg-development/app.js
                            ▇ [0ms] - #60 Require(50) node_modules/egg-logrotator/app.js
                            ▇ [0ms] - #61 Require(51) node_modules/egg-static/app.js
                            ▇ [0ms] - #62 Require(52) node_modules/egg-sequelize/app.js
                            ▇ [1ms] - #63 Require(53) node_modules/egg-jwt/app.js
                            ▇ [1ms] - #64 Require(54) node_modules/egg-validate/app.js
                            ▇ [0ms] - #65 Require(55) node_modules/egg-cors/app.js
                            ▇ [0ms] - #66 Require(56) app.js
                             ▇▇▇▇▇▇▇▇▇▇▇▇▇▇▇▇▇ [323ms] - #67 Before Start in node_modules/egg-watcher/lib/init.js:15:14
                                         ▇ [7ms] - #68 Load "Symbol(model)" to Application
                                         ▇▇▇▇▇ [104ms] - #69 Before Start in node_modules/egg-sequelize/lib/loader.js:39:7
                                         ▇▇▇▇▇▇▇ [142ms] - #70 Before Start in app.js:4:7
                                         ▇ [5ms] - #71 Load Service
                                         ▇ [5ms] - #72 Load "service" to Context
                                          ▇▇ [38ms] - #73 Load Middleware
                                          ▇ [33ms] - #74 Load "middlewares" to Application
                                            ▇ [2ms] - #75 Load Controller
                                            ▇ [2ms] - #76 Load "controller" to Application
                                            ▇ [1ms] - #77 Load Router
                                            ▇ [0ms] - #78 Require(57) app/router.js
                                            ▇ [13ms] - #79 Before Start in node_modules/egg-core/lib/egg.js:328:10
2026-05-27 16:12:45,687 INFO 6871 [egg:core] dump config after ready, 4ms
2026-05-27 16:12:50,496 INFO 6889 [egg:logger] init all loggers with options: {"dir":"/home/gandiantx/lab-manager/server/logs/lab-manager-server","encoding":"utf8","env":"local","level":"INFO","consoleLevel":"INFO","disableConsoleAfterReady":false,"outputJSON":false,"buffer":true,"appLogName":"lab-manager-server-web.log","coreLogName":"egg-web.log","agentLogName":"egg-agent.log","errorLogName":"common-error.log","coreLogger":{"consoleLevel":"WARN"},"allowDebugAtProd":false,"enablePerformanceTimer":false,"enableFastContextLogger":false,"type":"application","localStorage":{}}
2026-05-27 16:12:50,496 INFO 6889 [egg-multipart] stream mode enable
2026-05-27 16:12:50,771 INFO 6889 [egg-static] starting static serve /public/ -> /home/gandiantx/lab-manager/server/app/public
2026-05-27 16:12:50,773 INFO 6889 [egg-security] use methodnoallow middleware
2026-05-27 16:12:50,773 INFO 6889 [egg-security] use noopen middleware
2026-05-27 16:12:50,773 INFO 6889 [egg-security] use nosniff middleware
2026-05-27 16:12:50,773 INFO 6889 [egg-security] use xssProtection middleware
2026-05-27 16:12:50,774 INFO 6889 [egg-security] use xframe middleware
2026-05-27 16:12:50,774 INFO 6889 [egg-security] use dta middleware
2026-05-27 16:12:50,774 INFO 6889 [egg-security] compose 6 middlewares into one security middleware
2026-05-27 16:12:50,784 INFO 6889 [egg:core] dump config after load, 6ms
2026-05-27 16:12:50,810 INFO 6889 [egg-watcher:application] watcher start success
2026-05-27 16:12:50,869 INFO 6889 egg start timeline:
▇▇▇▇▇▇▇▇▇▇▇▇▇▇▇▇▇▇▇▇▇▇ [423ms] - #0 Process Start
                      ▇▇▇▇▇▇▇▇▇▇▇▇▇▇▇▇▇▇▇▇▇▇▇▇▇▇▇ [509ms] - #1 Application Start
                      ▇ [6ms] - #2 Load Plugin
                       ▇ [12ms] - #3 Load Config
                       ▇ [0ms] - #4 Require(0) config/config.default.js
                       ▇ [0ms] - #5 Require(1) node_modules/egg-session/config/config.default.js
                       ▇ [0ms] - #6 Require(2) node_modules/egg-security/config/config.default.js
                       ▇ [0ms] - #7 Require(3) node_modules/egg-jsonp/config/config.default.js
                       ▇ [0ms] - #8 Require(4) node_modules/egg-onerror/config/config.default.js
                       ▇ [0ms] - #9 Require(5) node_modules/egg-i18n/config/config.default.js
                       ▇ [0ms] - #10 Require(6) node_modules/egg-watcher/config/config.default.js
                       ▇ [0ms] - #11 Require(7) node_modules/egg-schedule/config/config.default.js
                       ▇ [0ms] - #12 Require(8) node_modules/egg-multipart/config/config.default.js
                       ▇ [0ms] - #13 Require(9) node_modules/egg-development/config/config.default.js
                       ▇ [1ms] - #14 Require(10) node_modules/egg-logrotator/config/config.default.js
                       ▇ [0ms] - #15 Require(11) node_modules/egg-static/config/config.default.js
                       ▇ [0ms] - #16 Require(12) node_modules/egg-view/config/config.default.js
                       ▇ [0ms] - #17 Require(13) node_modules/egg-sequelize/config/config.default.js
                       ▇ [0ms] - #18 Require(14) node_modules/egg-jwt/config/config.default.js
                       ▇ [1ms] - #19 Require(15) node_modules/egg-validate/config/config.default.js
                       ▇ [0ms] - #20 Require(16) node_modules/egg-cors/config/config.default.js
                       ▇ [0ms] - #21 Require(17) node_modules/egg/config/config.default.js
                       ▇ [0ms] - #22 Require(18) config/config.default.js
                       ▇ [1ms] - #23 Require(19) node_modules/egg-security/config/config.local.js
                       ▇ [0ms] - #24 Require(20) node_modules/egg-watcher/config/config.local.js
                       ▇ [1ms] - #25 Require(21) node_modules/egg-view/config/config.local.js
                       ▇ [0ms] - #26 Require(22) node_modules/egg/config/config.local.js
                       ▇▇▇ [63ms] - #27 Load extend/application.js
                       ▇ [0ms] - #28 Require(23) node_modules/egg-session/app/extend/application.js
                       ▇ [1ms] - #29 Require(24) node_modules/egg-security/app/extend/application.js
                       ▇ [1ms] - #30 Require(25) node_modules/egg-jsonp/app/extend/application.js
                        ▇ [2ms] - #31 Require(26) node_modules/egg-schedule/app/extend/application.js
                        ▇ [0ms] - #32 Require(27) node_modules/egg-logrotator/app/extend/application.js
                        ▇ [1ms] - #33 Require(28) node_modules/egg-view/app/extend/application.js
                        ▇▇▇ [57ms] - #34 Require(29) node_modules/egg-jwt/app/extend/application.js
                           ▇ [3ms] - #35 Load extend/request.js
                           ▇ [1ms] - #36 Require(30) node_modules/egg/app/extend/request.js
                           ▇ [2ms] - #37 Load extend/response.js
                           ▇ [1ms] - #38 Require(31) node_modules/egg/app/extend/response.js
                           ▇ [17ms] - #39 Load extend/context.js
                           ▇ [4ms] - #40 Require(32) node_modules/egg-security/app/extend/context.js
                           ▇ [1ms] - #41 Require(33) node_modules/egg-jsonp/app/extend/context.js
                           ▇ [1ms] - #42 Require(34) node_modules/egg-i18n/app/extend/context.js
                           ▇ [7ms] - #43 Require(35) node_modules/egg-multipart/app/extend/context.js
                            ▇ [0ms] - #44 Require(36) node_modules/egg-view/app/extend/context.js
                            ▇ [0ms] - #45 Require(37) node_modules/egg-validate/app/extend/context.js
                            ▇ [0ms] - #46 Require(38) node_modules/egg/app/extend/context.js
                            ▇ [1ms] - #47 Require(39) app/extend/context.js
                            ▇ [14ms] - #48 Load extend/helper.js
                            ▇ [12ms] - #49 Require(40) node_modules/egg-security/app/extend/helper.js
                             ▇ [0ms] - #50 Require(41) node_modules/egg/app/extend/helper.js
                             ▇ [15ms] - #51 Load app.js
                             ▇ [0ms] - #52 Require(42) node_modules/egg-session/app.js
                             ▇ [0ms] - #53 Require(43) node_modules/egg-security/app.js
                             ▇ [4ms] - #54 Require(44) node_modules/egg-onerror/app.js
                             ▇ [4ms] - #55 Require(45) node_modules/egg-i18n/app.js
                             ▇ [2ms] - #56 Require(46) node_modules/egg-watcher/app.js
                             ▇ [1ms] - #57 Require(47) node_modules/egg-schedule/app.js
                             ▇ [0ms] - #58 Require(48) node_modules/egg-multipart/app.js
                             ▇ [0ms] - #59 Require(49) node_modules/egg-development/app.js
                             ▇ [0ms] - #60 Require(50) node_modules/egg-logrotator/app.js
                             ▇ [0ms] - #61 Require(51) node_modules/egg-static/app.js
                             ▇ [0ms] - #62 Require(52) node_modules/egg-sequelize/app.js
                             ▇ [0ms] - #63 Require(53) node_modules/egg-jwt/app.js
                             ▇ [0ms] - #64 Require(54) node_modules/egg-validate/app.js
                             ▇ [0ms] - #65 Require(55) node_modules/egg-cors/app.js
                             ▇ [0ms] - #66 Require(56) app.js
                              ▇▇▇▇▇▇▇▇▇▇▇▇▇▇▇▇ [308ms] - #67 Before Start in node_modules/egg-watcher/lib/init.js:15:14
                                          ▇ [7ms] - #68 Load "Symbol(model)" to Application
                                          ▇▇▇▇▇ [95ms] - #69 Before Start in node_modules/egg-sequelize/lib/loader.js:39:7
                                          ▇▇▇▇▇▇▇ [137ms] - #70 Before Start in app.js:4:7
                                          ▇ [12ms] - #71 Load Service
                                          ▇ [12ms] - #72 Load "service" to Context
                                           ▇ [37ms] - #73 Load Middleware
                                           ▇ [32ms] - #74 Load "middlewares" to Application
                                            ▇ [1ms] - #75 Load Controller
                                            ▇ [1ms] - #76 Load "controller" to Application
                                             ▇ [2ms] - #77 Load Router
                                             ▇ [0ms] - #78 Require(57) app/router.js
                                             ▇ [13ms] - #79 Before Start in node_modules/egg-core/lib/egg.js:328:10
2026-05-27 16:12:50,869 INFO 6889 [egg:core] dump config after ready, 4ms
2026-05-27 16:13:30,810 INFO 6960 [egg:logger] init all loggers with options: {"dir":"/home/gandiantx/lab-manager/server/logs/lab-manager-server","encoding":"utf8","env":"local","level":"INFO","consoleLevel":"INFO","disableConsoleAfterReady":false,"outputJSON":false,"buffer":true,"appLogName":"lab-manager-server-web.log","coreLogName":"egg-web.log","agentLogName":"egg-agent.log","errorLogName":"common-error.log","coreLogger":{"consoleLevel":"WARN"},"allowDebugAtProd":false,"enablePerformanceTimer":false,"enableFastContextLogger":false,"type":"application","localStorage":{}}
2026-05-27 16:13:30,810 INFO 6960 [egg-multipart] stream mode enable
2026-05-27 16:13:31,090 INFO 6960 [egg-static] starting static serve /public/ -> /home/gandiantx/lab-manager/server/app/public
2026-05-27 16:13:31,092 INFO 6960 [egg-security] use methodnoallow middleware
2026-05-27 16:13:31,092 INFO 6960 [egg-security] use noopen middleware
2026-05-27 16:13:31,092 INFO 6960 [egg-security] use nosniff middleware
2026-05-27 16:13:31,093 INFO 6960 [egg-security] use xssProtection middleware
2026-05-27 16:13:31,093 INFO 6960 [egg-security] use xframe middleware
2026-05-27 16:13:31,093 INFO 6960 [egg-security] use dta middleware
2026-05-27 16:13:31,093 INFO 6960 [egg-security] compose 6 middlewares into one security middleware
2026-05-27 16:13:31,103 INFO 6960 [egg:core] dump config after load, 6ms
2026-05-27 16:13:31,145 INFO 6960 [egg-watcher:application] watcher start success
2026-05-27 16:13:31,211 INFO 6960 egg start timeline:
▇▇▇▇▇▇▇▇▇▇▇▇▇▇▇▇▇▇▇▇▇ [418ms] - #0 Process Start
                      ▇▇▇▇▇▇▇▇▇▇▇▇▇▇▇▇▇▇▇▇▇▇▇▇▇▇▇ [527ms] - #1 Application Start
                      ▇ [6ms] - #2 Load Plugin
                      ▇ [10ms] - #3 Load Config
                      ▇ [0ms] - #4 Require(0) config/config.default.js
                      ▇ [0ms] - #5 Require(1) node_modules/egg-session/config/config.default.js
                      ▇ [0ms] - #6 Require(2) node_modules/egg-security/config/config.default.js
                      ▇ [1ms] - #7 Require(3) node_modules/egg-jsonp/config/config.default.js
                      ▇ [0ms] - #8 Require(4) node_modules/egg-onerror/config/config.default.js
                      ▇ [0ms] - #9 Require(5) node_modules/egg-i18n/config/config.default.js
                      ▇ [1ms] - #10 Require(6) node_modules/egg-watcher/config/config.default.js
                      ▇ [0ms] - #11 Require(7) node_modules/egg-schedule/config/config.default.js
                      ▇ [0ms] - #12 Require(8) node_modules/egg-multipart/config/config.default.js
                      ▇ [0ms] - #13 Require(9) node_modules/egg-development/config/config.default.js
                      ▇ [0ms] - #14 Require(10) node_modules/egg-logrotator/config/config.default.js
                      ▇ [0ms] - #15 Require(11) node_modules/egg-static/config/config.default.js
                      ▇ [1ms] - #16 Require(12) node_modules/egg-view/config/config.default.js
                      ▇ [0ms] - #17 Require(13) node_modules/egg-sequelize/config/config.default.js
                      ▇ [0ms] - #18 Require(14) node_modules/egg-jwt/config/config.default.js
                      ▇ [0ms] - #19 Require(15) node_modules/egg-validate/config/config.default.js
                      ▇ [1ms] - #20 Require(16) node_modules/egg-cors/config/config.default.js
                       ▇ [0ms] - #21 Require(17) node_modules/egg/config/config.default.js
                       ▇ [0ms] - #22 Require(18) config/config.default.js
                       ▇ [0ms] - #23 Require(19) node_modules/egg-security/config/config.local.js
                       ▇ [0ms] - #24 Require(20) node_modules/egg-watcher/config/config.local.js
                       ▇ [0ms] - #25 Require(21) node_modules/egg-view/config/config.local.js
                       ▇ [0ms] - #26 Require(22) node_modules/egg/config/config.local.js
                       ▇▇▇ [60ms] - #27 Load extend/application.js
                       ▇ [0ms] - #28 Require(23) node_modules/egg-session/app/extend/application.js
                       ▇ [1ms] - #29 Require(24) node_modules/egg-security/app/extend/application.js
                       ▇ [1ms] - #30 Require(25) node_modules/egg-jsonp/app/extend/application.js
                       ▇ [2ms] - #31 Require(26) node_modules/egg-schedule/app/extend/application.js
                       ▇ [1ms] - #32 Require(27) node_modules/egg-logrotator/app/extend/application.js
                       ▇ [0ms] - #33 Require(28) node_modules/egg-view/app/extend/application.js
                       ▇▇ [54ms] - #34 Require(29) node_modules/egg-jwt/app/extend/application.js
                          ▇ [2ms] - #35 Load extend/request.js
                          ▇ [0ms] - #36 Require(30) node_modules/egg/app/extend/request.js
                          ▇ [3ms] - #37 Load extend/response.js
                          ▇ [1ms] - #38 Require(31) node_modules/egg/app/extend/response.js
                          ▇ [18ms] - #39 Load extend/context.js
                          ▇ [4ms] - #40 Require(32) node_modules/egg-security/app/extend/context.js
                          ▇ [0ms] - #41 Require(33) node_modules/egg-jsonp/app/extend/context.js
                          ▇ [0ms] - #42 Require(34) node_modules/egg-i18n/app/extend/context.js
                          ▇ [10ms] - #43 Require(35) node_modules/egg-multipart/app/extend/context.js
                           ▇ [1ms] - #44 Require(36) node_modules/egg-view/app/extend/context.js
                           ▇ [0ms] - #45 Require(37) node_modules/egg-validate/app/extend/context.js
                           ▇ [1ms] - #46 Require(38) node_modules/egg/app/extend/context.js
                           ▇ [0ms] - #47 Require(39) app/extend/context.js
                           ▇ [9ms] - #48 Load extend/helper.js
                           ▇ [7ms] - #49 Require(40) node_modules/egg-security/app/extend/helper.js
                           ▇ [0ms] - #50 Require(41) node_modules/egg/app/extend/helper.js
                            ▇ [14ms] - #51 Load app.js
                            ▇ [1ms] - #52 Require(42) node_modules/egg-session/app.js
                            ▇ [0ms] - #53 Require(43) node_modules/egg-security/app.js
                            ▇ [3ms] - #54 Require(44) node_modules/egg-onerror/app.js
                            ▇ [4ms] - #55 Require(45) node_modules/egg-i18n/app.js
                            ▇ [2ms] - #56 Require(46) node_modules/egg-watcher/app.js
                            ▇ [1ms] - #57 Require(47) node_modules/egg-schedule/app.js
                            ▇ [0ms] - #58 Require(48) node_modules/egg-multipart/app.js
                            ▇ [0ms] - #59 Require(49) node_modules/egg-development/app.js
                            ▇ [1ms] - #60 Require(50) node_modules/egg-logrotator/app.js
                            ▇ [0ms] - #61 Require(51) node_modules/egg-static/app.js
                            ▇ [0ms] - #62 Require(52) node_modules/egg-sequelize/app.js
                            ▇ [0ms] - #63 Require(53) node_modules/egg-jwt/app.js
                            ▇ [1ms] - #64 Require(54) node_modules/egg-validate/app.js
                            ▇ [1ms] - #65 Require(55) node_modules/egg-cors/app.js
                            ▇ [0ms] - #66 Require(56) app.js
                             ▇▇▇▇▇▇▇▇▇▇▇▇▇▇▇▇▇ [330ms] - #67 Before Start in node_modules/egg-watcher/lib/init.js:15:14
                                        ▇ [8ms] - #68 Load "Symbol(model)" to Application
                                         ▇▇▇▇▇ [109ms] - #69 Before Start in node_modules/egg-sequelize/lib/loader.js:39:7
                                         ▇▇▇▇▇▇▇▇ [159ms] - #70 Before Start in app.js:4:7
                                         ▇ [6ms] - #71 Load Service
                                         ▇ [6ms] - #72 Load "service" to Context
                                         ▇▇ [41ms] - #73 Load Middleware
                                         ▇ [36ms] - #74 Load "middlewares" to Application
                                           ▇ [2ms] - #75 Load Controller
                                           ▇ [2ms] - #76 Load "controller" to Application
                                           ▇ [1ms] - #77 Load Router
                                           ▇ [0ms] - #78 Require(57) app/router.js
                                           ▇ [14ms] - #79 Before Start in node_modules/egg-core/lib/egg.js:328:10
2026-05-27 16:13:31,211 INFO 6960 [egg:core] dump config after ready, 4ms
2026-05-27 16:13:34,646 INFO 6978 [egg:logger] init all loggers with options: {"dir":"/home/gandiantx/lab-manager/server/logs/lab-manager-server","encoding":"utf8","env":"local","level":"INFO","consoleLevel":"INFO","disableConsoleAfterReady":false,"outputJSON":false,"buffer":true,"appLogName":"lab-manager-server-web.log","coreLogName":"egg-web.log","agentLogName":"egg-agent.log","errorLogName":"common-error.log","coreLogger":{"consoleLevel":"WARN"},"allowDebugAtProd":false,"enablePerformanceTimer":false,"enableFastContextLogger":false,"type":"application","localStorage":{}}
2026-05-27 16:13:34,646 INFO 6978 [egg-multipart] stream mode enable
2026-05-27 16:13:34,932 INFO 6978 [egg-static] starting static serve /public/ -> /home/gandiantx/lab-manager/server/app/public
2026-05-27 16:13:34,934 INFO 6978 [egg-security] use methodnoallow middleware
2026-05-27 16:13:34,934 INFO 6978 [egg-security] use noopen middleware
2026-05-27 16:13:34,935 INFO 6978 [egg-security] use nosniff middleware
2026-05-27 16:13:34,935 INFO 6978 [egg-security] use xssProtection middleware
2026-05-27 16:13:34,935 INFO 6978 [egg-security] use xframe middleware
2026-05-27 16:13:34,935 INFO 6978 [egg-security] use dta middleware
2026-05-27 16:13:34,935 INFO 6978 [egg-security] compose 6 middlewares into one security middleware
2026-05-27 16:13:34,945 INFO 6978 [egg:core] dump config after load, 5ms
2026-05-27 16:13:34,988 INFO 6978 [egg-watcher:application] watcher start success
2026-05-27 16:13:35,086 INFO 6978 egg start timeline:
▇▇▇▇▇▇▇▇▇▇▇▇▇▇▇▇▇▇ [416ms] - #0 Process Start
                  ▇▇▇▇▇▇▇▇▇▇▇▇▇▇▇▇▇▇▇▇▇▇▇▇▇▇▇▇▇▇ [681ms] - #1 Application Start
                   ▇ [9ms] - #2 Load Plugin
                   ▇ [16ms] - #3 Load Config
                   ▇ [0ms] - #4 Require(0) config/config.default.js
                    ▇ [0ms] - #5 Require(1) node_modules/egg-session/config/config.default.js
                    ▇ [0ms] - #6 Require(2) node_modules/egg-security/config/config.default.js
                    ▇ [1ms] - #7 Require(3) node_modules/egg-jsonp/config/config.default.js
                    ▇ [0ms] - #8 Require(4) node_modules/egg-onerror/config/config.default.js
                    ▇ [0ms] - #9 Require(5) node_modules/egg-i18n/config/config.default.js
                    ▇ [0ms] - #10 Require(6) node_modules/egg-watcher/config/config.default.js
                    ▇ [0ms] - #11 Require(7) node_modules/egg-schedule/config/config.default.js
                    ▇ [0ms] - #12 Require(8) node_modules/egg-multipart/config/config.default.js
                    ▇ [1ms] - #13 Require(9) node_modules/egg-development/config/config.default.js
                    ▇ [0ms] - #14 Require(10) node_modules/egg-logrotator/config/config.default.js
                    ▇ [0ms] - #15 Require(11) node_modules/egg-static/config/config.default.js
                    ▇ [0ms] - #16 Require(12) node_modules/egg-view/config/config.default.js
                    ▇ [0ms] - #17 Require(13) node_modules/egg-sequelize/config/config.default.js
                    ▇ [0ms] - #18 Require(14) node_modules/egg-jwt/config/config.default.js
                    ▇ [0ms] - #19 Require(15) node_modules/egg-validate/config/config.default.js
                    ▇ [0ms] - #20 Require(16) node_modules/egg-cors/config/config.default.js
                    ▇ [0ms] - #21 Require(17) node_modules/egg/config/config.default.js
                    ▇ [0ms] - #22 Require(18) config/config.default.js
                    ▇ [0ms] - #23 Require(19) node_modules/egg-security/config/config.local.js
                    ▇ [0ms] - #24 Require(20) node_modules/egg-watcher/config/config.local.js
                    ▇ [0ms] - #25 Require(21) node_modules/egg-view/config/config.local.js
                    ▇ [0ms] - #26 Require(22) node_modules/egg/config/config.local.js
                    ▇▇▇▇▇▇ [133ms] - #27 Load extend/application.js
                    ▇ [0ms] - #28 Require(23) node_modules/egg-session/app/extend/application.js
                    ▇ [1ms] - #29 Require(24) node_modules/egg-security/app/extend/application.js
                    ▇ [2ms] - #30 Require(25) node_modules/egg-jsonp/app/extend/application.js
                    ▇ [3ms] - #31 Require(26) node_modules/egg-schedule/app/extend/application.js
                    ▇ [1ms] - #32 Require(27) node_modules/egg-logrotator/app/extend/application.js
                    ▇ [1ms] - #33 Require(28) node_modules/egg-view/app/extend/application.js
                     ▇▇▇▇▇ [124ms] - #34 Require(29) node_modules/egg-jwt/app/extend/application.js
                          ▇ [5ms] - #35 Load extend/request.js
                          ▇ [0ms] - #36 Require(30) node_modules/egg/app/extend/request.js
                          ▇ [3ms] - #37 Load extend/response.js
                          ▇ [1ms] - #38 Require(31) node_modules/egg/app/extend/response.js
                           ▇ [33ms] - #39 Load extend/context.js
                           ▇ [8ms] - #40 Require(32) node_modules/egg-security/app/extend/context.js
                           ▇ [0ms] - #41 Require(33) node_modules/egg-jsonp/app/extend/context.js
                           ▇ [1ms] - #42 Require(34) node_modules/egg-i18n/app/extend/context.js
                           ▇ [14ms] - #43 Require(35) node_modules/egg-multipart/app/extend/context.js
                            ▇ [1ms] - #44 Require(36) node_modules/egg-view/app/extend/context.js
                            ▇ [1ms] - #45 Require(37) node_modules/egg-validate/app/extend/context.js
                            ▇ [2ms] - #46 Require(38) node_modules/egg/app/extend/context.js
                            ▇ [0ms] - #47 Require(39) app/extend/context.js
                            ▇ [10ms] - #48 Load extend/helper.js
                            ▇ [8ms] - #49 Require(40) node_modules/egg-security/app/extend/helper.js
                            ▇ [0ms] - #50 Require(41) node_modules/egg/app/extend/helper.js
                            ▇ [23ms] - #51 Load app.js
                            ▇ [0ms] - #52 Require(42) node_modules/egg-session/app.js
                            ▇ [1ms] - #53 Require(43) node_modules/egg-security/app.js
                            ▇ [4ms] - #54 Require(44) node_modules/egg-onerror/app.js
                             ▇ [4ms] - #55 Require(45) node_modules/egg-i18n/app.js
                             ▇ [3ms] - #56 Require(46) node_modules/egg-watcher/app.js
                             ▇ [0ms] - #57 Require(47) node_modules/egg-schedule/app.js
                             ▇ [0ms] - #58 Require(48) node_modules/egg-multipart/app.js
                             ▇ [0ms] - #59 Require(49) node_modules/egg-development/app.js
                             ▇ [1ms] - #60 Require(50) node_modules/egg-logrotator/app.js
                             ▇ [0ms] - #61 Require(51) node_modules/egg-static/app.js
                             ▇ [0ms] - #62 Require(52) node_modules/egg-sequelize/app.js
                             ▇ [1ms] - #63 Require(53) node_modules/egg-jwt/app.js
                             ▇ [2ms] - #64 Require(54) node_modules/egg-validate/app.js
                             ▇ [0ms] - #65 Require(55) node_modules/egg-cors/app.js
                             ▇ [0ms] - #66 Require(56) app.js
                              ▇▇▇▇▇▇▇▇▇▇▇▇▇▇▇ [335ms] - #67 Before Start in node_modules/egg-watcher/lib/init.js:15:14
                                        ▇ [9ms] - #68 Load "Symbol(model)" to Application
                                         ▇▇▇▇▇ [117ms] - #69 Before Start in node_modules/egg-sequelize/lib/loader.js:39:7
                                         ▇▇▇▇▇▇▇▇ [184ms] - #70 Before Start in app.js:4:7
                                         ▇ [6ms] - #71 Load Service
                                         ▇ [6ms] - #72 Load "service" to Context
                                         ▇ [39ms] - #73 Load Middleware
                                         ▇ [34ms] - #74 Load "middlewares" to Application
                                           ▇ [1ms] - #75 Load Controller
                                           ▇ [1ms] - #76 Load "controller" to Application
                                           ▇ [1ms] - #77 Load Router
                                           ▇ [0ms] - #78 Require(57) app/router.js
                                           ▇ [14ms] - #79 Before Start in node_modules/egg-core/lib/egg.js:328:10
2026-05-27 16:13:35,086 INFO 6978 [egg:core] dump config after ready, 7ms
2026-05-27 16:13:48,145 INFO 7008 [egg:logger] init all loggers with options: {"dir":"/home/gandiantx/lab-manager/server/logs/lab-manager-server","encoding":"utf8","env":"local","level":"INFO","consoleLevel":"INFO","disableConsoleAfterReady":false,"outputJSON":false,"buffer":true,"appLogName":"lab-manager-server-web.log","coreLogName":"egg-web.log","agentLogName":"egg-agent.log","errorLogName":"common-error.log","coreLogger":{"consoleLevel":"WARN"},"allowDebugAtProd":false,"enablePerformanceTimer":false,"enableFastContextLogger":false,"type":"application","localStorage":{}}
2026-05-27 16:13:48,145 INFO 7008 [egg-multipart] stream mode enable
2026-05-27 16:13:48,441 INFO 7008 [egg-static] starting static serve /public/ -> /home/gandiantx/lab-manager/server/app/public
2026-05-27 16:13:48,443 INFO 7008 [egg-security] use methodnoallow middleware
2026-05-27 16:13:48,443 INFO 7008 [egg-security] use noopen middleware
2026-05-27 16:13:48,444 INFO 7008 [egg-security] use nosniff middleware
2026-05-27 16:13:48,444 INFO 7008 [egg-security] use xssProtection middleware
2026-05-27 16:13:48,444 INFO 7008 [egg-security] use xframe middleware
2026-05-27 16:13:48,444 INFO 7008 [egg-security] use dta middleware
2026-05-27 16:13:48,444 INFO 7008 [egg-security] compose 6 middlewares into one security middleware
2026-05-27 16:13:48,454 INFO 7008 [egg:core] dump config after load, 5ms
2026-05-27 16:13:48,479 INFO 7008 [egg-watcher:application] watcher start success
2026-05-27 16:13:48,626 INFO 7008 egg start timeline:
▇▇▇▇▇▇▇▇▇▇▇▇▇▇▇▇▇▇▇▇ [427ms] - #0 Process Start
                    ▇▇▇▇▇▇▇▇▇▇▇▇▇▇▇▇▇▇▇▇▇▇▇▇▇▇▇▇▇ [610ms] - #1 Application Start
                    ▇ [9ms] - #2 Load Plugin
                     ▇ [13ms] - #3 Load Config
                     ▇ [1ms] - #4 Require(0) config/config.default.js
                     ▇ [0ms] - #5 Require(1) node_modules/egg-session/config/config.default.js
                     ▇ [1ms] - #6 Require(2) node_modules/egg-security/config/config.default.js
                     ▇ [0ms] - #7 Require(3) node_modules/egg-jsonp/config/config.default.js
                     ▇ [0ms] - #8 Require(4) node_modules/egg-onerror/config/config.default.js
                     ▇ [0ms] - #9 Require(5) node_modules/egg-i18n/config/config.default.js
                     ▇ [0ms] - #10 Require(6) node_modules/egg-watcher/config/config.default.js
                     ▇ [0ms] - #11 Require(7) node_modules/egg-schedule/config/config.default.js
                     ▇ [0ms] - #12 Require(8) node_modules/egg-multipart/config/config.default.js
                     ▇ [0ms] - #13 Require(9) node_modules/egg-development/config/config.default.js
                     ▇ [0ms] - #14 Require(10) node_modules/egg-logrotator/config/config.default.js
                     ▇ [0ms] - #15 Require(11) node_modules/egg-static/config/config.default.js
                     ▇ [1ms] - #16 Require(12) node_modules/egg-view/config/config.default.js
                     ▇ [0ms] - #17 Require(13) node_modules/egg-sequelize/config/config.default.js
                     ▇ [0ms] - #18 Require(14) node_modules/egg-jwt/config/config.default.js
                     ▇ [1ms] - #19 Require(15) node_modules/egg-validate/config/config.default.js
                     ▇ [0ms] - #20 Require(16) node_modules/egg-cors/config/config.default.js
                     ▇ [0ms] - #21 Require(17) node_modules/egg/config/config.default.js
                     ▇ [0ms] - #22 Require(18) config/config.default.js
                     ▇ [1ms] - #23 Require(19) node_modules/egg-security/config/config.local.js
                     ▇ [0ms] - #24 Require(20) node_modules/egg-watcher/config/config.local.js
                     ▇ [1ms] - #25 Require(21) node_modules/egg-view/config/config.local.js
                     ▇ [0ms] - #26 Require(22) node_modules/egg/config/config.local.js
                     ▇▇ [62ms] - #27 Load extend/application.js
                     ▇ [0ms] - #28 Require(23) node_modules/egg-session/app/extend/application.js
                     ▇ [0ms] - #29 Require(24) node_modules/egg-security/app/extend/application.js
                     ▇ [2ms] - #30 Require(25) node_modules/egg-jsonp/app/extend/application.js
                     ▇ [1ms] - #31 Require(26) node_modules/egg-schedule/app/extend/application.js
                     ▇ [1ms] - #32 Require(27) node_modules/egg-logrotator/app/extend/application.js
                      ▇ [1ms] - #33 Require(28) node_modules/egg-view/app/extend/application.js
                      ▇▇ [55ms] - #34 Require(29) node_modules/egg-jwt/app/extend/application.js
                        ▇ [3ms] - #35 Load extend/request.js
                        ▇ [1ms] - #36 Require(30) node_modules/egg/app/extend/request.js
                        ▇ [2ms] - #37 Load extend/response.js
                        ▇ [1ms] - #38 Require(31) node_modules/egg/app/extend/response.js
                        ▇ [18ms] - #39 Load extend/context.js
                        ▇ [4ms] - #40 Require(32) node_modules/egg-security/app/extend/context.js
                         ▇ [1ms] - #41 Require(33) node_modules/egg-jsonp/app/extend/context.js
                         ▇ [0ms] - #42 Require(34) node_modules/egg-i18n/app/extend/context.js
                         ▇ [7ms] - #43 Require(35) node_modules/egg-multipart/app/extend/context.js
                         ▇ [1ms] - #44 Require(36) node_modules/egg-view/app/extend/context.js
                         ▇ [0ms] - #45 Require(37) node_modules/egg-validate/app/extend/context.js
                         ▇ [2ms] - #46 Require(38) node_modules/egg/app/extend/context.js
                         ▇ [0ms] - #47 Require(39) app/extend/context.js
                         ▇ [9ms] - #48 Load extend/helper.js
                         ▇ [7ms] - #49 Require(40) node_modules/egg-security/app/extend/helper.js
                          ▇ [0ms] - #50 Require(41) node_modules/egg/app/extend/helper.js
                          ▇ [16ms] - #51 Load app.js
                          ▇ [0ms] - #52 Require(42) node_modules/egg-session/app.js
                          ▇ [1ms] - #53 Require(43) node_modules/egg-security/app.js
                          ▇ [3ms] - #54 Require(44) node_modules/egg-onerror/app.js
                          ▇ [4ms] - #55 Require(45) node_modules/egg-i18n/app.js
                          ▇ [3ms] - #56 Require(46) node_modules/egg-watcher/app.js
                          ▇ [0ms] - #57 Require(47) node_modules/egg-schedule/app.js
                          ▇ [0ms] - #58 Require(48) node_modules/egg-multipart/app.js
                          ▇ [0ms] - #59 Require(49) node_modules/egg-development/app.js
                          ▇ [1ms] - #60 Require(50) node_modules/egg-logrotator/app.js
                          ▇ [0ms] - #61 Require(51) node_modules/egg-static/app.js
                          ▇ [0ms] - #62 Require(52) node_modules/egg-sequelize/app.js
                          ▇ [1ms] - #63 Require(53) node_modules/egg-jwt/app.js
                          ▇ [1ms] - #64 Require(54) node_modules/egg-validate/app.js
                          ▇ [0ms] - #65 Require(55) node_modules/egg-cors/app.js
                           ▇ [0ms] - #66 Require(56) app.js
                           ▇▇▇▇▇▇▇▇▇▇▇▇▇▇▇ [329ms] - #67 Before Start in node_modules/egg-watcher/lib/init.js:15:14
                                      ▇ [9ms] - #68 Load "Symbol(model)" to Application
                                       ▇▇▇▇ [95ms] - #69 Before Start in node_modules/egg-sequelize/lib/loader.js:39:7
                                       ▇▇▇▇▇▇▇▇▇▇ [216ms] - #70 Before Start in app.js:4:7
                                       ▇ [11ms] - #71 Load Service
                                       ▇ [11ms] - #72 Load "service" to Context
                                       ▇ [38ms] - #73 Load Middleware
                                       ▇ [33ms] - #74 Load "middlewares" to Application
                                         ▇ [2ms] - #75 Load Controller
                                         ▇ [2ms] - #76 Load "controller" to Application
                                         ▇ [1ms] - #77 Load Router
                                         ▇ [0ms] - #78 Require(57) app/router.js
                                         ▇ [13ms] - #79 Before Start in node_modules/egg-core/lib/egg.js:328:10
2026-05-27 16:13:48,626 INFO 7008 [egg:core] dump config after ready, 9ms
2026-05-27 16:13:59,118 INFO 7038 [egg:logger] init all loggers with options: {"dir":"/home/gandiantx/lab-manager/server/logs/lab-manager-server","encoding":"utf8","env":"local","level":"INFO","consoleLevel":"INFO","disableConsoleAfterReady":false,"outputJSON":false,"buffer":true,"appLogName":"lab-manager-server-web.log","coreLogName":"egg-web.log","agentLogName":"egg-agent.log","errorLogName":"common-error.log","coreLogger":{"consoleLevel":"WARN"},"allowDebugAtProd":false,"enablePerformanceTimer":false,"enableFastContextLogger":false,"type":"application","localStorage":{}}
2026-05-27 16:13:59,118 INFO 7038 [egg-multipart] stream mode enable
2026-05-27 16:13:59,409 INFO 7038 [egg-static] starting static serve /public/ -> /home/gandiantx/lab-manager/server/app/public
2026-05-27 16:13:59,411 INFO 7038 [egg-security] use methodnoallow middleware
2026-05-27 16:13:59,411 INFO 7038 [egg-security] use noopen middleware
2026-05-27 16:13:59,411 INFO 7038 [egg-security] use nosniff middleware
2026-05-27 16:13:59,412 INFO 7038 [egg-security] use xssProtection middleware
2026-05-27 16:13:59,412 INFO 7038 [egg-security] use xframe middleware
2026-05-27 16:13:59,412 INFO 7038 [egg-security] use dta middleware
2026-05-27 16:13:59,412 INFO 7038 [egg-security] compose 6 middlewares into one security middleware
2026-05-27 16:13:59,422 INFO 7038 [egg:core] dump config after load, 6ms
2026-05-27 16:13:59,448 INFO 7038 [egg-watcher:application] watcher start success
2026-05-27 16:13:59,598 INFO 7038 egg start timeline:
▇▇▇▇▇▇▇▇▇▇▇▇▇▇▇▇▇▇▇▇ [439ms] - #0 Process Start
                    ▇▇▇▇▇▇▇▇▇▇▇▇▇▇▇▇▇▇▇▇▇▇▇▇▇▇▇▇ [607ms] - #1 Application Start
                     ▇ [6ms] - #2 Load Plugin
                     ▇ [10ms] - #3 Load Config
                     ▇ [0ms] - #4 Require(0) config/config.default.js
                     ▇ [0ms] - #5 Require(1) node_modules/egg-session/config/config.default.js
                     ▇ [0ms] - #6 Require(2) node_modules/egg-security/config/config.default.js
                     ▇ [0ms] - #7 Require(3) node_modules/egg-jsonp/config/config.default.js
                     ▇ [0ms] - #8 Require(4) node_modules/egg-onerror/config/config.default.js
                     ▇ [0ms] - #9 Require(5) node_modules/egg-i18n/config/config.default.js
                     ▇ [0ms] - #10 Require(6) node_modules/egg-watcher/config/config.default.js
                     ▇ [0ms] - #11 Require(7) node_modules/egg-schedule/config/config.default.js
                     ▇ [0ms] - #12 Require(8) node_modules/egg-multipart/config/config.default.js
                     ▇ [0ms] - #13 Require(9) node_modules/egg-development/config/config.default.js
                     ▇ [0ms] - #14 Require(10) node_modules/egg-logrotator/config/config.default.js
                     ▇ [0ms] - #15 Require(11) node_modules/egg-static/config/config.default.js
                     ▇ [0ms] - #16 Require(12) node_modules/egg-view/config/config.default.js
                     ▇ [0ms] - #17 Require(13) node_modules/egg-sequelize/config/config.default.js
                     ▇ [0ms] - #18 Require(14) node_modules/egg-jwt/config/config.default.js
                     ▇ [0ms] - #19 Require(15) node_modules/egg-validate/config/config.default.js
                     ▇ [0ms] - #20 Require(16) node_modules/egg-cors/config/config.default.js
                     ▇ [0ms] - #21 Require(17) node_modules/egg/config/config.default.js
                     ▇ [0ms] - #22 Require(18) config/config.default.js
                     ▇ [0ms] - #23 Require(19) node_modules/egg-security/config/config.local.js
                     ▇ [0ms] - #24 Require(20) node_modules/egg-watcher/config/config.local.js
                     ▇ [0ms] - #25 Require(21) node_modules/egg-view/config/config.local.js
                     ▇ [0ms] - #26 Require(22) node_modules/egg/config/config.local.js
                     ▇▇ [63ms] - #27 Load extend/application.js
                     ▇ [1ms] - #28 Require(23) node_modules/egg-session/app/extend/application.js
                     ▇ [0ms] - #29 Require(24) node_modules/egg-security/app/extend/application.js
                     ▇ [1ms] - #30 Require(25) node_modules/egg-jsonp/app/extend/application.js
                      ▇ [1ms] - #31 Require(26) node_modules/egg-schedule/app/extend/application.js
                      ▇ [1ms] - #32 Require(27) node_modules/egg-logrotator/app/extend/application.js
                      ▇ [0ms] - #33 Require(28) node_modules/egg-view/app/extend/application.js
                      ▇▇ [56ms] - #34 Require(29) node_modules/egg-jwt/app/extend/application.js
                        ▇ [3ms] - #35 Load extend/request.js
                        ▇ [1ms] - #36 Require(30) node_modules/egg/app/extend/request.js
                         ▇ [2ms] - #37 Load extend/response.js
                         ▇ [1ms] - #38 Require(31) node_modules/egg/app/extend/response.js
                         ▇ [22ms] - #39 Load extend/context.js
                         ▇ [6ms] - #40 Require(32) node_modules/egg-security/app/extend/context.js
                         ▇ [0ms] - #41 Require(33) node_modules/egg-jsonp/app/extend/context.js
                         ▇ [1ms] - #42 Require(34) node_modules/egg-i18n/app/extend/context.js
                         ▇ [11ms] - #43 Require(35) node_modules/egg-multipart/app/extend/context.js
                         ▇ [1ms] - #44 Require(36) node_modules/egg-view/app/extend/context.js
                         ▇ [0ms] - #45 Require(37) node_modules/egg-validate/app/extend/context.js
                         ▇ [1ms] - #46 Require(38) node_modules/egg/app/extend/context.js
                          ▇ [1ms] - #47 Require(39) app/extend/context.js
                          ▇ [9ms] - #48 Load extend/helper.js
                          ▇ [8ms] - #49 Require(40) node_modules/egg-security/app/extend/helper.js
                          ▇ [1ms] - #50 Require(41) node_modules/egg/app/extend/helper.js
                          ▇ [14ms] - #51 Load app.js
                          ▇ [0ms] - #52 Require(42) node_modules/egg-session/app.js
                          ▇ [1ms] - #53 Require(43) node_modules/egg-security/app.js
                          ▇ [3ms] - #54 Require(44) node_modules/egg-onerror/app.js
                          ▇ [3ms] - #55 Require(45) node_modules/egg-i18n/app.js
                          ▇ [2ms] - #56 Require(46) node_modules/egg-watcher/app.js
                           ▇ [0ms] - #57 Require(47) node_modules/egg-schedule/app.js
                           ▇ [1ms] - #58 Require(48) node_modules/egg-multipart/app.js
                           ▇ [0ms] - #59 Require(49) node_modules/egg-development/app.js
                           ▇ [0ms] - #60 Require(50) node_modules/egg-logrotator/app.js
                           ▇ [0ms] - #61 Require(51) node_modules/egg-static/app.js
                           ▇ [0ms] - #62 Require(52) node_modules/egg-sequelize/app.js
                           ▇ [0ms] - #63 Require(53) node_modules/egg-jwt/app.js
                           ▇ [1ms] - #64 Require(54) node_modules/egg-validate/app.js
                           ▇ [0ms] - #65 Require(55) node_modules/egg-cors/app.js
                           ▇ [1ms] - #66 Require(56) app.js
                           ▇▇▇▇▇▇▇▇▇▇▇▇▇▇▇ [324ms] - #67 Before Start in node_modules/egg-watcher/lib/init.js:15:14
                                      ▇ [9ms] - #68 Load "Symbol(model)" to Application
                                       ▇▇▇▇ [97ms] - #69 Before Start in node_modules/egg-sequelize/lib/loader.js:39:7
                                       ▇▇▇▇▇▇▇▇▇▇ [214ms] - #70 Before Start in app.js:4:7
                                       ▇ [7ms] - #71 Load Service
                                       ▇ [7ms] - #72 Load "service" to Context
                                       ▇ [37ms] - #73 Load Middleware
                                       ▇ [32ms] - #74 Load "middlewares" to Application
                                         ▇ [2ms] - #75 Load Controller
                                         ▇ [2ms] - #76 Load "controller" to Application
                                         ▇ [1ms] - #77 Load Router
                                         ▇ [0ms] - #78 Require(57) app/router.js
                                         ▇ [14ms] - #79 Before Start in node_modules/egg-core/lib/egg.js:328:10
2026-05-27 16:13:59,598 INFO 7038 [egg:core] dump config after ready, 9ms
2026-05-27 16:14:06,340 INFO 7056 [egg:logger] init all loggers with options: {"dir":"/home/gandiantx/lab-manager/server/logs/lab-manager-server","encoding":"utf8","env":"local","level":"INFO","consoleLevel":"INFO","disableConsoleAfterReady":false,"outputJSON":false,"buffer":true,"appLogName":"lab-manager-server-web.log","coreLogName":"egg-web.log","agentLogName":"egg-agent.log","errorLogName":"common-error.log","coreLogger":{"consoleLevel":"WARN"},"allowDebugAtProd":false,"enablePerformanceTimer":false,"enableFastContextLogger":false,"type":"application","localStorage":{}}
2026-05-27 16:14:06,340 INFO 7056 [egg-multipart] stream mode enable
2026-05-27 16:14:06,632 INFO 7056 [egg-static] starting static serve /public/ -> /home/gandiantx/lab-manager/server/app/public
2026-05-27 16:14:06,634 INFO 7056 [egg-security] use methodnoallow middleware
2026-05-27 16:14:06,634 INFO 7056 [egg-security] use noopen middleware
2026-05-27 16:14:06,634 INFO 7056 [egg-security] use nosniff middleware
2026-05-27 16:14:06,635 INFO 7056 [egg-security] use xssProtection middleware
2026-05-27 16:14:06,635 INFO 7056 [egg-security] use xframe middleware
2026-05-27 16:14:06,635 INFO 7056 [egg-security] use dta middleware
2026-05-27 16:14:06,635 INFO 7056 [egg-security] compose 6 middlewares into one security middleware
2026-05-27 16:14:06,646 INFO 7056 [egg:core] dump config after load, 6ms
2026-05-27 16:14:06,672 INFO 7056 [egg-watcher:application] watcher start success
2026-05-27 16:14:06,816 INFO 7056 egg start timeline:
▇▇▇▇▇▇▇▇▇▇▇▇▇▇▇▇▇▇▇▇ [414ms] - #0 Process Start
                    ▇▇▇▇▇▇▇▇▇▇▇▇▇▇▇▇▇▇▇▇▇▇▇▇▇▇▇▇▇ [604ms] - #1 Application Start
                    ▇ [6ms] - #2 Load Plugin
                    ▇ [10ms] - #3 Load Config
                    ▇ [1ms] - #4 Require(0) config/config.default.js
                    ▇ [0ms] - #5 Require(1) node_modules/egg-session/config/config.default.js
                    ▇ [0ms] - #6 Require(2) node_modules/egg-security/config/config.default.js
                    ▇ [0ms] - #7 Require(3) node_modules/egg-jsonp/config/config.default.js
                    ▇ [0ms] - #8 Require(4) node_modules/egg-onerror/config/config.default.js
                    ▇ [1ms] - #9 Require(5) node_modules/egg-i18n/config/config.default.js
                     ▇ [0ms] - #10 Require(6) node_modules/egg-watcher/config/config.default.js
                     ▇ [0ms] - #11 Require(7) node_modules/egg-schedule/config/config.default.js
                     ▇ [1ms] - #12 Require(8) node_modules/egg-multipart/config/config.default.js
                     ▇ [0ms] - #13 Require(9) node_modules/egg-development/config/config.default.js
                     ▇ [0ms] - #14 Require(10) node_modules/egg-logrotator/config/config.default.js
                     ▇ [1ms] - #15 Require(11) node_modules/egg-static/config/config.default.js
                     ▇ [0ms] - #16 Require(12) node_modules/egg-view/config/config.default.js
                     ▇ [0ms] - #17 Require(13) node_modules/egg-sequelize/config/config.default.js
                     ▇ [0ms] - #18 Require(14) node_modules/egg-jwt/config/config.default.js
                     ▇ [0ms] - #19 Require(15) node_modules/egg-validate/config/config.default.js
                     ▇ [0ms] - #20 Require(16) node_modules/egg-cors/config/config.default.js
                     ▇ [0ms] - #21 Require(17) node_modules/egg/config/config.default.js
                     ▇ [0ms] - #22 Require(18) config/config.default.js
                     ▇ [0ms] - #23 Require(19) node_modules/egg-security/config/config.local.js
                     ▇ [0ms] - #24 Require(20) node_modules/egg-watcher/config/config.local.js
                     ▇ [0ms] - #25 Require(21) node_modules/egg-view/config/config.local.js
                     ▇ [0ms] - #26 Require(22) node_modules/egg/config/config.local.js
                     ▇▇▇ [63ms] - #27 Load extend/application.js
                     ▇ [0ms] - #28 Require(23) node_modules/egg-session/app/extend/application.js
                     ▇ [1ms] - #29 Require(24) node_modules/egg-security/app/extend/application.js
                     ▇ [1ms] - #30 Require(25) node_modules/egg-jsonp/app/extend/application.js
                     ▇ [2ms] - #31 Require(26) node_modules/egg-schedule/app/extend/application.js
                     ▇ [0ms] - #32 Require(27) node_modules/egg-logrotator/app/extend/application.js
                     ▇ [0ms] - #33 Require(28) node_modules/egg-view/app/extend/application.js
                     ▇▇ [57ms] - #34 Require(29) node_modules/egg-jwt/app/extend/application.js
                        ▇ [3ms] - #35 Load extend/request.js
                        ▇ [1ms] - #36 Require(30) node_modules/egg/app/extend/request.js
                        ▇ [2ms] - #37 Load extend/response.js
                        ▇ [0ms] - #38 Require(31) node_modules/egg/app/extend/response.js
                        ▇ [17ms] - #39 Load extend/context.js
                        ▇ [4ms] - #40 Require(32) node_modules/egg-security/app/extend/context.js
                        ▇ [1ms] - #41 Require(33) node_modules/egg-jsonp/app/extend/context.js
                        ▇ [0ms] - #42 Require(34) node_modules/egg-i18n/app/extend/context.js
                        ▇ [7ms] - #43 Require(35) node_modules/egg-multipart/app/extend/context.js
                         ▇ [1ms] - #44 Require(36) node_modules/egg-view/app/extend/context.js
                         ▇ [0ms] - #45 Require(37) node_modules/egg-validate/app/extend/context.js
                         ▇ [3ms] - #46 Require(38) node_modules/egg/app/extend/context.js
                         ▇ [0ms] - #47 Require(39) app/extend/context.js
                         ▇ [9ms] - #48 Load extend/helper.js
                         ▇ [7ms] - #49 Require(40) node_modules/egg-security/app/extend/helper.js
                         ▇ [0ms] - #50 Require(41) node_modules/egg/app/extend/helper.js
                         ▇ [15ms] - #51 Load app.js
                         ▇ [0ms] - #52 Require(42) node_modules/egg-session/app.js
                         ▇ [1ms] - #53 Require(43) node_modules/egg-security/app.js
                          ▇ [3ms] - #54 Require(44) node_modules/egg-onerror/app.js
                          ▇ [3ms] - #55 Require(45) node_modules/egg-i18n/app.js
                          ▇ [3ms] - #56 Require(46) node_modules/egg-watcher/app.js
                          ▇ [0ms] - #57 Require(47) node_modules/egg-schedule/app.js
                          ▇ [1ms] - #58 Require(48) node_modules/egg-multipart/app.js
                          ▇ [0ms] - #59 Require(49) node_modules/egg-development/app.js
                          ▇ [0ms] - #60 Require(50) node_modules/egg-logrotator/app.js
                          ▇ [0ms] - #61 Require(51) node_modules/egg-static/app.js
                          ▇ [1ms] - #62 Require(52) node_modules/egg-sequelize/app.js
                          ▇ [0ms] - #63 Require(53) node_modules/egg-jwt/app.js
                          ▇ [1ms] - #64 Require(54) node_modules/egg-validate/app.js
                          ▇ [0ms] - #65 Require(55) node_modules/egg-cors/app.js
                          ▇ [0ms] - #66 Require(56) app.js
                           ▇▇▇▇▇▇▇▇▇▇▇▇▇▇▇ [327ms] - #67 Before Start in node_modules/egg-watcher/lib/init.js:15:14
                                      ▇ [9ms] - #68 Load "Symbol(model)" to Application
                                      ▇▇▇▇▇ [104ms] - #69 Before Start in node_modules/egg-sequelize/lib/loader.js:39:7
                                       ▇▇▇▇▇▇▇▇▇▇ [218ms] - #70 Before Start in app.js:4:7
                                       ▇ [7ms] - #71 Load Service
                                       ▇ [7ms] - #72 Load "service" to Context
                                       ▇ [38ms] - #73 Load Middleware
                                       ▇ [33ms] - #74 Load "middlewares" to Application
                                         ▇ [2ms] - #75 Load Controller
                                         ▇ [2ms] - #76 Load "controller" to Application
                                         ▇ [2ms] - #77 Load Router
                                         ▇ [0ms] - #78 Require(57) app/router.js
                                         ▇ [14ms] - #79 Before Start in node_modules/egg-core/lib/egg.js:328:10
2026-05-27 16:14:06,816 INFO 7056 [egg:core] dump config after ready, 5ms
2026-05-27 16:14:52,608 INFO 7138 [egg:logger] init all loggers with options: {"dir":"/home/gandiantx/lab-manager/server/logs/lab-manager-server","encoding":"utf8","env":"local","level":"INFO","consoleLevel":"INFO","disableConsoleAfterReady":false,"outputJSON":false,"buffer":true,"appLogName":"lab-manager-server-web.log","coreLogName":"egg-web.log","agentLogName":"egg-agent.log","errorLogName":"common-error.log","coreLogger":{"consoleLevel":"WARN"},"allowDebugAtProd":false,"enablePerformanceTimer":false,"enableFastContextLogger":false,"type":"application","localStorage":{}}
2026-05-27 16:14:52,608 INFO 7138 [egg-multipart] stream mode enable
2026-05-27 16:14:52,900 INFO 7138 [egg-static] starting static serve /public/ -> /home/gandiantx/lab-manager/server/app/public
2026-05-27 16:14:52,902 INFO 7138 [egg-security] use methodnoallow middleware
2026-05-27 16:14:52,902 INFO 7138 [egg-security] use noopen middleware
2026-05-27 16:14:52,903 INFO 7138 [egg-security] use nosniff middleware
2026-05-27 16:14:52,903 INFO 7138 [egg-security] use xssProtection middleware
2026-05-27 16:14:52,903 INFO 7138 [egg-security] use xframe middleware
2026-05-27 16:14:52,904 INFO 7138 [egg-security] use dta middleware
2026-05-27 16:14:52,904 INFO 7138 [egg-security] compose 6 middlewares into one security middleware
2026-05-27 16:14:52,914 INFO 7138 [egg:core] dump config after load, 6ms
2026-05-27 16:14:52,957 INFO 7138 [egg-watcher:application] watcher start success
2026-05-27 16:14:53,105 INFO 7138 egg start timeline:
▇▇▇▇▇▇▇▇▇▇▇▇▇▇▇▇▇▇▇ [409ms] - #0 Process Start
                   ▇▇▇▇▇▇▇▇▇▇▇▇▇▇▇▇▇▇▇▇▇▇▇▇▇▇▇▇▇▇ [628ms] - #1 Application Start
                   ▇ [6ms] - #2 Load Plugin
                    ▇ [10ms] - #3 Load Config
                    ▇ [0ms] - #4 Require(0) config/config.default.js
                    ▇ [0ms] - #5 Require(1) node_modules/egg-session/config/config.default.js
                    ▇ [1ms] - #6 Require(2) node_modules/egg-security/config/config.default.js
                    ▇ [0ms] - #7 Require(3) node_modules/egg-jsonp/config/config.default.js
                    ▇ [0ms] - #8 Require(4) node_modules/egg-onerror/config/config.default.js
                    ▇ [0ms] - #9 Require(5) node_modules/egg-i18n/config/config.default.js
                    ▇ [0ms] - #10 Require(6) node_modules/egg-watcher/config/config.default.js
                    ▇ [1ms] - #11 Require(7) node_modules/egg-schedule/config/config.default.js
                    ▇ [0ms] - #12 Require(8) node_modules/egg-multipart/config/config.default.js
                    ▇ [1ms] - #13 Require(9) node_modules/egg-development/config/config.default.js
                    ▇ [0ms] - #14 Require(10) node_modules/egg-logrotator/config/config.default.js
                    ▇ [0ms] - #15 Require(11) node_modules/egg-static/config/config.default.js
                    ▇ [1ms] - #16 Require(12) node_modules/egg-view/config/config.default.js
                    ▇ [0ms] - #17 Require(13) node_modules/egg-sequelize/config/config.default.js
                    ▇ [0ms] - #18 Require(14) node_modules/egg-jwt/config/config.default.js
                    ▇ [0ms] - #19 Require(15) node_modules/egg-validate/config/config.default.js
                    ▇ [1ms] - #20 Require(16) node_modules/egg-cors/config/config.default.js
                    ▇ [0ms] - #21 Require(17) node_modules/egg/config/config.default.js
                    ▇ [0ms] - #22 Require(18) config/config.default.js
                    ▇ [0ms] - #23 Require(19) node_modules/egg-security/config/config.local.js
                    ▇ [0ms] - #24 Require(20) node_modules/egg-watcher/config/config.local.js
                    ▇ [1ms] - #25 Require(21) node_modules/egg-view/config/config.local.js
                    ▇ [0ms] - #26 Require(22) node_modules/egg/config/config.local.js
                    ▇▇▇ [65ms] - #27 Load extend/application.js
                    ▇ [0ms] - #28 Require(23) node_modules/egg-session/app/extend/application.js
                    ▇ [1ms] - #29 Require(24) node_modules/egg-security/app/extend/application.js
                    ▇ [1ms] - #30 Require(25) node_modules/egg-jsonp/app/extend/application.js
                    ▇ [1ms] - #31 Require(26) node_modules/egg-schedule/app/extend/application.js
                    ▇ [1ms] - #32 Require(27) node_modules/egg-logrotator/app/extend/application.js
                     ▇ [0ms] - #33 Require(28) node_modules/egg-view/app/extend/application.js
                     ▇▇ [59ms] - #34 Require(29) node_modules/egg-jwt/app/extend/application.js
                       ▇ [2ms] - #35 Load extend/request.js
                       ▇ [1ms] - #36 Require(30) node_modules/egg/app/extend/request.js
                        ▇ [2ms] - #37 Load extend/response.js
                        ▇ [1ms] - #38 Require(31) node_modules/egg/app/extend/response.js
                        ▇ [15ms] - #39 Load extend/context.js
                        ▇ [3ms] - #40 Require(32) node_modules/egg-security/app/extend/context.js
                        ▇ [0ms] - #41 Require(33) node_modules/egg-jsonp/app/extend/context.js
                        ▇ [0ms] - #42 Require(34) node_modules/egg-i18n/app/extend/context.js
                        ▇ [7ms] - #43 Require(35) node_modules/egg-multipart/app/extend/context.js
                        ▇ [1ms] - #44 Require(36) node_modules/egg-view/app/extend/context.js
                        ▇ [0ms] - #45 Require(37) node_modules/egg-validate/app/extend/context.js
                        ▇ [1ms] - #46 Require(38) node_modules/egg/app/extend/context.js
                        ▇ [0ms] - #47 Require(39) app/extend/context.js
                        ▇ [9ms] - #48 Load extend/helper.js
                        ▇ [7ms] - #49 Require(40) node_modules/egg-security/app/extend/helper.js
                         ▇ [0ms] - #50 Require(41) node_modules/egg/app/extend/helper.js
                         ▇ [17ms] - #51 Load app.js
                         ▇ [1ms] - #52 Require(42) node_modules/egg-session/app.js
                         ▇ [0ms] - #53 Require(43) node_modules/egg-security/app.js
                         ▇ [5ms] - #54 Require(44) node_modules/egg-onerror/app.js
                         ▇ [4ms] - #55 Require(45) node_modules/egg-i18n/app.js
                         ▇ [3ms] - #56 Require(46) node_modules/egg-watcher/app.js
                         ▇ [0ms] - #57 Require(47) node_modules/egg-schedule/app.js
                         ▇ [0ms] - #58 Require(48) node_modules/egg-multipart/app.js
                         ▇ [0ms] - #59 Require(49) node_modules/egg-development/app.js
                         ▇ [0ms] - #60 Require(50) node_modules/egg-logrotator/app.js
                         ▇ [0ms] - #61 Require(51) node_modules/egg-static/app.js
                         ▇ [0ms] - #62 Require(52) node_modules/egg-sequelize/app.js
                         ▇ [0ms] - #63 Require(53) node_modules/egg-jwt/app.js
                          ▇ [0ms] - #64 Require(54) node_modules/egg-validate/app.js
                          ▇ [0ms] - #65 Require(55) node_modules/egg-cors/app.js
                          ▇ [0ms] - #66 Require(56) app.js
                          ▇▇▇▇▇▇▇▇▇▇▇▇▇▇▇▇ [342ms] - #67 Before Start in node_modules/egg-watcher/lib/init.js:15:14
                                     ▇ [11ms] - #68 Load "Symbol(model)" to Application
                                      ▇▇▇▇▇ [115ms] - #69 Before Start in node_modules/egg-sequelize/lib/loader.js:39:7
                                      ▇▇▇▇▇▇▇▇▇▇▇ [239ms] - #70 Before Start in app.js:4:7
                                      ▇ [7ms] - #71 Load Service
                                      ▇ [7ms] - #72 Load "service" to Context
                                      ▇ [39ms] - #73 Load Middleware
                                      ▇ [33ms] - #74 Load "middlewares" to Application
                                        ▇ [1ms] - #75 Load Controller
                                        ▇ [1ms] - #76 Load "controller" to Application
                                        ▇ [2ms] - #77 Load Router
                                        ▇ [1ms] - #78 Require(57) app/router.js
                                        ▇ [14ms] - #79 Before Start in node_modules/egg-core/lib/egg.js:328:10
2026-05-27 16:14:53,105 INFO 7138 [egg:core] dump config after ready, 5ms
2026-05-27 16:15:08,927 INFO 7171 [egg:logger] init all loggers with options: {"dir":"/home/gandiantx/lab-manager/server/logs/lab-manager-server","encoding":"utf8","env":"local","level":"INFO","consoleLevel":"INFO","disableConsoleAfterReady":false,"outputJSON":false,"buffer":true,"appLogName":"lab-manager-server-web.log","coreLogName":"egg-web.log","agentLogName":"egg-agent.log","errorLogName":"common-error.log","coreLogger":{"consoleLevel":"WARN"},"allowDebugAtProd":false,"enablePerformanceTimer":false,"enableFastContextLogger":false,"type":"application","localStorage":{}}
2026-05-27 16:15:08,927 INFO 7171 [egg-multipart] stream mode enable
2026-05-27 16:15:09,326 INFO 7171 [egg-static] starting static serve /public/ -> /home/gandiantx/lab-manager/server/app/public
2026-05-27 16:15:09,328 INFO 7171 [egg-security] use methodnoallow middleware
2026-05-27 16:15:09,328 INFO 7171 [egg-security] use noopen middleware
2026-05-27 16:15:09,328 INFO 7171 [egg-security] use nosniff middleware
2026-05-27 16:15:09,329 INFO 7171 [egg-security] use xssProtection middleware
2026-05-27 16:15:09,329 INFO 7171 [egg-security] use xframe middleware
2026-05-27 16:15:09,329 INFO 7171 [egg-security] use dta middleware
2026-05-27 16:15:09,329 INFO 7171 [egg-security] compose 6 middlewares into one security middleware
2026-05-27 16:15:09,340 INFO 7171 [egg:core] dump config after load, 5ms
2026-05-27 16:15:09,383 INFO 7171 [egg-watcher:application] watcher start success
2026-05-27 16:15:09,609 INFO 7171 egg start timeline:
▇▇▇▇▇▇▇▇▇▇▇▇▇▇▇▇ [416ms] - #0 Process Start
                ▇▇▇▇▇▇▇▇▇▇▇▇▇▇▇▇▇▇▇▇▇▇▇▇▇▇▇▇▇▇▇▇▇ [864ms] - #1 Application Start
                ▇ [7ms] - #2 Load Plugin
                ▇ [14ms] - #3 Load Config
                ▇ [0ms] - #4 Require(0) config/config.default.js
                ▇ [0ms] - #5 Require(1) node_modules/egg-session/config/config.default.js
                ▇ [0ms] - #6 Require(2) node_modules/egg-security/config/config.default.js
                ▇ [0ms] - #7 Require(3) node_modules/egg-jsonp/config/config.default.js
                ▇ [0ms] - #8 Require(4) node_modules/egg-onerror/config/config.default.js
                ▇ [0ms] - #9 Require(5) node_modules/egg-i18n/config/config.default.js
                ▇ [0ms] - #10 Require(6) node_modules/egg-watcher/config/config.default.js
                ▇ [0ms] - #11 Require(7) node_modules/egg-schedule/config/config.default.js
                ▇ [0ms] - #12 Require(8) node_modules/egg-multipart/config/config.default.js
                ▇ [0ms] - #13 Require(9) node_modules/egg-development/config/config.default.js
                ▇ [1ms] - #14 Require(10) node_modules/egg-logrotator/config/config.default.js
                 ▇ [0ms] - #15 Require(11) node_modules/egg-static/config/config.default.js
                 ▇ [0ms] - #16 Require(12) node_modules/egg-view/config/config.default.js
                 ▇ [0ms] - #17 Require(13) node_modules/egg-sequelize/config/config.default.js
                 ▇ [0ms] - #18 Require(14) node_modules/egg-jwt/config/config.default.js
                 ▇ [0ms] - #19 Require(15) node_modules/egg-validate/config/config.default.js
                 ▇ [0ms] - #20 Require(16) node_modules/egg-cors/config/config.default.js
                 ▇ [1ms] - #21 Require(17) node_modules/egg/config/config.default.js
                 ▇ [0ms] - #22 Require(18) config/config.default.js
                 ▇ [0ms] - #23 Require(19) node_modules/egg-security/config/config.local.js
                 ▇ [0ms] - #24 Require(20) node_modules/egg-watcher/config/config.local.js
                 ▇ [1ms] - #25 Require(21) node_modules/egg-view/config/config.local.js
                 ▇ [0ms] - #26 Require(22) node_modules/egg/config/config.local.js
                 ▇▇▇ [88ms] - #27 Load extend/application.js
                 ▇ [0ms] - #28 Require(23) node_modules/egg-session/app/extend/application.js
                 ▇ [1ms] - #29 Require(24) node_modules/egg-security/app/extend/application.js
                 ▇ [1ms] - #30 Require(25) node_modules/egg-jsonp/app/extend/application.js
                 ▇ [2ms] - #31 Require(26) node_modules/egg-schedule/app/extend/application.js
                 ▇ [1ms] - #32 Require(27) node_modules/egg-logrotator/app/extend/application.js
                 ▇ [1ms] - #33 Require(28) node_modules/egg-view/app/extend/application.js
                 ▇▇▇ [79ms] - #34 Require(29) node_modules/egg-jwt/app/extend/application.js
                    ▇ [3ms] - #35 Load extend/request.js
                    ▇ [1ms] - #36 Require(30) node_modules/egg/app/extend/request.js
                    ▇ [3ms] - #37 Load extend/response.js
                    ▇ [0ms] - #38 Require(31) node_modules/egg/app/extend/response.js
                     ▇ [22ms] - #39 Load extend/context.js
                     ▇ [6ms] - #40 Require(32) node_modules/egg-security/app/extend/context.js
                     ▇ [0ms] - #41 Require(33) node_modules/egg-jsonp/app/extend/context.js
                     ▇ [0ms] - #42 Require(34) node_modules/egg-i18n/app/extend/context.js
                     ▇ [10ms] - #43 Require(35) node_modules/egg-multipart/app/extend/context.js
                     ▇ [0ms] - #44 Require(36) node_modules/egg-view/app/extend/context.js
                     ▇ [0ms] - #45 Require(37) node_modules/egg-validate/app/extend/context.js
                     ▇ [1ms] - #46 Require(38) node_modules/egg/app/extend/context.js
                     ▇ [1ms] - #47 Require(39) app/extend/context.js
                     ▇ [14ms] - #48 Load extend/helper.js
                     ▇ [11ms] - #49 Require(40) node_modules/egg-security/app/extend/helper.js
                      ▇ [1ms] - #50 Require(41) node_modules/egg/app/extend/helper.js
                      ▇ [24ms] - #51 Load app.js
                      ▇ [0ms] - #52 Require(42) node_modules/egg-session/app.js
                      ▇ [1ms] - #53 Require(43) node_modules/egg-security/app.js
                      ▇ [5ms] - #54 Require(44) node_modules/egg-onerror/app.js
                      ▇ [6ms] - #55 Require(45) node_modules/egg-i18n/app.js
                      ▇ [5ms] - #56 Require(46) node_modules/egg-watcher/app.js
                       ▇ [0ms] - #57 Require(47) node_modules/egg-schedule/app.js
                       ▇ [1ms] - #58 Require(48) node_modules/egg-multipart/app.js
                       ▇ [0ms] - #59 Require(49) node_modules/egg-development/app.js
                       ▇ [1ms] - #60 Require(50) node_modules/egg-logrotator/app.js
                       ▇ [0ms] - #61 Require(51) node_modules/egg-static/app.js
                       ▇ [0ms] - #62 Require(52) node_modules/egg-sequelize/app.js
                       ▇ [1ms] - #63 Require(53) node_modules/egg-jwt/app.js
                       ▇ [1ms] - #64 Require(54) node_modules/egg-validate/app.js
                       ▇ [1ms] - #65 Require(55) node_modules/egg-cors/app.js
                       ▇ [0ms] - #66 Require(56) app.js
                       ▇▇▇▇▇▇▇▇▇▇▇▇▇▇▇▇▇ [449ms] - #67 Before Start in node_modules/egg-watcher/lib/init.js:15:14
                                    ▇ [11ms] - #68 Load "Symbol(model)" to Application
                                     ▇▇▇▇ [118ms] - #69 Before Start in node_modules/egg-sequelize/lib/loader.js:39:7
                                     ▇▇▇▇▇▇▇▇▇▇▇▇ [321ms] - #70 Before Start in app.js:4:7
                                     ▇ [7ms] - #71 Load Service
                                     ▇ [7ms] - #72 Load "service" to Context
                                     ▇ [40ms] - #73 Load Middleware
                                     ▇ [35ms] - #74 Load "middlewares" to Application
                                       ▇ [2ms] - #75 Load Controller
                                       ▇ [2ms] - #76 Load "controller" to Application
                                       ▇ [2ms] - #77 Load Router
                                       ▇ [0ms] - #78 Require(57) app/router.js
                                       ▇ [14ms] - #79 Before Start in node_modules/egg-core/lib/egg.js:328:10
2026-05-27 16:15:09,609 INFO 7171 [egg:core] dump config after ready, 4ms
2026-05-27 16:15:17,054 INFO 7197 [egg:logger] init all loggers with options: {"dir":"/home/gandiantx/lab-manager/server/logs/lab-manager-server","encoding":"utf8","env":"local","level":"INFO","consoleLevel":"INFO","disableConsoleAfterReady":false,"outputJSON":false,"buffer":true,"appLogName":"lab-manager-server-web.log","coreLogName":"egg-web.log","agentLogName":"egg-agent.log","errorLogName":"common-error.log","coreLogger":{"consoleLevel":"WARN"},"allowDebugAtProd":false,"enablePerformanceTimer":false,"enableFastContextLogger":false,"type":"application","localStorage":{}}
2026-05-27 16:15:17,055 INFO 7197 [egg-multipart] stream mode enable
2026-05-27 16:15:17,356 INFO 7197 [egg-static] starting static serve /public/ -> /home/gandiantx/lab-manager/server/app/public
2026-05-27 16:15:17,358 INFO 7197 [egg-security] use methodnoallow middleware
2026-05-27 16:15:17,358 INFO 7197 [egg-security] use noopen middleware
2026-05-27 16:15:17,359 INFO 7197 [egg-security] use nosniff middleware
2026-05-27 16:15:17,359 INFO 7197 [egg-security] use xssProtection middleware
2026-05-27 16:15:17,359 INFO 7197 [egg-security] use xframe middleware
2026-05-27 16:15:17,360 INFO 7197 [egg-security] use dta middleware
2026-05-27 16:15:17,360 INFO 7197 [egg-security] compose 6 middlewares into one security middleware
2026-05-27 16:15:17,373 INFO 7197 [egg:core] dump config after load, 7ms
2026-05-27 16:15:17,420 INFO 7197 [egg-watcher:application] watcher start success
2026-05-27 16:15:17,679 INFO 7197 egg start timeline:
▇▇▇▇▇▇▇▇▇▇▇▇▇▇▇▇▇ [413ms] - #0 Process Start
                 ▇▇▇▇▇▇▇▇▇▇▇▇▇▇▇▇▇▇▇▇▇▇▇▇▇▇▇▇▇▇▇ [751ms] - #1 Application Start
                 ▇ [7ms] - #2 Load Plugin
                  ▇ [14ms] - #3 Load Config
                  ▇ [0ms] - #4 Require(0) config/config.default.js
                  ▇ [0ms] - #5 Require(1) node_modules/egg-session/config/config.default.js
                  ▇ [0ms] - #6 Require(2) node_modules/egg-security/config/config.default.js
                  ▇ [0ms] - #7 Require(3) node_modules/egg-jsonp/config/config.default.js
                  ▇ [1ms] - #8 Require(4) node_modules/egg-onerror/config/config.default.js
                  ▇ [0ms] - #9 Require(5) node_modules/egg-i18n/config/config.default.js
                  ▇ [1ms] - #10 Require(6) node_modules/egg-watcher/config/config.default.js
                  ▇ [0ms] - #11 Require(7) node_modules/egg-schedule/config/config.default.js
                  ▇ [1ms] - #12 Require(8) node_modules/egg-multipart/config/config.default.js
                  ▇ [0ms] - #13 Require(9) node_modules/egg-development/config/config.default.js
                  ▇ [1ms] - #14 Require(10) node_modules/egg-logrotator/config/config.default.js
                  ▇ [0ms] - #15 Require(11) node_modules/egg-static/config/config.default.js
                  ▇ [1ms] - #16 Require(12) node_modules/egg-view/config/config.default.js
                  ▇ [0ms] - #17 Require(13) node_modules/egg-sequelize/config/config.default.js
                  ▇ [1ms] - #18 Require(14) node_modules/egg-jwt/config/config.default.js
                  ▇ [0ms] - #19 Require(15) node_modules/egg-validate/config/config.default.js
                  ▇ [0ms] - #20 Require(16) node_modules/egg-cors/config/config.default.js
                  ▇ [1ms] - #21 Require(17) node_modules/egg/config/config.default.js
                  ▇ [0ms] - #22 Require(18) config/config.default.js
                  ▇ [0ms] - #23 Require(19) node_modules/egg-security/config/config.local.js
                  ▇ [1ms] - #24 Require(20) node_modules/egg-watcher/config/config.local.js
                  ▇ [0ms] - #25 Require(21) node_modules/egg-view/config/config.local.js
                  ▇ [0ms] - #26 Require(22) node_modules/egg/config/config.local.js
                  ▇▇ [64ms] - #27 Load extend/application.js
                  ▇ [1ms] - #28 Require(23) node_modules/egg-session/app/extend/application.js
                  ▇ [0ms] - #29 Require(24) node_modules/egg-security/app/extend/application.js
                  ▇ [2ms] - #30 Require(25) node_modules/egg-jsonp/app/extend/application.js
                  ▇ [2ms] - #31 Require(26) node_modules/egg-schedule/app/extend/application.js
                  ▇ [1ms] - #32 Require(27) node_modules/egg-logrotator/app/extend/application.js
                   ▇ [1ms] - #33 Require(28) node_modules/egg-view/app/extend/application.js
                   ▇▇ [54ms] - #34 Require(29) node_modules/egg-jwt/app/extend/application.js
                     ▇ [3ms] - #35 Load extend/request.js
                     ▇ [1ms] - #36 Require(30) node_modules/egg/app/extend/request.js
                     ▇ [2ms] - #37 Load extend/response.js
                     ▇ [0ms] - #38 Require(31) node_modules/egg/app/extend/response.js
                     ▇ [15ms] - #39 Load extend/context.js
                     ▇ [4ms] - #40 Require(32) node_modules/egg-security/app/extend/context.js
                     ▇ [0ms] - #41 Require(33) node_modules/egg-jsonp/app/extend/context.js
                     ▇ [0ms] - #42 Require(34) node_modules/egg-i18n/app/extend/context.js
                     ▇ [6ms] - #43 Require(35) node_modules/egg-multipart/app/extend/context.js
                      ▇ [1ms] - #44 Require(36) node_modules/egg-view/app/extend/context.js
                      ▇ [0ms] - #45 Require(37) node_modules/egg-validate/app/extend/context.js
                      ▇ [1ms] - #46 Require(38) node_modules/egg/app/extend/context.js
                      ▇ [0ms] - #47 Require(39) app/extend/context.js
                      ▇ [8ms] - #48 Load extend/helper.js
                      ▇ [6ms] - #49 Require(40) node_modules/egg-security/app/extend/helper.js
                      ▇ [0ms] - #50 Require(41) node_modules/egg/app/extend/helper.js
                      ▇ [16ms] - #51 Load app.js
                      ▇ [1ms] - #52 Require(42) node_modules/egg-session/app.js
                      ▇ [0ms] - #53 Require(43) node_modules/egg-security/app.js
                      ▇ [4ms] - #54 Require(44) node_modules/egg-onerror/app.js
                      ▇ [3ms] - #55 Require(45) node_modules/egg-i18n/app.js
                       ▇ [3ms] - #56 Require(46) node_modules/egg-watcher/app.js
                       ▇ [1ms] - #57 Require(47) node_modules/egg-schedule/app.js
                       ▇ [0ms] - #58 Require(48) node_modules/egg-multipart/app.js
                       ▇ [1ms] - #59 Require(49) node_modules/egg-development/app.js
                       ▇ [0ms] - #60 Require(50) node_modules/egg-logrotator/app.js
                       ▇ [0ms] - #61 Require(51) node_modules/egg-static/app.js
                       ▇ [1ms] - #62 Require(52) node_modules/egg-sequelize/app.js
                       ▇ [0ms] - #63 Require(53) node_modules/egg-jwt/app.js
                       ▇ [1ms] - #64 Require(54) node_modules/egg-validate/app.js
                       ▇ [0ms] - #65 Require(55) node_modules/egg-cors/app.js
                       ▇ [0ms] - #66 Require(56) app.js
                       ▇▇▇▇▇▇▇▇▇▇▇▇▇▇▇ [359ms] - #67 Before Start in node_modules/egg-watcher/lib/init.js:15:14
                                 ▇ [10ms] - #68 Load "Symbol(model)" to Application
                                  ▇▇▇▇▇ [127ms] - #69 Before Start in node_modules/egg-sequelize/lib/loader.js:39:7
                                  ▇▇▇▇▇▇▇▇▇▇▇▇▇▇▇ [359ms] - #70 Before Start in app.js:4:7
                                  ▇ [9ms] - #71 Load Service
                                  ▇ [8ms] - #72 Load "service" to Context
                                  ▇ [47ms] - #73 Load Middleware
                                  ▇ [40ms] - #74 Load "middlewares" to Application
                                    ▇ [3ms] - #75 Load Controller
                                    ▇ [3ms] - #76 Load "controller" to Application
                                    ▇ [2ms] - #77 Load Router
                                    ▇ [0ms] - #78 Require(57) app/router.js
                                    ▇ [17ms] - #79 Before Start in node_modules/egg-core/lib/egg.js:328:10
2026-05-27 16:15:17,680 INFO 7197 [egg:core] dump config after ready, 11ms
2026-05-27 16:15:21,788 INFO 7218 [egg:logger] init all loggers with options: {"dir":"/home/gandiantx/lab-manager/server/logs/lab-manager-server","encoding":"utf8","env":"local","level":"INFO","consoleLevel":"INFO","disableConsoleAfterReady":false,"outputJSON":false,"buffer":true,"appLogName":"lab-manager-server-web.log","coreLogName":"egg-web.log","agentLogName":"egg-agent.log","errorLogName":"common-error.log","coreLogger":{"consoleLevel":"WARN"},"allowDebugAtProd":false,"enablePerformanceTimer":false,"enableFastContextLogger":false,"type":"application","localStorage":{}}
2026-05-27 16:15:21,788 INFO 7218 [egg-multipart] stream mode enable
2026-05-27 16:15:22,120 INFO 7218 [egg-static] starting static serve /public/ -> /home/gandiantx/lab-manager/server/app/public
2026-05-27 16:15:22,122 INFO 7218 [egg-security] use methodnoallow middleware
2026-05-27 16:15:22,123 INFO 7218 [egg-security] use noopen middleware
2026-05-27 16:15:22,123 INFO 7218 [egg-security] use nosniff middleware
2026-05-27 16:15:22,123 INFO 7218 [egg-security] use xssProtection middleware
2026-05-27 16:15:22,124 INFO 7218 [egg-security] use xframe middleware
2026-05-27 16:15:22,124 INFO 7218 [egg-security] use dta middleware
2026-05-27 16:15:22,124 INFO 7218 [egg-security] compose 6 middlewares into one security middleware
2026-05-27 16:15:22,136 INFO 7218 [egg:core] dump config after load, 6ms
2026-05-27 16:15:22,181 INFO 7218 [egg-watcher:application] watcher start success
2026-05-27 16:15:22,406 INFO 7218 egg start timeline:
▇▇▇▇▇▇▇▇▇▇▇▇▇▇▇▇▇ [418ms] - #0 Process Start
                 ▇▇▇▇▇▇▇▇▇▇▇▇▇▇▇▇▇▇▇▇▇▇▇▇▇▇▇▇▇▇▇ [750ms] - #1 Application Start
                  ▇ [7ms] - #2 Load Plugin
                  ▇ [11ms] - #3 Load Config
                  ▇ [0ms] - #4 Require(0) config/config.default.js
                  ▇ [0ms] - #5 Require(1) node_modules/egg-session/config/config.default.js
                  ▇ [0ms] - #6 Require(2) node_modules/egg-security/config/config.default.js
                  ▇ [0ms] - #7 Require(3) node_modules/egg-jsonp/config/config.default.js
                  ▇ [0ms] - #8 Require(4) node_modules/egg-onerror/config/config.default.js
                  ▇ [0ms] - #9 Require(5) node_modules/egg-i18n/config/config.default.js
                  ▇ [0ms] - #10 Require(6) node_modules/egg-watcher/config/config.default.js
                  ▇ [0ms] - #11 Require(7) node_modules/egg-schedule/config/config.default.js
                  ▇ [0ms] - #12 Require(8) node_modules/egg-multipart/config/config.default.js
                  ▇ [0ms] - #13 Require(9) node_modules/egg-development/config/config.default.js
                  ▇ [1ms] - #14 Require(10) node_modules/egg-logrotator/config/config.default.js
                  ▇ [0ms] - #15 Require(11) node_modules/egg-static/config/config.default.js
                  ▇ [0ms] - #16 Require(12) node_modules/egg-view/config/config.default.js
                  ▇ [0ms] - #17 Require(13) node_modules/egg-sequelize/config/config.default.js
                  ▇ [0ms] - #18 Require(14) node_modules/egg-jwt/config/config.default.js
                  ▇ [0ms] - #19 Require(15) node_modules/egg-validate/config/config.default.js
                  ▇ [0ms] - #20 Require(16) node_modules/egg-cors/config/config.default.js
                  ▇ [0ms] - #21 Require(17) node_modules/egg/config/config.default.js
                  ▇ [0ms] - #22 Require(18) config/config.default.js
                  ▇ [0ms] - #23 Require(19) node_modules/egg-security/config/config.local.js
                  ▇ [0ms] - #24 Require(20) node_modules/egg-watcher/config/config.local.js
                  ▇ [0ms] - #25 Require(21) node_modules/egg-view/config/config.local.js
                  ▇ [0ms] - #26 Require(22) node_modules/egg/config/config.local.js
                  ▇▇ [64ms] - #27 Load extend/application.js
                  ▇ [0ms] - #28 Require(23) node_modules/egg-session/app/extend/application.js
                  ▇ [0ms] - #29 Require(24) node_modules/egg-security/app/extend/application.js
                  ▇ [1ms] - #30 Require(25) node_modules/egg-jsonp/app/extend/application.js
                  ▇ [2ms] - #31 Require(26) node_modules/egg-schedule/app/extend/application.js
                   ▇ [1ms] - #32 Require(27) node_modules/egg-logrotator/app/extend/application.js
                   ▇ [0ms] - #33 Require(28) node_modules/egg-view/app/extend/application.js
                   ▇▇ [57ms] - #34 Require(29) node_modules/egg-jwt/app/extend/application.js
                     ▇ [2ms] - #35 Load extend/request.js
                     ▇ [1ms] - #36 Require(30) node_modules/egg/app/extend/request.js
                     ▇ [3ms] - #37 Load extend/response.js
                     ▇ [1ms] - #38 Require(31) node_modules/egg/app/extend/response.js
                     ▇ [16ms] - #39 Load extend/context.js
                     ▇ [4ms] - #40 Require(32) node_modules/egg-security/app/extend/context.js
                     ▇ [1ms] - #41 Require(33) node_modules/egg-jsonp/app/extend/context.js
                      ▇ [0ms] - #42 Require(34) node_modules/egg-i18n/app/extend/context.js
                      ▇ [8ms] - #43 Require(35) node_modules/egg-multipart/app/extend/context.js
                      ▇ [0ms] - #44 Require(36) node_modules/egg-view/app/extend/context.js
                      ▇ [0ms] - #45 Require(37) node_modules/egg-validate/app/extend/context.js
                      ▇ [0ms] - #46 Require(38) node_modules/egg/app/extend/context.js
                      ▇ [1ms] - #47 Require(39) app/extend/context.js
                      ▇ [11ms] - #48 Load extend/helper.js
                      ▇ [8ms] - #49 Require(40) node_modules/egg-security/app/extend/helper.js
                      ▇ [1ms] - #50 Require(41) node_modules/egg/app/extend/helper.js
                      ▇ [15ms] - #51 Load app.js
                      ▇ [0ms] - #52 Require(42) node_modules/egg-session/app.js
                      ▇ [1ms] - #53 Require(43) node_modules/egg-security/app.js
                       ▇ [3ms] - #54 Require(44) node_modules/egg-onerror/app.js
                       ▇ [4ms] - #55 Require(45) node_modules/egg-i18n/app.js
                       ▇ [3ms] - #56 Require(46) node_modules/egg-watcher/app.js
                       ▇ [0ms] - #57 Require(47) node_modules/egg-schedule/app.js
                       ▇ [0ms] - #58 Require(48) node_modules/egg-multipart/app.js
                       ▇ [0ms] - #59 Require(49) node_modules/egg-development/app.js
                       ▇ [1ms] - #60 Require(50) node_modules/egg-logrotator/app.js
                       ▇ [0ms] - #61 Require(51) node_modules/egg-static/app.js
                       ▇ [0ms] - #62 Require(52) node_modules/egg-sequelize/app.js
                       ▇ [0ms] - #63 Require(53) node_modules/egg-jwt/app.js
                       ▇ [0ms] - #64 Require(54) node_modules/egg-validate/app.js
                       ▇ [0ms] - #65 Require(55) node_modules/egg-cors/app.js
                       ▇ [0ms] - #66 Require(56) app.js
                       ▇▇▇▇▇▇▇▇▇▇▇▇▇▇▇▇ [389ms] - #67 Before Start in node_modules/egg-watcher/lib/init.js:15:14
                                  ▇ [14ms] - #68 Load "Symbol(model)" to Application
                                   ▇▇▇▇▇ [129ms] - #69 Before Start in node_modules/egg-sequelize/lib/loader.js:39:7
                                   ▇▇▇▇▇▇▇▇▇▇▇▇▇ [328ms] - #70 Before Start in app.js:4:7
                                   ▇ [11ms] - #71 Load Service
                                   ▇ [11ms] - #72 Load "service" to Context
                                    ▇ [44ms] - #73 Load Middleware
                                    ▇ [37ms] - #74 Load "middlewares" to Application
                                      ▇ [2ms] - #75 Load Controller
                                      ▇ [2ms] - #76 Load "controller" to Application
                                      ▇ [3ms] - #77 Load Router
                                      ▇ [0ms] - #78 Require(57) app/router.js
                                      ▇ [15ms] - #79 Before Start in node_modules/egg-core/lib/egg.js:328:10
2026-05-27 16:15:22,406 INFO 7218 [egg:core] dump config after ready, 6ms
2026-05-27 16:15:55,888 INFO 7278 [egg:logger] init all loggers with options: {"dir":"/home/gandiantx/lab-manager/server/logs/lab-manager-server","encoding":"utf8","env":"local","level":"INFO","consoleLevel":"INFO","disableConsoleAfterReady":false,"outputJSON":false,"buffer":true,"appLogName":"lab-manager-server-web.log","coreLogName":"egg-web.log","agentLogName":"egg-agent.log","errorLogName":"common-error.log","coreLogger":{"consoleLevel":"WARN"},"allowDebugAtProd":false,"enablePerformanceTimer":false,"enableFastContextLogger":false,"type":"application","localStorage":{}}
2026-05-27 16:15:55,888 INFO 7278 [egg-multipart] stream mode enable
2026-05-27 16:15:56,188 INFO 7278 [egg-static] starting static serve /public/ -> /home/gandiantx/lab-manager/server/app/public
2026-05-27 16:15:56,190 INFO 7278 [egg-security] use methodnoallow middleware
2026-05-27 16:15:56,190 INFO 7278 [egg-security] use noopen middleware
2026-05-27 16:15:56,190 INFO 7278 [egg-security] use nosniff middleware
2026-05-27 16:15:56,191 INFO 7278 [egg-security] use xssProtection middleware
2026-05-27 16:15:56,191 INFO 7278 [egg-security] use xframe middleware
2026-05-27 16:15:56,191 INFO 7278 [egg-security] use dta middleware
2026-05-27 16:15:56,191 INFO 7278 [egg-security] compose 6 middlewares into one security middleware
2026-05-27 16:15:56,203 INFO 7278 [egg:core] dump config after load, 5ms
2026-05-27 16:15:56,229 INFO 7278 [egg-watcher:application] watcher start success
2026-05-27 16:15:56,480 INFO 7278 egg start timeline:
▇▇▇▇▇▇▇▇▇▇▇▇▇▇▇▇▇▇ [417ms] - #0 Process Start
                  ▇▇▇▇▇▇▇▇▇▇▇▇▇▇▇▇▇▇▇▇▇▇▇▇▇▇▇▇▇▇▇ [712ms] - #1 Application Start
                  ▇ [6ms] - #2 Load Plugin
                  ▇ [10ms] - #3 Load Config
                  ▇ [1ms] - #4 Require(0) config/config.default.js
                  ▇ [0ms] - #5 Require(1) node_modules/egg-session/config/config.default.js
                  ▇ [0ms] - #6 Require(2) node_modules/egg-security/config/config.default.js
                  ▇ [0ms] - #7 Require(3) node_modules/egg-jsonp/config/config.default.js
                  ▇ [0ms] - #8 Require(4) node_modules/egg-onerror/config/config.default.js
                  ▇ [0ms] - #9 Require(5) node_modules/egg-i18n/config/config.default.js
                   ▇ [0ms] - #10 Require(6) node_modules/egg-watcher/config/config.default.js
                   ▇ [0ms] - #11 Require(7) node_modules/egg-schedule/config/config.default.js
                   ▇ [0ms] - #12 Require(8) node_modules/egg-multipart/config/config.default.js
                   ▇ [0ms] - #13 Require(9) node_modules/egg-development/config/config.default.js
                   ▇ [0ms] - #14 Require(10) node_modules/egg-logrotator/config/config.default.js
                   ▇ [0ms] - #15 Require(11) node_modules/egg-static/config/config.default.js
                   ▇ [0ms] - #16 Require(12) node_modules/egg-view/config/config.default.js
                   ▇ [0ms] - #17 Require(13) node_modules/egg-sequelize/config/config.default.js
                   ▇ [1ms] - #18 Require(14) node_modules/egg-jwt/config/config.default.js
                   ▇ [0ms] - #19 Require(15) node_modules/egg-validate/config/config.default.js
                   ▇ [0ms] - #20 Require(16) node_modules/egg-cors/config/config.default.js
                   ▇ [0ms] - #21 Require(17) node_modules/egg/config/config.default.js
                   ▇ [0ms] - #22 Require(18) config/config.default.js
                   ▇ [0ms] - #23 Require(19) node_modules/egg-security/config/config.local.js
                   ▇ [0ms] - #24 Require(20) node_modules/egg-watcher/config/config.local.js
                   ▇ [0ms] - #25 Require(21) node_modules/egg-view/config/config.local.js
                   ▇ [0ms] - #26 Require(22) node_modules/egg/config/config.local.js
                   ▇▇ [62ms] - #27 Load extend/application.js
                   ▇ [0ms] - #28 Require(23) node_modules/egg-session/app/extend/application.js
                   ▇ [0ms] - #29 Require(24) node_modules/egg-security/app/extend/application.js
                   ▇ [1ms] - #30 Require(25) node_modules/egg-jsonp/app/extend/application.js
                   ▇ [2ms] - #31 Require(26) node_modules/egg-schedule/app/extend/application.js
                   ▇ [0ms] - #32 Require(27) node_modules/egg-logrotator/app/extend/application.js
                   ▇ [1ms] - #33 Require(28) node_modules/egg-view/app/extend/application.js
                   ▇▇ [56ms] - #34 Require(29) node_modules/egg-jwt/app/extend/application.js
                      ▇ [3ms] - #35 Load extend/request.js
                      ▇ [0ms] - #36 Require(30) node_modules/egg/app/extend/request.js
                      ▇ [2ms] - #37 Load extend/response.js
                      ▇ [0ms] - #38 Require(31) node_modules/egg/app/extend/response.js
                      ▇ [17ms] - #39 Load extend/context.js
                      ▇ [4ms] - #40 Require(32) node_modules/egg-security/app/extend/context.js
                      ▇ [0ms] - #41 Require(33) node_modules/egg-jsonp/app/extend/context.js
                      ▇ [0ms] - #42 Require(34) node_modules/egg-i18n/app/extend/context.js
                      ▇ [9ms] - #43 Require(35) node_modules/egg-multipart/app/extend/context.js
                      ▇ [1ms] - #44 Require(36) node_modules/egg-view/app/extend/context.js
                      ▇ [0ms] - #45 Require(37) node_modules/egg-validate/app/extend/context.js
                      ▇ [1ms] - #46 Require(38) node_modules/egg/app/extend/context.js
                      ▇ [0ms] - #47 Require(39) app/extend/context.js
                      ▇ [8ms] - #48 Load extend/helper.js
                      ▇ [7ms] - #49 Require(40) node_modules/egg-security/app/extend/helper.js
                       ▇ [0ms] - #50 Require(41) node_modules/egg/app/extend/helper.js
                       ▇ [14ms] - #51 Load app.js
                       ▇ [0ms] - #52 Require(42) node_modules/egg-session/app.js
                       ▇ [0ms] - #53 Require(43) node_modules/egg-security/app.js
                       ▇ [3ms] - #54 Require(44) node_modules/egg-onerror/app.js
                       ▇ [4ms] - #55 Require(45) node_modules/egg-i18n/app.js
                       ▇ [2ms] - #56 Require(46) node_modules/egg-watcher/app.js
                       ▇ [1ms] - #57 Require(47) node_modules/egg-schedule/app.js
                       ▇ [0ms] - #58 Require(48) node_modules/egg-multipart/app.js
                       ▇ [0ms] - #59 Require(49) node_modules/egg-development/app.js
                       ▇ [0ms] - #60 Require(50) node_modules/egg-logrotator/app.js
                       ▇ [0ms] - #61 Require(51) node_modules/egg-static/app.js
                       ▇ [0ms] - #62 Require(52) node_modules/egg-sequelize/app.js
                       ▇ [0ms] - #63 Require(53) node_modules/egg-jwt/app.js
                       ▇ [1ms] - #64 Require(54) node_modules/egg-validate/app.js
                       ▇ [0ms] - #65 Require(55) node_modules/egg-cors/app.js
                       ▇ [0ms] - #66 Require(56) app.js
                        ▇▇▇▇▇▇▇▇▇▇▇▇▇▇ [336ms] - #67 Before Start in node_modules/egg-watcher/lib/init.js:15:14
                                  ▇ [11ms] - #68 Load "Symbol(model)" to Application
                                   ▇▇▇▇ [100ms] - #69 Before Start in node_modules/egg-sequelize/lib/loader.js:39:7
                                   ▇▇▇▇▇▇▇▇▇▇▇▇▇▇ [321ms] - #70 Before Start in app.js:4:7
                                   ▇ [6ms] - #71 Load Service
                                   ▇ [6ms] - #72 Load "service" to Context
                                   ▇ [39ms] - #73 Load Middleware
                                   ▇ [32ms] - #74 Load "middlewares" to Application
                                     ▇ [2ms] - #75 Load Controller
                                     ▇ [2ms] - #76 Load "controller" to Application
                                     ▇ [3ms] - #77 Load Router
                                     ▇ [1ms] - #78 Require(57) app/router.js
                                     ▇ [14ms] - #79 Before Start in node_modules/egg-core/lib/egg.js:328:10
2026-05-27 16:15:56,480 INFO 7278 [egg:core] dump config after ready, 10ms
2026-05-27 16:15:59,395 INFO 7296 [egg:logger] init all loggers with options: {"dir":"/home/gandiantx/lab-manager/server/logs/lab-manager-server","encoding":"utf8","env":"local","level":"INFO","consoleLevel":"INFO","disableConsoleAfterReady":false,"outputJSON":false,"buffer":true,"appLogName":"lab-manager-server-web.log","coreLogName":"egg-web.log","agentLogName":"egg-agent.log","errorLogName":"common-error.log","coreLogger":{"consoleLevel":"WARN"},"allowDebugAtProd":false,"enablePerformanceTimer":false,"enableFastContextLogger":false,"type":"application","localStorage":{}}
2026-05-27 16:15:59,395 INFO 7296 [egg-multipart] stream mode enable
2026-05-27 16:15:59,694 INFO 7296 [egg-static] starting static serve /public/ -> /home/gandiantx/lab-manager/server/app/public
2026-05-27 16:15:59,696 INFO 7296 [egg-security] use methodnoallow middleware
2026-05-27 16:15:59,696 INFO 7296 [egg-security] use noopen middleware
2026-05-27 16:15:59,697 INFO 7296 [egg-security] use nosniff middleware
2026-05-27 16:15:59,697 INFO 7296 [egg-security] use xssProtection middleware
2026-05-27 16:15:59,697 INFO 7296 [egg-security] use xframe middleware
2026-05-27 16:15:59,697 INFO 7296 [egg-security] use dta middleware
2026-05-27 16:15:59,697 INFO 7296 [egg-security] compose 6 middlewares into one security middleware
2026-05-27 16:15:59,709 INFO 7296 [egg:core] dump config after load, 6ms
2026-05-27 16:15:59,757 INFO 7296 [egg-watcher:application] watcher start success
2026-05-27 16:16:00,036 INFO 7296 egg start timeline:
▇▇▇▇▇▇▇▇▇▇▇▇▇▇▇▇▇▇▇▇▇ [566ms] - #0 Process Start
                     ▇▇▇▇▇▇▇▇▇▇▇▇▇▇▇▇▇▇▇▇▇▇▇▇▇▇▇▇ [763ms] - #1 Application Start
                     ▇ [7ms] - #2 Load Plugin
                     ▇ [11ms] - #3 Load Config
                     ▇ [0ms] - #4 Require(0) config/config.default.js
                     ▇ [0ms] - #5 Require(1) node_modules/egg-session/config/config.default.js
                     ▇ [1ms] - #6 Require(2) node_modules/egg-security/config/config.default.js
                     ▇ [0ms] - #7 Require(3) node_modules/egg-jsonp/config/config.default.js
                     ▇ [0ms] - #8 Require(4) node_modules/egg-onerror/config/config.default.js
                     ▇ [0ms] - #9 Require(5) node_modules/egg-i18n/config/config.default.js
                     ▇ [0ms] - #10 Require(6) node_modules/egg-watcher/config/config.default.js
                     ▇ [1ms] - #11 Require(7) node_modules/egg-schedule/config/config.default.js
                     ▇ [0ms] - #12 Require(8) node_modules/egg-multipart/config/config.default.js
                     ▇ [0ms] - #13 Require(9) node_modules/egg-development/config/config.default.js
                     ▇ [0ms] - #14 Require(10) node_modules/egg-logrotator/config/config.default.js
                     ▇ [0ms] - #15 Require(11) node_modules/egg-static/config/config.default.js
                     ▇ [0ms] - #16 Require(12) node_modules/egg-view/config/config.default.js
                     ▇ [0ms] - #17 Require(13) node_modules/egg-sequelize/config/config.default.js
                     ▇ [0ms] - #18 Require(14) node_modules/egg-jwt/config/config.default.js
                     ▇ [0ms] - #19 Require(15) node_modules/egg-validate/config/config.default.js
                     ▇ [0ms] - #20 Require(16) node_modules/egg-cors/config/config.default.js
                     ▇ [0ms] - #21 Require(17) node_modules/egg/config/config.default.js
                     ▇ [0ms] - #22 Require(18) config/config.default.js
                     ▇ [0ms] - #23 Require(19) node_modules/egg-security/config/config.local.js
                     ▇ [0ms] - #24 Require(20) node_modules/egg-watcher/config/config.local.js
                     ▇ [0ms] - #25 Require(21) node_modules/egg-view/config/config.local.js
                     ▇ [0ms] - #26 Require(22) node_modules/egg/config/config.local.js
                      ▇▇ [62ms] - #27 Load extend/application.js
                      ▇ [0ms] - #28 Require(23) node_modules/egg-session/app/extend/application.js
                      ▇ [1ms] - #29 Require(24) node_modules/egg-security/app/extend/application.js
                      ▇ [1ms] - #30 Require(25) node_modules/egg-jsonp/app/extend/application.js
                      ▇ [2ms] - #31 Require(26) node_modules/egg-schedule/app/extend/application.js
                      ▇ [0ms] - #32 Require(27) node_modules/egg-logrotator/app/extend/application.js
                      ▇ [0ms] - #33 Require(28) node_modules/egg-view/app/extend/application.js
                      ▇▇ [56ms] - #34 Require(29) node_modules/egg-jwt/app/extend/application.js
                        ▇ [2ms] - #35 Load extend/request.js
                        ▇ [1ms] - #36 Require(30) node_modules/egg/app/extend/request.js
                        ▇ [2ms] - #37 Load extend/response.js
                        ▇ [0ms] - #38 Require(31) node_modules/egg/app/extend/response.js
                        ▇ [16ms] - #39 Load extend/context.js
                        ▇ [5ms] - #40 Require(32) node_modules/egg-security/app/extend/context.js
                        ▇ [0ms] - #41 Require(33) node_modules/egg-jsonp/app/extend/context.js
                        ▇ [0ms] - #42 Require(34) node_modules/egg-i18n/app/extend/context.js
                        ▇ [7ms] - #43 Require(35) node_modules/egg-multipart/app/extend/context.js
                         ▇ [1ms] - #44 Require(36) node_modules/egg-view/app/extend/context.js
                         ▇ [0ms] - #45 Require(37) node_modules/egg-validate/app/extend/context.js
                         ▇ [1ms] - #46 Require(38) node_modules/egg/app/extend/context.js
                         ▇ [0ms] - #47 Require(39) app/extend/context.js
                         ▇ [10ms] - #48 Load extend/helper.js
                         ▇ [8ms] - #49 Require(40) node_modules/egg-security/app/extend/helper.js
                         ▇ [0ms] - #50 Require(41) node_modules/egg/app/extend/helper.js
                         ▇ [15ms] - #51 Load app.js
                         ▇ [0ms] - #52 Require(42) node_modules/egg-session/app.js
                         ▇ [0ms] - #53 Require(43) node_modules/egg-security/app.js
                         ▇ [4ms] - #54 Require(44) node_modules/egg-onerror/app.js
                         ▇ [4ms] - #55 Require(45) node_modules/egg-i18n/app.js
                         ▇ [2ms] - #56 Require(46) node_modules/egg-watcher/app.js
                         ▇ [1ms] - #57 Require(47) node_modules/egg-schedule/app.js
                         ▇ [0ms] - #58 Require(48) node_modules/egg-multipart/app.js
                         ▇ [1ms] - #59 Require(49) node_modules/egg-development/app.js
                         ▇ [0ms] - #60 Require(50) node_modules/egg-logrotator/app.js
                         ▇ [0ms] - #61 Require(51) node_modules/egg-static/app.js
                         ▇ [0ms] - #62 Require(52) node_modules/egg-sequelize/app.js
                         ▇ [0ms] - #63 Require(53) node_modules/egg-jwt/app.js
                          ▇ [1ms] - #64 Require(54) node_modules/egg-validate/app.js
                          ▇ [0ms] - #65 Require(55) node_modules/egg-cors/app.js
                          ▇ [0ms] - #66 Require(56) app.js
                          ▇▇▇▇▇▇▇▇▇▇▇▇ [349ms] - #67 Before Start in node_modules/egg-watcher/lib/init.js:15:14
                                   ▇ [12ms] - #68 Load "Symbol(model)" to Application
                                   ▇▇▇▇ [120ms] - #69 Before Start in node_modules/egg-sequelize/lib/loader.js:39:7
                                   ▇▇▇▇▇▇▇▇▇▇▇▇▇ [370ms] - #70 Before Start in app.js:4:7
                                   ▇ [7ms] - #71 Load Service
                                   ▇ [7ms] - #72 Load "service" to Context
                                   ▇ [41ms] - #73 Load Middleware
                                   ▇ [36ms] - #74 Load "middlewares" to Application
                                     ▇ [1ms] - #75 Load Controller
                                     ▇ [1ms] - #76 Load "controller" to Application
                                     ▇ [3ms] - #77 Load Router
                                     ▇ [0ms] - #78 Require(57) app/router.js
                                     ▇ [14ms] - #79 Before Start in node_modules/egg-core/lib/egg.js:328:10
2026-05-27 16:16:00,036 INFO 7296 [egg:core] dump config after ready, 11ms
2026-05-27 16:16:02,225 INFO 7308 [egg:logger] init all loggers with options: {"dir":"/home/gandiantx/lab-manager/server/logs/lab-manager-server","encoding":"utf8","env":"local","level":"INFO","consoleLevel":"INFO","disableConsoleAfterReady":false,"outputJSON":false,"buffer":true,"appLogName":"lab-manager-server-web.log","coreLogName":"egg-web.log","agentLogName":"egg-agent.log","errorLogName":"common-error.log","coreLogger":{"consoleLevel":"WARN"},"allowDebugAtProd":false,"enablePerformanceTimer":false,"enableFastContextLogger":false,"type":"application","localStorage":{}}
2026-05-27 16:16:02,225 INFO 7308 [egg-multipart] stream mode enable
2026-05-27 16:16:02,525 INFO 7308 [egg-static] starting static serve /public/ -> /home/gandiantx/lab-manager/server/app/public
2026-05-27 16:16:02,527 INFO 7308 [egg-security] use methodnoallow middleware
2026-05-27 16:16:02,528 INFO 7308 [egg-security] use noopen middleware
2026-05-27 16:16:02,528 INFO 7308 [egg-security] use nosniff middleware
2026-05-27 16:16:02,528 INFO 7308 [egg-security] use xssProtection middleware
2026-05-27 16:16:02,529 INFO 7308 [egg-security] use xframe middleware
2026-05-27 16:16:02,529 INFO 7308 [egg-security] use dta middleware
2026-05-27 16:16:02,529 INFO 7308 [egg-security] compose 6 middlewares into one security middleware
2026-05-27 16:16:02,540 INFO 7308 [egg:core] dump config after load, 5ms
2026-05-27 16:16:02,568 INFO 7308 [egg-watcher:application] watcher start success
2026-05-27 16:16:02,798 INFO 7308 egg start timeline:
▇▇▇▇▇▇▇▇▇▇▇▇▇▇▇▇▇▇ [432ms] - #0 Process Start
                  ▇▇▇▇▇▇▇▇▇▇▇▇▇▇▇▇▇▇▇▇▇▇▇▇▇▇▇▇▇▇ [704ms] - #1 Application Start
                   ▇ [6ms] - #2 Load Plugin
                   ▇ [10ms] - #3 Load Config
                   ▇ [0ms] - #4 Require(0) config/config.default.js
                   ▇ [0ms] - #5 Require(1) node_modules/egg-session/config/config.default.js
                   ▇ [0ms] - #6 Require(2) node_modules/egg-security/config/config.default.js
                   ▇ [0ms] - #7 Require(3) node_modules/egg-jsonp/config/config.default.js
                   ▇ [0ms] - #8 Require(4) node_modules/egg-onerror/config/config.default.js
                   ▇ [0ms] - #9 Require(5) node_modules/egg-i18n/config/config.default.js
                   ▇ [0ms] - #10 Require(6) node_modules/egg-watcher/config/config.default.js
                   ▇ [0ms] - #11 Require(7) node_modules/egg-schedule/config/config.default.js
                   ▇ [0ms] - #12 Require(8) node_modules/egg-multipart/config/config.default.js
                   ▇ [0ms] - #13 Require(9) node_modules/egg-development/config/config.default.js
                   ▇ [0ms] - #14 Require(10) node_modules/egg-logrotator/config/config.default.js
                   ▇ [0ms] - #15 Require(11) node_modules/egg-static/config/config.default.js
                   ▇ [0ms] - #16 Require(12) node_modules/egg-view/config/config.default.js
                   ▇ [0ms] - #17 Require(13) node_modules/egg-sequelize/config/config.default.js
                   ▇ [0ms] - #18 Require(14) node_modules/egg-jwt/config/config.default.js
                   ▇ [0ms] - #19 Require(15) node_modules/egg-validate/config/config.default.js
                   ▇ [0ms] - #20 Require(16) node_modules/egg-cors/config/config.default.js
                   ▇ [0ms] - #21 Require(17) node_modules/egg/config/config.default.js
                   ▇ [0ms] - #22 Require(18) config/config.default.js
                   ▇ [1ms] - #23 Require(19) node_modules/egg-security/config/config.local.js
                   ▇ [0ms] - #24 Require(20) node_modules/egg-watcher/config/config.local.js
                   ▇ [0ms] - #25 Require(21) node_modules/egg-view/config/config.local.js
                   ▇ [0ms] - #26 Require(22) node_modules/egg/config/config.local.js
                    ▇▇ [63ms] - #27 Load extend/application.js
                    ▇ [0ms] - #28 Require(23) node_modules/egg-session/app/extend/application.js
                    ▇ [1ms] - #29 Require(24) node_modules/egg-security/app/extend/application.js
                    ▇ [1ms] - #30 Require(25) node_modules/egg-jsonp/app/extend/application.js
                    ▇ [2ms] - #31 Require(26) node_modules/egg-schedule/app/extend/application.js
                    ▇ [0ms] - #32 Require(27) node_modules/egg-logrotator/app/extend/application.js
                    ▇ [1ms] - #33 Require(28) node_modules/egg-view/app/extend/application.js
                    ▇▇ [57ms] - #34 Require(29) node_modules/egg-jwt/app/extend/application.js
                      ▇ [3ms] - #35 Load extend/request.js
                      ▇ [1ms] - #36 Require(30) node_modules/egg/app/extend/request.js
                      ▇ [2ms] - #37 Load extend/response.js
                      ▇ [0ms] - #38 Require(31) node_modules/egg/app/extend/response.js
                      ▇ [16ms] - #39 Load extend/context.js
                      ▇ [5ms] - #40 Require(32) node_modules/egg-security/app/extend/context.js
                       ▇ [0ms] - #41 Require(33) node_modules/egg-jsonp/app/extend/context.js
                       ▇ [1ms] - #42 Require(34) node_modules/egg-i18n/app/extend/context.js
                       ▇ [7ms] - #43 Require(35) node_modules/egg-multipart/app/extend/context.js
                       ▇ [1ms] - #44 Require(36) node_modules/egg-view/app/extend/context.js
                       ▇ [0ms] - #45 Require(37) node_modules/egg-validate/app/extend/context.js
                       ▇ [1ms] - #46 Require(38) node_modules/egg/app/extend/context.js
                       ▇ [0ms] - #47 Require(39) app/extend/context.js
                       ▇ [11ms] - #48 Load extend/helper.js
                       ▇ [9ms] - #49 Require(40) node_modules/egg-security/app/extend/helper.js
                        ▇ [0ms] - #50 Require(41) node_modules/egg/app/extend/helper.js
                        ▇ [15ms] - #51 Load app.js
                        ▇ [0ms] - #52 Require(42) node_modules/egg-session/app.js
                        ▇ [1ms] - #53 Require(43) node_modules/egg-security/app.js
                        ▇ [3ms] - #54 Require(44) node_modules/egg-onerror/app.js
                        ▇ [4ms] - #55 Require(45) node_modules/egg-i18n/app.js
                        ▇ [3ms] - #56 Require(46) node_modules/egg-watcher/app.js
                        ▇ [0ms] - #57 Require(47) node_modules/egg-schedule/app.js
                        ▇ [1ms] - #58 Require(48) node_modules/egg-multipart/app.js
                        ▇ [0ms] - #59 Require(49) node_modules/egg-development/app.js
                        ▇ [0ms] - #60 Require(50) node_modules/egg-logrotator/app.js
                        ▇ [0ms] - #61 Require(51) node_modules/egg-static/app.js
                        ▇ [0ms] - #62 Require(52) node_modules/egg-sequelize/app.js
                        ▇ [0ms] - #63 Require(53) node_modules/egg-jwt/app.js
                        ▇ [1ms] - #64 Require(54) node_modules/egg-validate/app.js
                        ▇ [0ms] - #65 Require(55) node_modules/egg-cors/app.js
                        ▇ [0ms] - #66 Require(56) app.js
                         ▇▇▇▇▇▇▇▇▇▇▇▇▇▇ [338ms] - #67 Before Start in node_modules/egg-watcher/lib/init.js:15:14
                                   ▇ [12ms] - #68 Load "Symbol(model)" to Application
                                    ▇▇▇▇ [96ms] - #69 Before Start in node_modules/egg-sequelize/lib/loader.js:39:7
                                    ▇▇▇▇▇▇▇▇▇▇▇▇▇ [307ms] - #70 Before Start in app.js:4:7
                                    ▇ [7ms] - #71 Load Service
                                    ▇ [7ms] - #72 Load "service" to Context
                                    ▇ [39ms] - #73 Load Middleware
                                    ▇ [32ms] - #74 Load "middlewares" to Application
                                      ▇ [2ms] - #75 Load Controller
                                      ▇ [2ms] - #76 Load "controller" to Application
                                      ▇ [3ms] - #77 Load Router
                                      ▇ [1ms] - #78 Require(57) app/router.js
                                      ▇ [14ms] - #79 Before Start in node_modules/egg-core/lib/egg.js:328:10
2026-05-27 16:16:02,798 INFO 7308 [egg:core] dump config after ready, 5ms
2026-05-27 16:16:11,627 INFO 7332 [egg:logger] init all loggers with options: {"dir":"/home/gandiantx/lab-manager/server/logs/lab-manager-server","encoding":"utf8","env":"local","level":"INFO","consoleLevel":"INFO","disableConsoleAfterReady":false,"outputJSON":false,"buffer":true,"appLogName":"lab-manager-server-web.log","coreLogName":"egg-web.log","agentLogName":"egg-agent.log","errorLogName":"common-error.log","coreLogger":{"consoleLevel":"WARN"},"allowDebugAtProd":false,"enablePerformanceTimer":false,"enableFastContextLogger":false,"type":"application","localStorage":{}}
2026-05-27 16:16:11,627 INFO 7332 [egg-multipart] stream mode enable
2026-05-27 16:16:11,912 INFO 7332 [egg-static] starting static serve /public/ -> /home/gandiantx/lab-manager/server/app/public
2026-05-27 16:16:11,914 INFO 7332 [egg-security] use methodnoallow middleware
2026-05-27 16:16:11,914 INFO 7332 [egg-security] use noopen middleware
2026-05-27 16:16:11,914 INFO 7332 [egg-security] use nosniff middleware
2026-05-27 16:16:11,915 INFO 7332 [egg-security] use xssProtection middleware
2026-05-27 16:16:11,915 INFO 7332 [egg-security] use xframe middleware
2026-05-27 16:16:11,915 INFO 7332 [egg-security] use dta middleware
2026-05-27 16:16:11,915 INFO 7332 [egg-security] compose 6 middlewares into one security middleware
2026-05-27 16:16:11,927 INFO 7332 [egg:core] dump config after load, 6ms
2026-05-27 16:16:11,955 INFO 7332 [egg-watcher:application] watcher start success
2026-05-27 16:16:12,239 INFO 7332 egg start timeline:
▇▇▇▇▇▇▇▇▇▇▇▇▇▇▇▇▇▇ [428ms] - #0 Process Start
                  ▇▇▇▇▇▇▇▇▇▇▇▇▇▇▇▇▇▇▇▇▇▇▇▇▇▇▇▇▇▇▇ [741ms] - #1 Application Start
                  ▇ [6ms] - #2 Load Plugin
                  ▇ [11ms] - #3 Load Config
                  ▇ [1ms] - #4 Require(0) config/config.default.js
                  ▇ [0ms] - #5 Require(1) node_modules/egg-session/config/config.default.js
                  ▇ [0ms] - #6 Require(2) node_modules/egg-security/config/config.default.js
                  ▇ [0ms] - #7 Require(3) node_modules/egg-jsonp/config/config.default.js
                  ▇ [0ms] - #8 Require(4) node_modules/egg-onerror/config/config.default.js
                  ▇ [1ms] - #9 Require(5) node_modules/egg-i18n/config/config.default.js
                  ▇ [0ms] - #10 Require(6) node_modules/egg-watcher/config/config.default.js
                  ▇ [0ms] - #11 Require(7) node_modules/egg-schedule/config/config.default.js
                  ▇ [1ms] - #12 Require(8) node_modules/egg-multipart/config/config.default.js
                  ▇ [0ms] - #13 Require(9) node_modules/egg-development/config/config.default.js
                  ▇ [0ms] - #14 Require(10) node_modules/egg-logrotator/config/config.default.js
                  ▇ [0ms] - #15 Require(11) node_modules/egg-static/config/config.default.js
                  ▇ [0ms] - #16 Require(12) node_modules/egg-view/config/config.default.js
                  ▇ [0ms] - #17 Require(13) node_modules/egg-sequelize/config/config.default.js
                   ▇ [0ms] - #18 Require(14) node_modules/egg-jwt/config/config.default.js
                   ▇ [0ms] - #19 Require(15) node_modules/egg-validate/config/config.default.js
                   ▇ [0ms] - #20 Require(16) node_modules/egg-cors/config/config.default.js
                   ▇ [1ms] - #21 Require(17) node_modules/egg/config/config.default.js
                   ▇ [0ms] - #22 Require(18) config/config.default.js
                   ▇ [0ms] - #23 Require(19) node_modules/egg-security/config/config.local.js
                   ▇ [1ms] - #24 Require(20) node_modules/egg-watcher/config/config.local.js
                   ▇ [0ms] - #25 Require(21) node_modules/egg-view/config/config.local.js
                   ▇ [0ms] - #26 Require(22) node_modules/egg/config/config.local.js
                   ▇▇ [65ms] - #27 Load extend/application.js
                   ▇ [0ms] - #28 Require(23) node_modules/egg-session/app/extend/application.js
                   ▇ [0ms] - #29 Require(24) node_modules/egg-security/app/extend/application.js
                   ▇ [2ms] - #30 Require(25) node_modules/egg-jsonp/app/extend/application.js
                   ▇ [1ms] - #31 Require(26) node_modules/egg-schedule/app/extend/application.js
                   ▇ [0ms] - #32 Require(27) node_modules/egg-logrotator/app/extend/application.js
                   ▇ [1ms] - #33 Require(28) node_modules/egg-view/app/extend/application.js
                   ▇▇ [58ms] - #34 Require(29) node_modules/egg-jwt/app/extend/application.js
                     ▇ [3ms] - #35 Load extend/request.js
                      ▇ [1ms] - #36 Require(30) node_modules/egg/app/extend/request.js
                      ▇ [2ms] - #37 Load extend/response.js
                      ▇ [0ms] - #38 Require(31) node_modules/egg/app/extend/response.js
                      ▇ [18ms] - #39 Load extend/context.js
                      ▇ [5ms] - #40 Require(32) node_modules/egg-security/app/extend/context.js
                      ▇ [0ms] - #41 Require(33) node_modules/egg-jsonp/app/extend/context.js
                      ▇ [0ms] - #42 Require(34) node_modules/egg-i18n/app/extend/context.js
                      ▇ [9ms] - #43 Require(35) node_modules/egg-multipart/app/extend/context.js
                      ▇ [1ms] - #44 Require(36) node_modules/egg-view/app/extend/context.js
                      ▇ [0ms] - #45 Require(37) node_modules/egg-validate/app/extend/context.js
                      ▇ [1ms] - #46 Require(38) node_modules/egg/app/extend/context.js
                      ▇ [0ms] - #47 Require(39) app/extend/context.js
                      ▇ [9ms] - #48 Load extend/helper.js
                      ▇ [7ms] - #49 Require(40) node_modules/egg-security/app/extend/helper.js
                       ▇ [0ms] - #50 Require(41) node_modules/egg/app/extend/helper.js
                       ▇ [15ms] - #51 Load app.js
                       ▇ [0ms] - #52 Require(42) node_modules/egg-session/app.js
                       ▇ [0ms] - #53 Require(43) node_modules/egg-security/app.js
                       ▇ [3ms] - #54 Require(44) node_modules/egg-onerror/app.js
                       ▇ [3ms] - #55 Require(45) node_modules/egg-i18n/app.js
                       ▇ [2ms] - #56 Require(46) node_modules/egg-watcher/app.js
                       ▇ [0ms] - #57 Require(47) node_modules/egg-schedule/app.js
                       ▇ [1ms] - #58 Require(48) node_modules/egg-multipart/app.js
                       ▇ [0ms] - #59 Require(49) node_modules/egg-development/app.js
                       ▇ [0ms] - #60 Require(50) node_modules/egg-logrotator/app.js
                       ▇ [1ms] - #61 Require(51) node_modules/egg-static/app.js
                       ▇ [0ms] - #62 Require(52) node_modules/egg-sequelize/app.js
                       ▇ [0ms] - #63 Require(53) node_modules/egg-jwt/app.js
                       ▇ [1ms] - #64 Require(54) node_modules/egg-validate/app.js
                       ▇ [0ms] - #65 Require(55) node_modules/egg-cors/app.js
                       ▇ [0ms] - #66 Require(56) app.js
                        ▇▇▇▇▇▇▇▇▇▇▇▇▇ [323ms] - #67 Before Start in node_modules/egg-watcher/lib/init.js:15:14
                                 ▇ [11ms] - #68 Load "Symbol(model)" to Application
                                  ▇▇▇▇ [105ms] - #69 Before Start in node_modules/egg-sequelize/lib/loader.js:39:7
                                  ▇▇▇▇▇▇▇▇▇▇▇▇▇▇▇ [361ms] - #70 Before Start in app.js:4:7
                                  ▇ [7ms] - #71 Load Service
                                  ▇ [6ms] - #72 Load "service" to Context
                                  ▇ [41ms] - #73 Load Middleware
                                  ▇ [36ms] - #74 Load "middlewares" to Application
                                    ▇ [3ms] - #75 Load Controller
                                    ▇ [2ms] - #76 Load "controller" to Application
                                    ▇ [2ms] - #77 Load Router
                                    ▇ [0ms] - #78 Require(57) app/router.js
                                    ▇ [15ms] - #79 Before Start in node_modules/egg-core/lib/egg.js:328:10
2026-05-27 16:16:12,239 INFO 7332 [egg:core] dump config after ready, 7ms
2026-05-27 16:16:37,573 INFO 7383 [egg:logger] init all loggers with options: {"dir":"/home/gandiantx/lab-manager/server/logs/lab-manager-server","encoding":"utf8","env":"local","level":"INFO","consoleLevel":"INFO","disableConsoleAfterReady":false,"outputJSON":false,"buffer":true,"appLogName":"lab-manager-server-web.log","coreLogName":"egg-web.log","agentLogName":"egg-agent.log","errorLogName":"common-error.log","coreLogger":{"consoleLevel":"WARN"},"allowDebugAtProd":false,"enablePerformanceTimer":false,"enableFastContextLogger":false,"type":"application","localStorage":{}}
2026-05-27 16:16:37,573 INFO 7383 [egg-multipart] stream mode enable
2026-05-27 16:16:37,859 INFO 7383 [egg-static] starting static serve /public/ -> /home/gandiantx/lab-manager/server/app/public
2026-05-27 16:16:37,861 INFO 7383 [egg-security] use methodnoallow middleware
2026-05-27 16:16:37,861 INFO 7383 [egg-security] use noopen middleware
2026-05-27 16:16:37,862 INFO 7383 [egg-security] use nosniff middleware
2026-05-27 16:16:37,862 INFO 7383 [egg-security] use xssProtection middleware
2026-05-27 16:16:37,862 INFO 7383 [egg-security] use xframe middleware
2026-05-27 16:16:37,863 INFO 7383 [egg-security] use dta middleware
2026-05-27 16:16:37,863 INFO 7383 [egg-security] compose 6 middlewares into one security middleware
2026-05-27 16:16:37,874 INFO 7383 [egg:core] dump config after load, 6ms
2026-05-27 16:16:37,900 INFO 7383 [egg-watcher:application] watcher start success
2026-05-27 16:16:38,215 INFO 7383 egg start timeline:
▇▇▇▇▇▇▇▇▇▇▇▇▇▇▇▇▇ [413ms] - #0 Process Start
                 ▇▇▇▇▇▇▇▇▇▇▇▇▇▇▇▇▇▇▇▇▇▇▇▇▇▇▇▇▇▇▇▇ [763ms] - #1 Application Start
                 ▇ [7ms] - #2 Load Plugin
                 ▇ [11ms] - #3 Load Config
                 ▇ [0ms] - #4 Require(0) config/config.default.js
                 ▇ [1ms] - #5 Require(1) node_modules/egg-session/config/config.default.js
                  ▇ [0ms] - #6 Require(2) node_modules/egg-security/config/config.default.js
                  ▇ [0ms] - #7 Require(3) node_modules/egg-jsonp/config/config.default.js
                  ▇ [0ms] - #8 Require(4) node_modules/egg-onerror/config/config.default.js
                  ▇ [0ms] - #9 Require(5) node_modules/egg-i18n/config/config.default.js
                  ▇ [0ms] - #10 Require(6) node_modules/egg-watcher/config/config.default.js
                  ▇ [0ms] - #11 Require(7) node_modules/egg-schedule/config/config.default.js
                  ▇ [0ms] - #12 Require(8) node_modules/egg-multipart/config/config.default.js
                  ▇ [0ms] - #13 Require(9) node_modules/egg-development/config/config.default.js
                  ▇ [0ms] - #14 Require(10) node_modules/egg-logrotator/config/config.default.js
                  ▇ [0ms] - #15 Require(11) node_modules/egg-static/config/config.default.js
                  ▇ [0ms] - #16 Require(12) node_modules/egg-view/config/config.default.js
                  ▇ [0ms] - #17 Require(13) node_modules/egg-sequelize/config/config.default.js
                  ▇ [1ms] - #18 Require(14) node_modules/egg-jwt/config/config.default.js
                  ▇ [0ms] - #19 Require(15) node_modules/egg-validate/config/config.default.js
                  ▇ [0ms] - #20 Require(16) node_modules/egg-cors/config/config.default.js
                  ▇ [0ms] - #21 Require(17) node_modules/egg/config/config.default.js
                  ▇ [0ms] - #22 Require(18) config/config.default.js
                  ▇ [0ms] - #23 Require(19) node_modules/egg-security/config/config.local.js
                  ▇ [0ms] - #24 Require(20) node_modules/egg-watcher/config/config.local.js
                  ▇ [0ms] - #25 Require(21) node_modules/egg-view/config/config.local.js
                  ▇ [0ms] - #26 Require(22) node_modules/egg/config/config.local.js
                  ▇▇ [62ms] - #27 Load extend/application.js
                  ▇ [0ms] - #28 Require(23) node_modules/egg-session/app/extend/application.js
                  ▇ [0ms] - #29 Require(24) node_modules/egg-security/app/extend/application.js
                  ▇ [1ms] - #30 Require(25) node_modules/egg-jsonp/app/extend/application.js
                  ▇ [1ms] - #31 Require(26) node_modules/egg-schedule/app/extend/application.js
                  ▇ [1ms] - #32 Require(27) node_modules/egg-logrotator/app/extend/application.js
                  ▇ [0ms] - #33 Require(28) node_modules/egg-view/app/extend/application.js
                  ▇▇ [55ms] - #34 Require(29) node_modules/egg-jwt/app/extend/application.js
                    ▇ [2ms] - #35 Load extend/request.js
                     ▇ [0ms] - #36 Require(30) node_modules/egg/app/extend/request.js
                     ▇ [3ms] - #37 Load extend/response.js
                     ▇ [1ms] - #38 Require(31) node_modules/egg/app/extend/response.js
                     ▇ [15ms] - #39 Load extend/context.js
                     ▇ [4ms] - #40 Require(32) node_modules/egg-security/app/extend/context.js
                     ▇ [0ms] - #41 Require(33) node_modules/egg-jsonp/app/extend/context.js
                     ▇ [0ms] - #42 Require(34) node_modules/egg-i18n/app/extend/context.js
                     ▇ [7ms] - #43 Require(35) node_modules/egg-multipart/app/extend/context.js
                     ▇ [1ms] - #44 Require(36) node_modules/egg-view/app/extend/context.js
                     ▇ [0ms] - #45 Require(37) node_modules/egg-validate/app/extend/context.js
                     ▇ [1ms] - #46 Require(38) node_modules/egg/app/extend/context.js
                     ▇ [0ms] - #47 Require(39) app/extend/context.js
                     ▇ [11ms] - #48 Load extend/helper.js
                     ▇ [10ms] - #49 Require(40) node_modules/egg-security/app/extend/helper.js
                      ▇ [1ms] - #50 Require(41) node_modules/egg/app/extend/helper.js
                      ▇ [15ms] - #51 Load app.js
                      ▇ [0ms] - #52 Require(42) node_modules/egg-session/app.js
                      ▇ [0ms] - #53 Require(43) node_modules/egg-security/app.js
                      ▇ [3ms] - #54 Require(44) node_modules/egg-onerror/app.js
                      ▇ [3ms] - #55 Require(45) node_modules/egg-i18n/app.js
                      ▇ [2ms] - #56 Require(46) node_modules/egg-watcher/app.js
                      ▇ [0ms] - #57 Require(47) node_modules/egg-schedule/app.js
                      ▇ [0ms] - #58 Require(48) node_modules/egg-multipart/app.js
                      ▇ [0ms] - #59 Require(49) node_modules/egg-development/app.js
                      ▇ [0ms] - #60 Require(50) node_modules/egg-logrotator/app.js
                      ▇ [1ms] - #61 Require(51) node_modules/egg-static/app.js
                      ▇ [0ms] - #62 Require(52) node_modules/egg-sequelize/app.js
                      ▇ [0ms] - #63 Require(53) node_modules/egg-jwt/app.js
                      ▇ [1ms] - #64 Require(54) node_modules/egg-validate/app.js
                      ▇ [0ms] - #65 Require(55) node_modules/egg-cors/app.js
                      ▇ [0ms] - #66 Require(56) app.js
                       ▇▇▇▇▇▇▇▇▇▇▇▇▇ [322ms] - #67 Before Start in node_modules/egg-watcher/lib/init.js:15:14
                                ▇ [12ms] - #68 Load "Symbol(model)" to Application
                                 ▇▇▇▇ [100ms] - #69 Before Start in node_modules/egg-sequelize/lib/loader.js:39:7
                                 ▇▇▇▇▇▇▇▇▇▇▇▇▇▇▇▇ [386ms] - #70 Before Start in app.js:4:7
                                 ▇ [13ms] - #71 Load Service
                                 ▇ [13ms] - #72 Load "service" to Context
                                 ▇ [38ms] - #73 Load Middleware
                                 ▇ [32ms] - #74 Load "middlewares" to Application
                                   ▇ [2ms] - #75 Load Controller
                                   ▇ [2ms] - #76 Load "controller" to Application
                                   ▇ [2ms] - #77 Load Router
                                   ▇ [0ms] - #78 Require(57) app/router.js
                                   ▇ [14ms] - #79 Before Start in node_modules/egg-core/lib/egg.js:328:10
2026-05-27 16:16:38,215 INFO 7383 [egg:core] dump config after ready, 10ms
2026-05-27 16:16:38,786 INFO 7395 [egg:logger] init all loggers with options: {"dir":"/home/gandiantx/lab-manager/server/logs/lab-manager-server","encoding":"utf8","env":"local","level":"INFO","consoleLevel":"INFO","disableConsoleAfterReady":false,"outputJSON":false,"buffer":true,"appLogName":"lab-manager-server-web.log","coreLogName":"egg-web.log","agentLogName":"egg-agent.log","errorLogName":"common-error.log","coreLogger":{"consoleLevel":"WARN"},"allowDebugAtProd":false,"enablePerformanceTimer":false,"enableFastContextLogger":false,"type":"application","localStorage":{}}
2026-05-27 16:16:38,786 INFO 7395 [egg-multipart] stream mode enable
2026-05-27 16:16:39,086 INFO 7395 [egg-static] starting static serve /public/ -> /home/gandiantx/lab-manager/server/app/public
2026-05-27 16:16:39,088 INFO 7395 [egg-security] use methodnoallow middleware
2026-05-27 16:16:39,088 INFO 7395 [egg-security] use noopen middleware
2026-05-27 16:16:39,088 INFO 7395 [egg-security] use nosniff middleware
2026-05-27 16:16:39,089 INFO 7395 [egg-security] use xssProtection middleware
2026-05-27 16:16:39,089 INFO 7395 [egg-security] use xframe middleware
2026-05-27 16:16:39,089 INFO 7395 [egg-security] use dta middleware
2026-05-27 16:16:39,089 INFO 7395 [egg-security] compose 6 middlewares into one security middleware
2026-05-27 16:16:39,100 INFO 7395 [egg:core] dump config after load, 5ms
2026-05-27 16:16:39,139 INFO 7395 [egg-watcher:application] watcher start success
2026-05-27 16:16:39,392 INFO 7395 egg start timeline:
▇▇▇▇▇▇▇▇▇▇▇▇▇▇▇▇▇ [410ms] - #0 Process Start
                 ▇▇▇▇▇▇▇▇▇▇▇▇▇▇▇▇▇▇▇▇▇▇▇▇▇▇▇▇▇▇▇▇ [747ms] - #1 Application Start
                 ▇ [6ms] - #2 Load Plugin
                  ▇ [11ms] - #3 Load Config
                  ▇ [0ms] - #4 Require(0) config/config.default.js
                  ▇ [0ms] - #5 Require(1) node_modules/egg-session/config/config.default.js
                  ▇ [0ms] - #6 Require(2) node_modules/egg-security/config/config.default.js
                  ▇ [1ms] - #7 Require(3) node_modules/egg-jsonp/config/config.default.js
                  ▇ [0ms] - #8 Require(4) node_modules/egg-onerror/config/config.default.js
                  ▇ [0ms] - #9 Require(5) node_modules/egg-i18n/config/config.default.js
                  ▇ [1ms] - #10 Require(6) node_modules/egg-watcher/config/config.default.js
                  ▇ [0ms] - #11 Require(7) node_modules/egg-schedule/config/config.default.js
                  ▇ [0ms] - #12 Require(8) node_modules/egg-multipart/config/config.default.js
                  ▇ [0ms] - #13 Require(9) node_modules/egg-development/config/config.default.js
                  ▇ [0ms] - #14 Require(10) node_modules/egg-logrotator/config/config.default.js
                  ▇ [0ms] - #15 Require(11) node_modules/egg-static/config/config.default.js
                  ▇ [0ms] - #16 Require(12) node_modules/egg-view/config/config.default.js
                  ▇ [0ms] - #17 Require(13) node_modules/egg-sequelize/config/config.default.js
                  ▇ [0ms] - #18 Require(14) node_modules/egg-jwt/config/config.default.js
                  ▇ [1ms] - #19 Require(15) node_modules/egg-validate/config/config.default.js
                  ▇ [0ms] - #20 Require(16) node_modules/egg-cors/config/config.default.js
                  ▇ [0ms] - #21 Require(17) node_modules/egg/config/config.default.js
                  ▇ [0ms] - #22 Require(18) config/config.default.js
                  ▇ [0ms] - #23 Require(19) node_modules/egg-security/config/config.local.js
                  ▇ [1ms] - #24 Require(20) node_modules/egg-watcher/config/config.local.js
                  ▇ [0ms] - #25 Require(21) node_modules/egg-view/config/config.local.js
                  ▇ [1ms] - #26 Require(22) node_modules/egg/config/config.local.js
                  ▇▇ [68ms] - #27 Load extend/application.js
                  ▇ [0ms] - #28 Require(23) node_modules/egg-session/app/extend/application.js
                  ▇ [1ms] - #29 Require(24) node_modules/egg-security/app/extend/application.js
                  ▇ [1ms] - #30 Require(25) node_modules/egg-jsonp/app/extend/application.js
                  ▇ [2ms] - #31 Require(26) node_modules/egg-schedule/app/extend/application.js
                  ▇ [1ms] - #32 Require(27) node_modules/egg-logrotator/app/extend/application.js
                  ▇ [0ms] - #33 Require(28) node_modules/egg-view/app/extend/application.js
                  ▇▇ [62ms] - #34 Require(29) node_modules/egg-jwt/app/extend/application.js
                     ▇ [2ms] - #35 Load extend/request.js
                     ▇ [1ms] - #36 Require(30) node_modules/egg/app/extend/request.js
                     ▇ [2ms] - #37 Load extend/response.js
                     ▇ [0ms] - #38 Require(31) node_modules/egg/app/extend/response.js
                     ▇ [18ms] - #39 Load extend/context.js
                     ▇ [5ms] - #40 Require(32) node_modules/egg-security/app/extend/context.js
                      ▇ [1ms] - #41 Require(33) node_modules/egg-jsonp/app/extend/context.js
                      ▇ [0ms] - #42 Require(34) node_modules/egg-i18n/app/extend/context.js
                      ▇ [7ms] - #43 Require(35) node_modules/egg-multipart/app/extend/context.js
                      ▇ [0ms] - #44 Require(36) node_modules/egg-view/app/extend/context.js
                      ▇ [0ms] - #45 Require(37) node_modules/egg-validate/app/extend/context.js
                      ▇ [0ms] - #46 Require(38) node_modules/egg/app/extend/context.js
                      ▇ [1ms] - #47 Require(39) app/extend/context.js
                      ▇ [10ms] - #48 Load extend/helper.js
                      ▇ [8ms] - #49 Require(40) node_modules/egg-security/app/extend/helper.js
                       ▇ [0ms] - #50 Require(41) node_modules/egg/app/extend/helper.js
                       ▇ [18ms] - #51 Load app.js
                       ▇ [0ms] - #52 Require(42) node_modules/egg-session/app.js
                       ▇ [0ms] - #53 Require(43) node_modules/egg-security/app.js
                       ▇ [4ms] - #54 Require(44) node_modules/egg-onerror/app.js
                       ▇ [5ms] - #55 Require(45) node_modules/egg-i18n/app.js
                       ▇ [4ms] - #56 Require(46) node_modules/egg-watcher/app.js
                       ▇ [0ms] - #57 Require(47) node_modules/egg-schedule/app.js
                       ▇ [1ms] - #58 Require(48) node_modules/egg-multipart/app.js
                       ▇ [0ms] - #59 Require(49) node_modules/egg-development/app.js
                       ▇ [0ms] - #60 Require(50) node_modules/egg-logrotator/app.js
                       ▇ [1ms] - #61 Require(51) node_modules/egg-static/app.js
                       ▇ [0ms] - #62 Require(52) node_modules/egg-sequelize/app.js
                       ▇ [0ms] - #63 Require(53) node_modules/egg-jwt/app.js
                       ▇ [1ms] - #64 Require(54) node_modules/egg-validate/app.js
                       ▇ [0ms] - #65 Require(55) node_modules/egg-cors/app.js
                       ▇ [0ms] - #66 Require(56) app.js
                        ▇▇▇▇▇▇▇▇▇▇▇▇▇▇ [348ms] - #67 Before Start in node_modules/egg-watcher/lib/init.js:15:14
                                  ▇ [11ms] - #68 Load "Symbol(model)" to Application
                                   ▇▇▇▇ [114ms] - #69 Before Start in node_modules/egg-sequelize/lib/loader.js:39:7
                                   ▇▇▇▇▇▇▇▇▇▇▇▇▇▇ [342ms] - #70 Before Start in app.js:4:7
                                   ▇ [8ms] - #71 Load Service
                                   ▇ [7ms] - #72 Load "service" to Context
                                   ▇ [39ms] - #73 Load Middleware
                                   ▇ [34ms] - #74 Load "middlewares" to Application
                                     ▇ [2ms] - #75 Load Controller
                                     ▇ [2ms] - #76 Load "controller" to Application
                                     ▇ [3ms] - #77 Load Router
                                     ▇ [0ms] - #78 Require(57) app/router.js
                                     ▇ [14ms] - #79 Before Start in node_modules/egg-core/lib/egg.js:328:10
2026-05-27 16:16:39,392 INFO 7395 [egg:core] dump config after ready, 5ms
2026-05-27 16:16:50,012 INFO 7425 [egg:logger] init all loggers with options: {"dir":"/home/gandiantx/lab-manager/server/logs/lab-manager-server","encoding":"utf8","env":"local","level":"INFO","consoleLevel":"INFO","disableConsoleAfterReady":false,"outputJSON":false,"buffer":true,"appLogName":"lab-manager-server-web.log","coreLogName":"egg-web.log","agentLogName":"egg-agent.log","errorLogName":"common-error.log","coreLogger":{"consoleLevel":"WARN"},"allowDebugAtProd":false,"enablePerformanceTimer":false,"enableFastContextLogger":false,"type":"application","localStorage":{}}
2026-05-27 16:16:50,012 INFO 7425 [egg-multipart] stream mode enable
2026-05-27 16:16:50,316 INFO 7425 [egg-static] starting static serve /public/ -> /home/gandiantx/lab-manager/server/app/public
2026-05-27 16:16:50,317 INFO 7425 [egg-security] use methodnoallow middleware
2026-05-27 16:16:50,318 INFO 7425 [egg-security] use noopen middleware
2026-05-27 16:16:50,318 INFO 7425 [egg-security] use nosniff middleware
2026-05-27 16:16:50,318 INFO 7425 [egg-security] use xssProtection middleware
2026-05-27 16:16:50,319 INFO 7425 [egg-security] use xframe middleware
2026-05-27 16:16:50,319 INFO 7425 [egg-security] use dta middleware
2026-05-27 16:16:50,319 INFO 7425 [egg-security] compose 6 middlewares into one security middleware
2026-05-27 16:16:50,331 INFO 7425 [egg:core] dump config after load, 5ms
2026-05-27 16:16:50,357 INFO 7425 [egg-watcher:application] watcher start success
2026-05-27 16:16:50,602 INFO 7425 egg start timeline:
▇▇▇▇▇▇▇▇▇▇▇▇▇▇▇▇▇▇ [416ms] - #0 Process Start
                  ▇▇▇▇▇▇▇▇▇▇▇▇▇▇▇▇▇▇▇▇▇▇▇▇▇▇▇▇▇▇▇ [731ms] - #1 Application Start
                  ▇ [6ms] - #2 Load Plugin
                  ▇ [10ms] - #3 Load Config
                  ▇ [1ms] - #4 Require(0) config/config.default.js
                  ▇ [0ms] - #5 Require(1) node_modules/egg-session/config/config.default.js
                  ▇ [0ms] - #6 Require(2) node_modules/egg-security/config/config.default.js
                  ▇ [0ms] - #7 Require(3) node_modules/egg-jsonp/config/config.default.js
                  ▇ [0ms] - #8 Require(4) node_modules/egg-onerror/config/config.default.js
                  ▇ [0ms] - #9 Require(5) node_modules/egg-i18n/config/config.default.js
                  ▇ [0ms] - #10 Require(6) node_modules/egg-watcher/config/config.default.js
                  ▇ [0ms] - #11 Require(7) node_modules/egg-schedule/config/config.default.js
                  ▇ [0ms] - #12 Require(8) node_modules/egg-multipart/config/config.default.js
                  ▇ [0ms] - #13 Require(9) node_modules/egg-development/config/config.default.js
                  ▇ [0ms] - #14 Require(10) node_modules/egg-logrotator/config/config.default.js
                  ▇ [1ms] - #15 Require(11) node_modules/egg-static/config/config.default.js
                  ▇ [0ms] - #16 Require(12) node_modules/egg-view/config/config.default.js
                  ▇ [0ms] - #17 Require(13) node_modules/egg-sequelize/config/config.default.js
                  ▇ [1ms] - #18 Require(14) node_modules/egg-jwt/config/config.default.js
                  ▇ [0ms] - #19 Require(15) node_modules/egg-validate/config/config.default.js
                  ▇ [0ms] - #20 Require(16) node_modules/egg-cors/config/config.default.js
                  ▇ [0ms] - #21 Require(17) node_modules/egg/config/config.default.js
                  ▇ [0ms] - #22 Require(18) config/config.default.js
                  ▇ [0ms] - #23 Require(19) node_modules/egg-security/config/config.local.js
                  ▇ [0ms] - #24 Require(20) node_modules/egg-watcher/config/config.local.js
                   ▇ [0ms] - #25 Require(21) node_modules/egg-view/config/config.local.js
                   ▇ [0ms] - #26 Require(22) node_modules/egg/config/config.local.js
                   ▇▇ [63ms] - #27 Load extend/application.js
                   ▇ [1ms] - #28 Require(23) node_modules/egg-session/app/extend/application.js
                   ▇ [0ms] - #29 Require(24) node_modules/egg-security/app/extend/application.js
                   ▇ [1ms] - #30 Require(25) node_modules/egg-jsonp/app/extend/application.js
                   ▇ [1ms] - #31 Require(26) node_modules/egg-schedule/app/extend/application.js
                   ▇ [1ms] - #32 Require(27) node_modules/egg-logrotator/app/extend/application.js
                   ▇ [0ms] - #33 Require(28) node_modules/egg-view/app/extend/application.js
                   ▇▇ [57ms] - #34 Require(29) node_modules/egg-jwt/app/extend/application.js
                     ▇ [2ms] - #35 Load extend/request.js
                     ▇ [0ms] - #36 Require(30) node_modules/egg/app/extend/request.js
                     ▇ [2ms] - #37 Load extend/response.js
                     ▇ [1ms] - #38 Require(31) node_modules/egg/app/extend/response.js
                      ▇ [19ms] - #39 Load extend/context.js
                      ▇ [4ms] - #40 Require(32) node_modules/egg-security/app/extend/context.js
                      ▇ [1ms] - #41 Require(33) node_modules/egg-jsonp/app/extend/context.js
                      ▇ [0ms] - #42 Require(34) node_modules/egg-i18n/app/extend/context.js
                      ▇ [10ms] - #43 Require(35) node_modules/egg-multipart/app/extend/context.js
                      ▇ [1ms] - #44 Require(36) node_modules/egg-view/app/extend/context.js
                      ▇ [0ms] - #45 Require(37) node_modules/egg-validate/app/extend/context.js
                      ▇ [1ms] - #46 Require(38) node_modules/egg/app/extend/context.js
                      ▇ [1ms] - #47 Require(39) app/extend/context.js
                      ▇ [13ms] - #48 Load extend/helper.js
                      ▇ [8ms] - #49 Require(40) node_modules/egg-security/app/extend/helper.js
                       ▇ [0ms] - #50 Require(41) node_modules/egg/app/extend/helper.js
                       ▇ [20ms] - #51 Load app.js
                       ▇ [0ms] - #52 Require(42) node_modules/egg-session/app.js
                       ▇ [0ms] - #53 Require(43) node_modules/egg-security/app.js
                       ▇ [7ms] - #54 Require(44) node_modules/egg-onerror/app.js
                       ▇ [5ms] - #55 Require(45) node_modules/egg-i18n/app.js
                       ▇ [2ms] - #56 Require(46) node_modules/egg-watcher/app.js
                        ▇ [1ms] - #57 Require(47) node_modules/egg-schedule/app.js
                        ▇ [0ms] - #58 Require(48) node_modules/egg-multipart/app.js
                        ▇ [1ms] - #59 Require(49) node_modules/egg-development/app.js
                        ▇ [0ms] - #60 Require(50) node_modules/egg-logrotator/app.js
                        ▇ [0ms] - #61 Require(51) node_modules/egg-static/app.js
                        ▇ [0ms] - #62 Require(52) node_modules/egg-sequelize/app.js
                        ▇ [1ms] - #63 Require(53) node_modules/egg-jwt/app.js
                        ▇ [1ms] - #64 Require(54) node_modules/egg-validate/app.js
                        ▇ [0ms] - #65 Require(55) node_modules/egg-cors/app.js
                        ▇ [0ms] - #66 Require(56) app.js
                        ▇▇▇▇▇▇▇▇▇▇▇▇▇▇ [339ms] - #67 Before Start in node_modules/egg-watcher/lib/init.js:15:14
                                   ▇ [11ms] - #68 Load "Symbol(model)" to Application
                                   ▇▇▇▇ [102ms] - #69 Before Start in node_modules/egg-sequelize/lib/loader.js:39:7
                                   ▇▇▇▇▇▇▇▇▇▇▇▇▇▇ [324ms] - #70 Before Start in app.js:4:7
                                   ▇ [7ms] - #71 Load Service
                                   ▇ [7ms] - #72 Load "service" to Context
                                    ▇ [40ms] - #73 Load Middleware
                                    ▇ [34ms] - #74 Load "middlewares" to Application
                                     ▇ [2ms] - #75 Load Controller
                                     ▇ [2ms] - #76 Load "controller" to Application
                                     ▇ [3ms] - #77 Load Router
                                     ▇ [1ms] - #78 Require(57) app/router.js
                                     ▇ [14ms] - #79 Before Start in node_modules/egg-core/lib/egg.js:328:10
2026-05-27 16:16:50,602 INFO 7425 [egg:core] dump config after ready, 4ms
2026-05-27 16:17:42,153 INFO 7530 [egg:logger] init all loggers with options: {"dir":"/home/gandiantx/lab-manager/server/logs/lab-manager-server","encoding":"utf8","env":"local","level":"INFO","consoleLevel":"INFO","disableConsoleAfterReady":false,"outputJSON":false,"buffer":true,"appLogName":"lab-manager-server-web.log","coreLogName":"egg-web.log","agentLogName":"egg-agent.log","errorLogName":"common-error.log","coreLogger":{"consoleLevel":"WARN"},"allowDebugAtProd":false,"enablePerformanceTimer":false,"enableFastContextLogger":false,"type":"application","localStorage":{}}
2026-05-27 16:17:42,154 INFO 7530 [egg-multipart] stream mode enable
2026-05-27 16:17:42,453 INFO 7530 [egg-static] starting static serve /public/ -> /home/gandiantx/lab-manager/server/app/public
2026-05-27 16:17:42,455 INFO 7530 [egg-security] use methodnoallow middleware
2026-05-27 16:17:42,456 INFO 7530 [egg-security] use noopen middleware
2026-05-27 16:17:42,456 INFO 7530 [egg-security] use nosniff middleware
2026-05-27 16:17:42,456 INFO 7530 [egg-security] use xssProtection middleware
2026-05-27 16:17:42,457 INFO 7530 [egg-security] use xframe middleware
2026-05-27 16:17:42,457 INFO 7530 [egg-security] use dta middleware
2026-05-27 16:17:42,457 INFO 7530 [egg-security] compose 6 middlewares into one security middleware
2026-05-27 16:17:42,468 INFO 7530 [egg:core] dump config after load, 5ms
2026-05-27 16:17:42,497 INFO 7530 [egg-watcher:application] watcher start success
2026-05-27 16:17:42,784 INFO 7530 egg start timeline:
▇▇▇▇▇▇▇▇▇▇▇▇▇▇▇▇▇▇▇▇▇ [584ms] - #0 Process Start
                     ▇▇▇▇▇▇▇▇▇▇▇▇▇▇▇▇▇▇▇▇▇▇▇▇▇▇▇▇ [768ms] - #1 Application Start
                     ▇ [9ms] - #2 Load Plugin
                      ▇ [13ms] - #3 Load Config
                      ▇ [0ms] - #4 Require(0) config/config.default.js
                      ▇ [0ms] - #5 Require(1) node_modules/egg-session/config/config.default.js
                      ▇ [0ms] - #6 Require(2) node_modules/egg-security/config/config.default.js
                      ▇ [0ms] - #7 Require(3) node_modules/egg-jsonp/config/config.default.js
                      ▇ [0ms] - #8 Require(4) node_modules/egg-onerror/config/config.default.js
                      ▇ [0ms] - #9 Require(5) node_modules/egg-i18n/config/config.default.js
                      ▇ [1ms] - #10 Require(6) node_modules/egg-watcher/config/config.default.js
                      ▇ [0ms] - #11 Require(7) node_modules/egg-schedule/config/config.default.js
                      ▇ [1ms] - #12 Require(8) node_modules/egg-multipart/config/config.default.js
                      ▇ [0ms] - #13 Require(9) node_modules/egg-development/config/config.default.js
                      ▇ [0ms] - #14 Require(10) node_modules/egg-logrotator/config/config.default.js
                      ▇ [0ms] - #15 Require(11) node_modules/egg-static/config/config.default.js
                      ▇ [1ms] - #16 Require(12) node_modules/egg-view/config/config.default.js
                      ▇ [0ms] - #17 Require(13) node_modules/egg-sequelize/config/config.default.js
                      ▇ [0ms] - #18 Require(14) node_modules/egg-jwt/config/config.default.js
                      ▇ [0ms] - #19 Require(15) node_modules/egg-validate/config/config.default.js
                      ▇ [1ms] - #20 Require(16) node_modules/egg-cors/config/config.default.js
                      ▇ [0ms] - #21 Require(17) node_modules/egg/config/config.default.js
                      ▇ [0ms] - #22 Require(18) config/config.default.js
                      ▇ [0ms] - #23 Require(19) node_modules/egg-security/config/config.local.js
                      ▇ [0ms] - #24 Require(20) node_modules/egg-watcher/config/config.local.js
                      ▇ [0ms] - #25 Require(21) node_modules/egg-view/config/config.local.js
                      ▇ [0ms] - #26 Require(22) node_modules/egg/config/config.local.js
                      ▇▇ [65ms] - #27 Load extend/application.js
                      ▇ [1ms] - #28 Require(23) node_modules/egg-session/app/extend/application.js
                      ▇ [0ms] - #29 Require(24) node_modules/egg-security/app/extend/application.js
                      ▇ [1ms] - #30 Require(25) node_modules/egg-jsonp/app/extend/application.js
                      ▇ [1ms] - #31 Require(26) node_modules/egg-schedule/app/extend/application.js
                      ▇ [1ms] - #32 Require(27) node_modules/egg-logrotator/app/extend/application.js
                      ▇ [1ms] - #33 Require(28) node_modules/egg-view/app/extend/application.js
                      ▇▇ [58ms] - #34 Require(29) node_modules/egg-jwt/app/extend/application.js
                         ▇ [2ms] - #35 Load extend/request.js
                         ▇ [0ms] - #36 Require(30) node_modules/egg/app/extend/request.js
                         ▇ [3ms] - #37 Load extend/response.js
                         ▇ [1ms] - #38 Require(31) node_modules/egg/app/extend/response.js
                         ▇ [17ms] - #39 Load extend/context.js
                         ▇ [4ms] - #40 Require(32) node_modules/egg-security/app/extend/context.js
                         ▇ [1ms] - #41 Require(33) node_modules/egg-jsonp/app/extend/context.js
                         ▇ [0ms] - #42 Require(34) node_modules/egg-i18n/app/extend/context.js
                         ▇ [7ms] - #43 Require(35) node_modules/egg-multipart/app/extend/context.js
                         ▇ [0ms] - #44 Require(36) node_modules/egg-view/app/extend/context.js
                         ▇ [0ms] - #45 Require(37) node_modules/egg-validate/app/extend/context.js
                         ▇ [1ms] - #46 Require(38) node_modules/egg/app/extend/context.js
                         ▇ [1ms] - #47 Require(39) app/extend/context.js
                         ▇ [10ms] - #48 Load extend/helper.js
                         ▇ [7ms] - #49 Require(40) node_modules/egg-security/app/extend/helper.js
                          ▇ [0ms] - #50 Require(41) node_modules/egg/app/extend/helper.js
                          ▇ [14ms] - #51 Load app.js
                          ▇ [0ms] - #52 Require(42) node_modules/egg-session/app.js
                          ▇ [1ms] - #53 Require(43) node_modules/egg-security/app.js
                          ▇ [3ms] - #54 Require(44) node_modules/egg-onerror/app.js
                          ▇ [4ms] - #55 Require(45) node_modules/egg-i18n/app.js
                          ▇ [2ms] - #56 Require(46) node_modules/egg-watcher/app.js
                          ▇ [1ms] - #57 Require(47) node_modules/egg-schedule/app.js
                          ▇ [0ms] - #58 Require(48) node_modules/egg-multipart/app.js
                          ▇ [1ms] - #59 Require(49) node_modules/egg-development/app.js
                          ▇ [0ms] - #60 Require(50) node_modules/egg-logrotator/app.js
                          ▇ [0ms] - #61 Require(51) node_modules/egg-static/app.js
                          ▇ [0ms] - #62 Require(52) node_modules/egg-sequelize/app.js
                          ▇ [0ms] - #63 Require(53) node_modules/egg-jwt/app.js
                          ▇ [1ms] - #64 Require(54) node_modules/egg-validate/app.js
                          ▇ [0ms] - #65 Require(55) node_modules/egg-cors/app.js
                          ▇ [0ms] - #66 Require(56) app.js
                           ▇▇▇▇▇▇▇▇▇▇▇▇ [339ms] - #67 Before Start in node_modules/egg-watcher/lib/init.js:15:14
                                   ▇ [17ms] - #68 Load "Symbol(model)" to Application
                                    ▇▇▇ [108ms] - #69 Before Start in node_modules/egg-sequelize/lib/loader.js:39:7
                                    ▇▇▇▇▇▇▇▇▇▇▇▇▇ [366ms] - #70 Before Start in app.js:4:7
                                    ▇ [7ms] - #71 Load Service
                                    ▇ [7ms] - #72 Load "service" to Context
                                    ▇ [42ms] - #73 Load Middleware
                                    ▇ [36ms] - #74 Load "middlewares" to Application
                                      ▇ [2ms] - #75 Load Controller
                                      ▇ [2ms] - #76 Load "controller" to Application
                                      ▇ [3ms] - #77 Load Router
                                      ▇ [0ms] - #78 Require(57) app/router.js
                                      ▇ [14ms] - #79 Before Start in node_modules/egg-core/lib/egg.js:328:10
2026-05-27 16:17:42,784 INFO 7530 [egg:core] dump config after ready, 5ms
2026-05-27 16:18:40,106 INFO 7719 [egg:logger] init all loggers with options: {"dir":"/home/gandiantx/lab-manager/server/logs/lab-manager-server","encoding":"utf8","env":"local","level":"INFO","consoleLevel":"INFO","disableConsoleAfterReady":false,"outputJSON":false,"buffer":true,"appLogName":"lab-manager-server-web.log","coreLogName":"egg-web.log","agentLogName":"egg-agent.log","errorLogName":"common-error.log","coreLogger":{"consoleLevel":"WARN"},"allowDebugAtProd":false,"enablePerformanceTimer":false,"enableFastContextLogger":false,"type":"application","localStorage":{}}
2026-05-27 16:18:40,106 INFO 7719 [egg-multipart] stream mode enable
2026-05-27 16:18:40,386 INFO 7719 [egg-static] starting static serve /public/ -> /home/gandiantx/lab-manager/server/app/public
2026-05-27 16:18:40,387 INFO 7719 [egg-security] use methodnoallow middleware
2026-05-27 16:18:40,388 INFO 7719 [egg-security] use noopen middleware
2026-05-27 16:18:40,388 INFO 7719 [egg-security] use nosniff middleware
2026-05-27 16:18:40,388 INFO 7719 [egg-security] use xssProtection middleware
2026-05-27 16:18:40,389 INFO 7719 [egg-security] use xframe middleware
2026-05-27 16:18:40,389 INFO 7719 [egg-security] use dta middleware
2026-05-27 16:18:40,389 INFO 7719 [egg-security] compose 6 middlewares into one security middleware
2026-05-27 16:18:40,400 INFO 7719 [egg:core] dump config after load, 6ms
2026-05-27 16:18:40,449 INFO 7719 [egg-watcher:application] watcher start success
2026-05-27 16:18:40,791 INFO 7719 egg start timeline:
▇▇▇▇▇▇▇▇▇▇▇▇▇▇▇▇ [396ms] - #0 Process Start
                ▇▇▇▇▇▇▇▇▇▇▇▇▇▇▇▇▇▇▇▇▇▇▇▇▇▇▇▇▇▇▇▇▇ [807ms] - #1 Application Start
                ▇ [6ms] - #2 Load Plugin
                ▇ [11ms] - #3 Load Config
                ▇ [1ms] - #4 Require(0) config/config.default.js
                ▇ [0ms] - #5 Require(1) node_modules/egg-session/config/config.default.js
                ▇ [0ms] - #6 Require(2) node_modules/egg-security/config/config.default.js
                ▇ [0ms] - #7 Require(3) node_modules/egg-jsonp/config/config.default.js
                ▇ [0ms] - #8 Require(4) node_modules/egg-onerror/config/config.default.js
                ▇ [1ms] - #9 Require(5) node_modules/egg-i18n/config/config.default.js
                ▇ [0ms] - #10 Require(6) node_modules/egg-watcher/config/config.default.js
                ▇ [0ms] - #11 Require(7) node_modules/egg-schedule/config/config.default.js
                ▇ [0ms] - #12 Require(8) node_modules/egg-multipart/config/config.default.js
                ▇ [0ms] - #13 Require(9) node_modules/egg-development/config/config.default.js
                ▇ [0ms] - #14 Require(10) node_modules/egg-logrotator/config/config.default.js
                 ▇ [0ms] - #15 Require(11) node_modules/egg-static/config/config.default.js
                 ▇ [0ms] - #16 Require(12) node_modules/egg-view/config/config.default.js
                 ▇ [0ms] - #17 Require(13) node_modules/egg-sequelize/config/config.default.js
                 ▇ [0ms] - #18 Require(14) node_modules/egg-jwt/config/config.default.js
                 ▇ [0ms] - #19 Require(15) node_modules/egg-validate/config/config.default.js
                 ▇ [0ms] - #20 Require(16) node_modules/egg-cors/config/config.default.js
                 ▇ [1ms] - #21 Require(17) node_modules/egg/config/config.default.js
                 ▇ [0ms] - #22 Require(18) config/config.default.js
                 ▇ [0ms] - #23 Require(19) node_modules/egg-security/config/config.local.js
                 ▇ [0ms] - #24 Require(20) node_modules/egg-watcher/config/config.local.js
                 ▇ [0ms] - #25 Require(21) node_modules/egg-view/config/config.local.js
                 ▇ [1ms] - #26 Require(22) node_modules/egg/config/config.local.js
                 ▇▇ [63ms] - #27 Load extend/application.js
                 ▇ [0ms] - #28 Require(23) node_modules/egg-session/app/extend/application.js
                 ▇ [0ms] - #29 Require(24) node_modules/egg-security/app/extend/application.js
                 ▇ [2ms] - #30 Require(25) node_modules/egg-jsonp/app/extend/application.js
                 ▇ [2ms] - #31 Require(26) node_modules/egg-schedule/app/extend/application.js
                 ▇ [0ms] - #32 Require(27) node_modules/egg-logrotator/app/extend/application.js
                 ▇ [1ms] - #33 Require(28) node_modules/egg-view/app/extend/application.js
                 ▇▇ [56ms] - #34 Require(29) node_modules/egg-jwt/app/extend/application.js
                   ▇ [3ms] - #35 Load extend/request.js
                   ▇ [1ms] - #36 Require(30) node_modules/egg/app/extend/request.js
                   ▇ [2ms] - #37 Load extend/response.js
                   ▇ [1ms] - #38 Require(31) node_modules/egg/app/extend/response.js
                    ▇ [15ms] - #39 Load extend/context.js
                    ▇ [4ms] - #40 Require(32) node_modules/egg-security/app/extend/context.js
                    ▇ [1ms] - #41 Require(33) node_modules/egg-jsonp/app/extend/context.js
                    ▇ [0ms] - #42 Require(34) node_modules/egg-i18n/app/extend/context.js
                    ▇ [7ms] - #43 Require(35) node_modules/egg-multipart/app/extend/context.js
                    ▇ [0ms] - #44 Require(36) node_modules/egg-view/app/extend/context.js
                    ▇ [1ms] - #45 Require(37) node_modules/egg-validate/app/extend/context.js
                    ▇ [0ms] - #46 Require(38) node_modules/egg/app/extend/context.js
                    ▇ [0ms] - #47 Require(39) app/extend/context.js
                    ▇ [8ms] - #48 Load extend/helper.js
                    ▇ [7ms] - #49 Require(40) node_modules/egg-security/app/extend/helper.js
                    ▇ [1ms] - #50 Require(41) node_modules/egg/app/extend/helper.js
                     ▇ [20ms] - #51 Load app.js
                     ▇ [0ms] - #52 Require(42) node_modules/egg-session/app.js
                     ▇ [0ms] - #53 Require(43) node_modules/egg-security/app.js
                     ▇ [3ms] - #54 Require(44) node_modules/egg-onerror/app.js
                     ▇ [3ms] - #55 Require(45) node_modules/egg-i18n/app.js
                     ▇ [3ms] - #56 Require(46) node_modules/egg-watcher/app.js
                     ▇ [1ms] - #57 Require(47) node_modules/egg-schedule/app.js
                     ▇ [0ms] - #58 Require(48) node_modules/egg-multipart/app.js
                     ▇ [1ms] - #59 Require(49) node_modules/egg-development/app.js
                     ▇ [0ms] - #60 Require(50) node_modules/egg-logrotator/app.js
                     ▇ [0ms] - #61 Require(51) node_modules/egg-static/app.js
                     ▇ [0ms] - #62 Require(52) node_modules/egg-sequelize/app.js
                     ▇ [1ms] - #63 Require(53) node_modules/egg-jwt/app.js
                     ▇ [1ms] - #64 Require(54) node_modules/egg-validate/app.js
                     ▇ [0ms] - #65 Require(55) node_modules/egg-cors/app.js
                     ▇ [0ms] - #66 Require(56) app.js
                      ▇▇▇▇▇▇▇▇▇▇▇▇▇ [338ms] - #67 Before Start in node_modules/egg-watcher/lib/init.js:15:14
                               ▇ [11ms] - #68 Load "Symbol(model)" to Application
                               ▇▇▇▇ [117ms] - #69 Before Start in node_modules/egg-sequelize/lib/loader.js:39:7
                               ▇▇▇▇▇▇▇▇▇▇▇▇▇▇▇▇▇ [432ms] - #70 Before Start in app.js:4:7
                               ▇ [8ms] - #71 Load Service
                               ▇ [8ms] - #72 Load "service" to Context
                               ▇ [40ms] - #73 Load Middleware
                               ▇ [34ms] - #74 Load "middlewares" to Application
                                 ▇ [2ms] - #75 Load Controller
                                 ▇ [2ms] - #76 Load "controller" to Application
                                 ▇ [2ms] - #77 Load Router
                                 ▇ [0ms] - #78 Require(57) app/router.js
                                 ▇ [14ms] - #79 Before Start in node_modules/egg-core/lib/egg.js:328:10
2026-05-27 16:18:40,791 INFO 7719 [egg:core] dump config after ready, 11ms
2026-05-27 16:21:55,815 INFO 8275 [egg:logger] init all loggers with options: {"dir":"/home/gandiantx/lab-manager/server/logs/lab-manager-server","encoding":"utf8","env":"local","level":"INFO","consoleLevel":"INFO","disableConsoleAfterReady":false,"outputJSON":false,"buffer":true,"appLogName":"lab-manager-server-web.log","coreLogName":"egg-web.log","agentLogName":"egg-agent.log","errorLogName":"common-error.log","coreLogger":{"consoleLevel":"WARN"},"allowDebugAtProd":false,"enablePerformanceTimer":false,"enableFastContextLogger":false,"type":"application","localStorage":{}}
2026-05-27 16:21:55,815 INFO 8275 [egg-multipart] stream mode enable
2026-05-27 16:21:56,109 INFO 8275 [egg-static] starting static serve /public/ -> /home/gandiantx/lab-manager/server/app/public
2026-05-27 16:21:56,111 INFO 8275 [egg-security] use methodnoallow middleware
2026-05-27 16:21:56,111 INFO 8275 [egg-security] use noopen middleware
2026-05-27 16:21:56,111 INFO 8275 [egg-security] use nosniff middleware
2026-05-27 16:21:56,112 INFO 8275 [egg-security] use xssProtection middleware
2026-05-27 16:21:56,112 INFO 8275 [egg-security] use xframe middleware
2026-05-27 16:21:56,112 INFO 8275 [egg-security] use dta middleware
2026-05-27 16:21:56,112 INFO 8275 [egg-security] compose 6 middlewares into one security middleware
2026-05-27 16:21:56,124 INFO 8275 [egg:core] dump config after load, 6ms
2026-05-27 16:21:56,157 INFO 8275 [egg-watcher:application] watcher start success
2026-05-27 16:21:56,436 INFO 8275 egg start timeline:
▇▇▇▇▇▇▇▇▇▇▇▇▇▇▇▇▇ [414ms] - #0 Process Start
                 ▇▇▇▇▇▇▇▇▇▇▇▇▇▇▇▇▇▇▇▇▇▇▇▇▇▇▇▇▇▇▇ [742ms] - #1 Application Start
                 ▇ [8ms] - #2 Load Plugin
                  ▇ [10ms] - #3 Load Config
                  ▇ [0ms] - #4 Require(0) config/config.default.js
                  ▇ [0ms] - #5 Require(1) node_modules/egg-session/config/config.default.js
                  ▇ [0ms] - #6 Require(2) node_modules/egg-security/config/config.default.js
                  ▇ [0ms] - #7 Require(3) node_modules/egg-jsonp/config/config.default.js
                  ▇ [0ms] - #8 Require(4) node_modules/egg-onerror/config/config.default.js
                  ▇ [0ms] - #9 Require(5) node_modules/egg-i18n/config/config.default.js
                  ▇ [1ms] - #10 Require(6) node_modules/egg-watcher/config/config.default.js
                  ▇ [0ms] - #11 Require(7) node_modules/egg-schedule/config/config.default.js
                  ▇ [0ms] - #12 Require(8) node_modules/egg-multipart/config/config.default.js
                  ▇ [0ms] - #13 Require(9) node_modules/egg-development/config/config.default.js
                  ▇ [0ms] - #14 Require(10) node_modules/egg-logrotator/config/config.default.js
                  ▇ [0ms] - #15 Require(11) node_modules/egg-static/config/config.default.js
                  ▇ [1ms] - #16 Require(12) node_modules/egg-view/config/config.default.js
                  ▇ [0ms] - #17 Require(13) node_modules/egg-sequelize/config/config.default.js
                  ▇ [0ms] - #18 Require(14) node_modules/egg-jwt/config/config.default.js
                  ▇ [0ms] - #19 Require(15) node_modules/egg-validate/config/config.default.js
                  ▇ [0ms] - #20 Require(16) node_modules/egg-cors/config/config.default.js
                  ▇ [0ms] - #21 Require(17) node_modules/egg/config/config.default.js
                  ▇ [0ms] - #22 Require(18) config/config.default.js
                  ▇ [1ms] - #23 Require(19) node_modules/egg-security/config/config.local.js
                  ▇ [0ms] - #24 Require(20) node_modules/egg-watcher/config/config.local.js
                  ▇ [0ms] - #25 Require(21) node_modules/egg-view/config/config.local.js
                  ▇ [0ms] - #26 Require(22) node_modules/egg/config/config.local.js
                  ▇▇ [61ms] - #27 Load extend/application.js
                  ▇ [0ms] - #28 Require(23) node_modules/egg-session/app/extend/application.js
                  ▇ [1ms] - #29 Require(24) node_modules/egg-security/app/extend/application.js
                  ▇ [1ms] - #30 Require(25) node_modules/egg-jsonp/app/extend/application.js
                  ▇ [1ms] - #31 Require(26) node_modules/egg-schedule/app/extend/application.js
                  ▇ [0ms] - #32 Require(27) node_modules/egg-logrotator/app/extend/application.js
                  ▇ [1ms] - #33 Require(28) node_modules/egg-view/app/extend/application.js
                   ▇▇ [55ms] - #34 Require(29) node_modules/egg-jwt/app/extend/application.js
                     ▇ [2ms] - #35 Load extend/request.js
                     ▇ [0ms] - #36 Require(30) node_modules/egg/app/extend/request.js
                     ▇ [2ms] - #37 Load extend/response.js
                     ▇ [1ms] - #38 Require(31) node_modules/egg/app/extend/response.js
                     ▇ [16ms] - #39 Load extend/context.js
                     ▇ [4ms] - #40 Require(32) node_modules/egg-security/app/extend/context.js
                     ▇ [0ms] - #41 Require(33) node_modules/egg-jsonp/app/extend/context.js
                     ▇ [0ms] - #42 Require(34) node_modules/egg-i18n/app/extend/context.js
                     ▇ [9ms] - #43 Require(35) node_modules/egg-multipart/app/extend/context.js
                      ▇ [0ms] - #44 Require(36) node_modules/egg-view/app/extend/context.js
                      ▇ [1ms] - #45 Require(37) node_modules/egg-validate/app/extend/context.js
                      ▇ [0ms] - #46 Require(38) node_modules/egg/app/extend/context.js
                      ▇ [1ms] - #47 Require(39) app/extend/context.js
                      ▇ [8ms] - #48 Load extend/helper.js
                      ▇ [7ms] - #49 Require(40) node_modules/egg-security/app/extend/helper.js
                      ▇ [1ms] - #50 Require(41) node_modules/egg/app/extend/helper.js
                      ▇ [16ms] - #51 Load app.js
                      ▇ [0ms] - #52 Require(42) node_modules/egg-session/app.js
                      ▇ [0ms] - #53 Require(43) node_modules/egg-security/app.js
                      ▇ [3ms] - #54 Require(44) node_modules/egg-onerror/app.js
                      ▇ [4ms] - #55 Require(45) node_modules/egg-i18n/app.js
                       ▇ [4ms] - #56 Require(46) node_modules/egg-watcher/app.js
                       ▇ [0ms] - #57 Require(47) node_modules/egg-schedule/app.js
                       ▇ [1ms] - #58 Require(48) node_modules/egg-multipart/app.js
                       ▇ [0ms] - #59 Require(49) node_modules/egg-development/app.js
                       ▇ [0ms] - #60 Require(50) node_modules/egg-logrotator/app.js
                       ▇ [0ms] - #61 Require(51) node_modules/egg-static/app.js
                       ▇ [1ms] - #62 Require(52) node_modules/egg-sequelize/app.js
                       ▇ [0ms] - #63 Require(53) node_modules/egg-jwt/app.js
                       ▇ [1ms] - #64 Require(54) node_modules/egg-validate/app.js
                       ▇ [0ms] - #65 Require(55) node_modules/egg-cors/app.js
                       ▇ [0ms] - #66 Require(56) app.js
                       ▇▇▇▇▇▇▇▇▇▇▇▇▇▇ [337ms] - #67 Before Start in node_modules/egg-watcher/lib/init.js:15:14
                                 ▇ [11ms] - #68 Load "Symbol(model)" to Application
                                  ▇▇▇▇ [112ms] - #69 Before Start in node_modules/egg-sequelize/lib/loader.js:39:7
                                  ▇▇▇▇▇▇▇▇▇▇▇▇▇▇▇ [356ms] - #70 Before Start in app.js:4:7
                                  ▇ [7ms] - #71 Load Service
                                  ▇ [7ms] - #72 Load "service" to Context
                                  ▇ [42ms] - #73 Load Middleware
                                  ▇ [37ms] - #74 Load "middlewares" to Application
                                    ▇ [3ms] - #75 Load Controller
                                    ▇ [3ms] - #76 Load "controller" to Application
                                    ▇ [2ms] - #77 Load Router
                                    ▇ [0ms] - #78 Require(57) app/router.js
                                    ▇ [15ms] - #79 Before Start in node_modules/egg-core/lib/egg.js:328:10
2026-05-27 16:21:56,436 INFO 8275 [egg:core] dump config after ready, 10ms
2026-05-27 16:22:02,593 INFO 8294 [egg:logger] init all loggers with options: {"dir":"/home/gandiantx/lab-manager/server/logs/lab-manager-server","encoding":"utf8","env":"local","level":"INFO","consoleLevel":"INFO","disableConsoleAfterReady":false,"outputJSON":false,"buffer":true,"appLogName":"lab-manager-server-web.log","coreLogName":"egg-web.log","agentLogName":"egg-agent.log","errorLogName":"common-error.log","coreLogger":{"consoleLevel":"WARN"},"allowDebugAtProd":false,"enablePerformanceTimer":false,"enableFastContextLogger":false,"type":"application","localStorage":{}}
2026-05-27 16:22:02,594 INFO 8294 [egg-multipart] stream mode enable
2026-05-27 16:22:02,876 INFO 8294 [egg-static] starting static serve /public/ -> /home/gandiantx/lab-manager/server/app/public
2026-05-27 16:22:02,878 INFO 8294 [egg-security] use methodnoallow middleware
2026-05-27 16:22:02,878 INFO 8294 [egg-security] use noopen middleware
2026-05-27 16:22:02,878 INFO 8294 [egg-security] use nosniff middleware
2026-05-27 16:22:02,879 INFO 8294 [egg-security] use xssProtection middleware
2026-05-27 16:22:02,879 INFO 8294 [egg-security] use xframe middleware
2026-05-27 16:22:02,879 INFO 8294 [egg-security] use dta middleware
2026-05-27 16:22:02,879 INFO 8294 [egg-security] compose 6 middlewares into one security middleware
2026-05-27 16:22:02,890 INFO 8294 [egg:core] dump config after load, 5ms
2026-05-27 16:22:02,940 INFO 8294 [egg-watcher:application] watcher start success
2026-05-27 16:22:03,192 INFO 8294 egg start timeline:
▇▇▇▇▇▇▇▇▇▇▇▇▇▇▇▇▇▇ [420ms] - #0 Process Start
                  ▇▇▇▇▇▇▇▇▇▇▇▇▇▇▇▇▇▇▇▇▇▇▇▇▇▇▇▇▇▇▇ [726ms] - #1 Application Start
                  ▇ [7ms] - #2 Load Plugin
                  ▇ [10ms] - #3 Load Config
                  ▇ [0ms] - #4 Require(0) config/config.default.js
                  ▇ [0ms] - #5 Require(1) node_modules/egg-session/config/config.default.js
                  ▇ [0ms] - #6 Require(2) node_modules/egg-security/config/config.default.js
                  ▇ [0ms] - #7 Require(3) node_modules/egg-jsonp/config/config.default.js
                  ▇ [0ms] - #8 Require(4) node_modules/egg-onerror/config/config.default.js
                  ▇ [0ms] - #9 Require(5) node_modules/egg-i18n/config/config.default.js
                  ▇ [0ms] - #10 Require(6) node_modules/egg-watcher/config/config.default.js
                  ▇ [0ms] - #11 Require(7) node_modules/egg-schedule/config/config.default.js
                  ▇ [0ms] - #12 Require(8) node_modules/egg-multipart/config/config.default.js
                   ▇ [0ms] - #13 Require(9) node_modules/egg-development/config/config.default.js
                   ▇ [0ms] - #14 Require(10) node_modules/egg-logrotator/config/config.default.js
                   ▇ [0ms] - #15 Require(11) node_modules/egg-static/config/config.default.js
                   ▇ [0ms] - #16 Require(12) node_modules/egg-view/config/config.default.js
                   ▇ [0ms] - #17 Require(13) node_modules/egg-sequelize/config/config.default.js
                   ▇ [0ms] - #18 Require(14) node_modules/egg-jwt/config/config.default.js
                   ▇ [1ms] - #19 Require(15) node_modules/egg-validate/config/config.default.js
                   ▇ [0ms] - #20 Require(16) node_modules/egg-cors/config/config.default.js
                   ▇ [0ms] - #21 Require(17) node_modules/egg/config/config.default.js
                   ▇ [0ms] - #22 Require(18) config/config.default.js
                   ▇ [0ms] - #23 Require(19) node_modules/egg-security/config/config.local.js
                   ▇ [0ms] - #24 Require(20) node_modules/egg-watcher/config/config.local.js
                   ▇ [0ms] - #25 Require(21) node_modules/egg-view/config/config.local.js
                   ▇ [0ms] - #26 Require(22) node_modules/egg/config/config.local.js
                   ▇▇ [63ms] - #27 Load extend/application.js
                   ▇ [1ms] - #28 Require(23) node_modules/egg-session/app/extend/application.js
                   ▇ [0ms] - #29 Require(24) node_modules/egg-security/app/extend/application.js
                   ▇ [2ms] - #30 Require(25) node_modules/egg-jsonp/app/extend/application.js
                   ▇ [1ms] - #31 Require(26) node_modules/egg-schedule/app/extend/application.js
                   ▇ [1ms] - #32 Require(27) node_modules/egg-logrotator/app/extend/application.js
                   ▇ [0ms] - #33 Require(28) node_modules/egg-view/app/extend/application.js
                   ▇▇ [56ms] - #34 Require(29) node_modules/egg-jwt/app/extend/application.js
                      ▇ [2ms] - #35 Load extend/request.js
                      ▇ [1ms] - #36 Require(30) node_modules/egg/app/extend/request.js
                      ▇ [2ms] - #37 Load extend/response.js
                      ▇ [1ms] - #38 Require(31) node_modules/egg/app/extend/response.js
                      ▇ [14ms] - #39 Load extend/context.js
                      ▇ [4ms] - #40 Require(32) node_modules/egg-security/app/extend/context.js
                      ▇ [1ms] - #41 Require(33) node_modules/egg-jsonp/app/extend/context.js
                      ▇ [0ms] - #42 Require(34) node_modules/egg-i18n/app/extend/context.js
                      ▇ [7ms] - #43 Require(35) node_modules/egg-multipart/app/extend/context.js
                      ▇ [0ms] - #44 Require(36) node_modules/egg-view/app/extend/context.js
                      ▇ [1ms] - #45 Require(37) node_modules/egg-validate/app/extend/context.js
                      ▇ [0ms] - #46 Require(38) node_modules/egg/app/extend/context.js
                      ▇ [1ms] - #47 Require(39) app/extend/context.js
                      ▇ [10ms] - #48 Load extend/helper.js
                      ▇ [7ms] - #49 Require(40) node_modules/egg-security/app/extend/helper.js
                       ▇ [0ms] - #50 Require(41) node_modules/egg/app/extend/helper.js
                       ▇ [15ms] - #51 Load app.js
                       ▇ [0ms] - #52 Require(42) node_modules/egg-session/app.js
                       ▇ [1ms] - #53 Require(43) node_modules/egg-security/app.js
                       ▇ [3ms] - #54 Require(44) node_modules/egg-onerror/app.js
                       ▇ [4ms] - #55 Require(45) node_modules/egg-i18n/app.js
                       ▇ [3ms] - #56 Require(46) node_modules/egg-watcher/app.js
                       ▇ [0ms] - #57 Require(47) node_modules/egg-schedule/app.js
                       ▇ [1ms] - #58 Require(48) node_modules/egg-multipart/app.js
                       ▇ [0ms] - #59 Require(49) node_modules/egg-development/app.js
                       ▇ [0ms] - #60 Require(50) node_modules/egg-logrotator/app.js
                       ▇ [0ms] - #61 Require(51) node_modules/egg-static/app.js
                       ▇ [1ms] - #62 Require(52) node_modules/egg-sequelize/app.js
                       ▇ [0ms] - #63 Require(53) node_modules/egg-jwt/app.js
                       ▇ [1ms] - #64 Require(54) node_modules/egg-validate/app.js
                       ▇ [0ms] - #65 Require(55) node_modules/egg-cors/app.js
                       ▇ [0ms] - #66 Require(56) app.js
                        ▇▇▇▇▇▇▇▇▇▇▇▇▇▇ [341ms] - #67 Before Start in node_modules/egg-watcher/lib/init.js:15:14
                                 ▇ [11ms] - #68 Load "Symbol(model)" to Application
                                  ▇▇▇▇ [115ms] - #69 Before Start in node_modules/egg-sequelize/lib/loader.js:39:7
                                  ▇▇▇▇▇▇▇▇▇▇▇▇▇▇▇ [352ms] - #70 Before Start in app.js:4:7
                                  ▇ [8ms] - #71 Load Service
                                  ▇ [7ms] - #72 Load "service" to Context
                                  ▇ [38ms] - #73 Load Middleware
                                  ▇ [33ms] - #74 Load "middlewares" to Application
                                    ▇ [2ms] - #75 Load Controller
                                    ▇ [2ms] - #76 Load "controller" to Application
                                    ▇ [3ms] - #77 Load Router
                                    ▇ [1ms] - #78 Require(57) app/router.js
                                    ▇ [14ms] - #79 Before Start in node_modules/egg-core/lib/egg.js:328:10
2026-05-27 16:22:03,193 INFO 8294 [egg:core] dump config after ready, 5ms
2026-05-27 16:22:30,546 INFO 8424 [egg:logger] init all loggers with options: {"dir":"/home/gandiantx/lab-manager/server/logs/lab-manager-server","encoding":"utf8","env":"local","level":"INFO","consoleLevel":"INFO","disableConsoleAfterReady":false,"outputJSON":false,"buffer":true,"appLogName":"lab-manager-server-web.log","coreLogName":"egg-web.log","agentLogName":"egg-agent.log","errorLogName":"common-error.log","coreLogger":{"consoleLevel":"WARN"},"allowDebugAtProd":false,"enablePerformanceTimer":false,"enableFastContextLogger":false,"type":"application","localStorage":{}}
2026-05-27 16:22:30,546 INFO 8424 [egg-multipart] stream mode enable
2026-05-27 16:22:30,821 INFO 8424 [egg-static] starting static serve /public/ -> /home/gandiantx/lab-manager/server/app/public
2026-05-27 16:22:30,823 INFO 8424 [egg-security] use methodnoallow middleware
2026-05-27 16:22:30,823 INFO 8424 [egg-security] use noopen middleware
2026-05-27 16:22:30,824 INFO 8424 [egg-security] use nosniff middleware
2026-05-27 16:22:30,824 INFO 8424 [egg-security] use xssProtection middleware
2026-05-27 16:22:30,824 INFO 8424 [egg-security] use xframe middleware
2026-05-27 16:22:30,824 INFO 8424 [egg-security] use dta middleware
2026-05-27 16:22:30,824 INFO 8424 [egg-security] compose 6 middlewares into one security middleware
2026-05-27 16:22:30,836 INFO 8424 [egg:core] dump config after load, 6ms
2026-05-27 16:22:30,881 INFO 8424 [egg-watcher:application] watcher start success
2026-05-27 16:22:31,174 INFO 8424 egg start timeline:
▇▇▇▇▇▇▇▇▇▇▇▇▇▇▇▇▇ [400ms] - #0 Process Start
                 ▇▇▇▇▇▇▇▇▇▇▇▇▇▇▇▇▇▇▇▇▇▇▇▇▇▇▇▇▇▇▇▇ [750ms] - #1 Application Start
                 ▇ [6ms] - #2 Load Plugin
                 ▇ [11ms] - #3 Load Config
                 ▇ [0ms] - #4 Require(0) config/config.default.js
                 ▇ [1ms] - #5 Require(1) node_modules/egg-session/config/config.default.js
                 ▇ [0ms] - #6 Require(2) node_modules/egg-security/config/config.default.js
                 ▇ [0ms] - #7 Require(3) node_modules/egg-jsonp/config/config.default.js
                 ▇ [0ms] - #8 Require(4) node_modules/egg-onerror/config/config.default.js
                 ▇ [0ms] - #9 Require(5) node_modules/egg-i18n/config/config.default.js
                 ▇ [0ms] - #10 Require(6) node_modules/egg-watcher/config/config.default.js
                 ▇ [0ms] - #11 Require(7) node_modules/egg-schedule/config/config.default.js
                 ▇ [0ms] - #12 Require(8) node_modules/egg-multipart/config/config.default.js
                 ▇ [0ms] - #13 Require(9) node_modules/egg-development/config/config.default.js
                 ▇ [0ms] - #14 Require(10) node_modules/egg-logrotator/config/config.default.js
                 ▇ [1ms] - #15 Require(11) node_modules/egg-static/config/config.default.js
                 ▇ [0ms] - #16 Require(12) node_modules/egg-view/config/config.default.js
                 ▇ [0ms] - #17 Require(13) node_modules/egg-sequelize/config/config.default.js
                 ▇ [1ms] - #18 Require(14) node_modules/egg-jwt/config/config.default.js
                  ▇ [0ms] - #19 Require(15) node_modules/egg-validate/config/config.default.js
                  ▇ [0ms] - #20 Require(16) node_modules/egg-cors/config/config.default.js
                  ▇ [0ms] - #21 Require(17) node_modules/egg/config/config.default.js
                  ▇ [0ms] - #22 Require(18) config/config.default.js
                  ▇ [0ms] - #23 Require(19) node_modules/egg-security/config/config.local.js
                  ▇ [0ms] - #24 Require(20) node_modules/egg-watcher/config/config.local.js
                  ▇ [0ms] - #25 Require(21) node_modules/egg-view/config/config.local.js
                  ▇ [0ms] - #26 Require(22) node_modules/egg/config/config.local.js
                  ▇▇ [62ms] - #27 Load extend/application.js
                  ▇ [1ms] - #28 Require(23) node_modules/egg-session/app/extend/application.js
                  ▇ [0ms] - #29 Require(24) node_modules/egg-security/app/extend/application.js
                  ▇ [1ms] - #30 Require(25) node_modules/egg-jsonp/app/extend/application.js
                  ▇ [1ms] - #31 Require(26) node_modules/egg-schedule/app/extend/application.js
                  ▇ [1ms] - #32 Require(27) node_modules/egg-logrotator/app/extend/application.js
                  ▇ [0ms] - #33 Require(28) node_modules/egg-view/app/extend/application.js
                  ▇▇ [56ms] - #34 Require(29) node_modules/egg-jwt/app/extend/application.js
                    ▇ [2ms] - #35 Load extend/request.js
                    ▇ [1ms] - #36 Require(30) node_modules/egg/app/extend/request.js
                    ▇ [2ms] - #37 Load extend/response.js
                    ▇ [0ms] - #38 Require(31) node_modules/egg/app/extend/response.js
                     ▇ [15ms] - #39 Load extend/context.js
                     ▇ [4ms] - #40 Require(32) node_modules/egg-security/app/extend/context.js
                     ▇ [1ms] - #41 Require(33) node_modules/egg-jsonp/app/extend/context.js
                     ▇ [0ms] - #42 Require(34) node_modules/egg-i18n/app/extend/context.js
                     ▇ [7ms] - #43 Require(35) node_modules/egg-multipart/app/extend/context.js
                     ▇ [1ms] - #44 Require(36) node_modules/egg-view/app/extend/context.js
                     ▇ [0ms] - #45 Require(37) node_modules/egg-validate/app/extend/context.js
                     ▇ [1ms] - #46 Require(38) node_modules/egg/app/extend/context.js
                     ▇ [0ms] - #47 Require(39) app/extend/context.js
                     ▇ [9ms] - #48 Load extend/helper.js
                     ▇ [7ms] - #49 Require(40) node_modules/egg-security/app/extend/helper.js
                      ▇ [0ms] - #50 Require(41) node_modules/egg/app/extend/helper.js
                      ▇ [20ms] - #51 Load app.js
                      ▇ [0ms] - #52 Require(42) node_modules/egg-session/app.js
                      ▇ [0ms] - #53 Require(43) node_modules/egg-security/app.js
                      ▇ [3ms] - #54 Require(44) node_modules/egg-onerror/app.js
                      ▇ [4ms] - #55 Require(45) node_modules/egg-i18n/app.js
                      ▇ [3ms] - #56 Require(46) node_modules/egg-watcher/app.js
                      ▇ [0ms] - #57 Require(47) node_modules/egg-schedule/app.js
                      ▇ [1ms] - #58 Require(48) node_modules/egg-multipart/app.js
                      ▇ [0ms] - #59 Require(49) node_modules/egg-development/app.js
                      ▇ [0ms] - #60 Require(50) node_modules/egg-logrotator/app.js
                      ▇ [0ms] - #61 Require(51) node_modules/egg-static/app.js
                      ▇ [1ms] - #62 Require(52) node_modules/egg-sequelize/app.js
                      ▇ [0ms] - #63 Require(53) node_modules/egg-jwt/app.js
                      ▇ [6ms] - #64 Require(54) node_modules/egg-validate/app.js
                      ▇ [0ms] - #65 Require(55) node_modules/egg-cors/app.js
                      ▇ [0ms] - #66 Require(56) app.js
                       ▇▇▇▇▇▇▇▇▇▇▇▇▇▇ [330ms] - #67 Before Start in node_modules/egg-watcher/lib/init.js:15:14
                                ▇ [11ms] - #68 Load "Symbol(model)" to Application
                                 ▇▇▇▇ [114ms] - #69 Before Start in node_modules/egg-sequelize/lib/loader.js:39:7
                                 ▇▇▇▇▇▇▇▇▇▇▇▇▇▇▇▇ [376ms] - #70 Before Start in app.js:4:7
                                 ▇ [7ms] - #71 Load Service
                                 ▇ [7ms] - #72 Load "service" to Context
                                 ▇ [38ms] - #73 Load Middleware
                                 ▇ [33ms] - #74 Load "middlewares" to Application
                                   ▇ [3ms] - #75 Load Controller
                                   ▇ [2ms] - #76 Load "controller" to Application
                                   ▇ [2ms] - #77 Load Router
                                   ▇ [0ms] - #78 Require(57) app/router.js
                                   ▇ [15ms] - #79 Before Start in node_modules/egg-core/lib/egg.js:328:10
2026-05-27 16:22:31,175 INFO 8424 [egg:core] dump config after ready, 12ms
2026-05-27 16:32:56,553 INFO 9487 [egg:logger] init all loggers with options: {"dir":"/home/gandiantx/lab-manager/server/logs/lab-manager-server","encoding":"utf8","env":"local","level":"INFO","consoleLevel":"INFO","disableConsoleAfterReady":false,"outputJSON":false,"buffer":true,"appLogName":"lab-manager-server-web.log","coreLogName":"egg-web.log","agentLogName":"egg-agent.log","errorLogName":"common-error.log","coreLogger":{"consoleLevel":"WARN"},"allowDebugAtProd":false,"enablePerformanceTimer":false,"enableFastContextLogger":false,"type":"application","localStorage":{}}
2026-05-27 16:32:56,553 INFO 9487 [egg-multipart] stream mode enable
2026-05-27 16:32:56,862 INFO 9487 [egg-static] starting static serve /public/ -> /home/gandiantx/lab-manager/server/app/public
2026-05-27 16:32:56,864 INFO 9487 [egg-security] use methodnoallow middleware
2026-05-27 16:32:56,864 INFO 9487 [egg-security] use noopen middleware
2026-05-27 16:32:56,865 INFO 9487 [egg-security] use nosniff middleware
2026-05-27 16:32:56,865 INFO 9487 [egg-security] use xssProtection middleware
2026-05-27 16:32:56,865 INFO 9487 [egg-security] use xframe middleware
2026-05-27 16:32:56,865 INFO 9487 [egg-security] use dta middleware
2026-05-27 16:32:56,865 INFO 9487 [egg-security] compose 6 middlewares into one security middleware
2026-05-27 16:32:56,876 INFO 9487 [egg:core] dump config after load, 5ms
2026-05-27 16:32:56,905 INFO 9487 [egg-watcher:application] watcher start success
2026-05-27 16:32:57,143 INFO 9487 egg start timeline:
▇▇▇▇▇▇▇▇▇▇▇▇▇▇▇▇▇▇▇ [425ms] - #0 Process Start
                   ▇▇▇▇▇▇▇▇▇▇▇▇▇▇▇▇▇▇▇▇▇▇▇▇▇▇▇▇▇▇ [665ms] - #1 Application Start
                   ▇ [6ms] - #2 Load Plugin
                    ▇ [11ms] - #3 Load Config
                    ▇ [0ms] - #4 Require(0) config/config.default.js
                    ▇ [1ms] - #5 Require(1) node_modules/egg-session/config/config.default.js
                    ▇ [0ms] - #6 Require(2) node_modules/egg-security/config/config.default.js
                    ▇ [0ms] - #7 Require(3) node_modules/egg-jsonp/config/config.default.js
                    ▇ [0ms] - #8 Require(4) node_modules/egg-onerror/config/config.default.js
                    ▇ [0ms] - #9 Require(5) node_modules/egg-i18n/config/config.default.js
                    ▇ [0ms] - #10 Require(6) node_modules/egg-watcher/config/config.default.js
                    ▇ [0ms] - #11 Require(7) node_modules/egg-schedule/config/config.default.js
                    ▇ [0ms] - #12 Require(8) node_modules/egg-multipart/config/config.default.js
                    ▇ [0ms] - #13 Require(9) node_modules/egg-development/config/config.default.js
                    ▇ [0ms] - #14 Require(10) node_modules/egg-logrotator/config/config.default.js
                    ▇ [0ms] - #15 Require(11) node_modules/egg-static/config/config.default.js
                    ▇ [0ms] - #16 Require(12) node_modules/egg-view/config/config.default.js
                    ▇ [0ms] - #17 Require(13) node_modules/egg-sequelize/config/config.default.js
                    ▇ [0ms] - #18 Require(14) node_modules/egg-validate/config/config.default.js
                    ▇ [0ms] - #19 Require(15) node_modules/egg-cors/config/config.default.js
                    ▇ [0ms] - #20 Require(16) node_modules/egg/config/config.default.js
                    ▇ [0ms] - #21 Require(17) config/config.default.js
                    ▇ [0ms] - #22 Require(18) node_modules/egg-security/config/config.local.js
                    ▇ [0ms] - #23 Require(19) node_modules/egg-watcher/config/config.local.js
                    ▇ [0ms] - #24 Require(20) node_modules/egg-view/config/config.local.js
                    ▇ [0ms] - #25 Require(21) node_modules/egg/config/config.local.js
                    ▇ [6ms] - #26 Load extend/application.js
                    ▇ [0ms] - #27 Require(22) node_modules/egg-session/app/extend/application.js
                    ▇ [1ms] - #28 Require(23) node_modules/egg-security/app/extend/application.js
                    ▇ [1ms] - #29 Require(24) node_modules/egg-jsonp/app/extend/application.js
                    ▇ [2ms] - #30 Require(25) node_modules/egg-schedule/app/extend/application.js
                    ▇ [0ms] - #31 Require(26) node_modules/egg-logrotator/app/extend/application.js
                    ▇ [0ms] - #32 Require(27) node_modules/egg-view/app/extend/application.js
                    ▇ [2ms] - #33 Load extend/request.js
                    ▇ [0ms] - #34 Require(28) node_modules/egg/app/extend/request.js
                    ▇ [3ms] - #35 Load extend/response.js
                    ▇ [1ms] - #36 Require(29) node_modules/egg/app/extend/response.js
                     ▇ [17ms] - #37 Load extend/context.js
                     ▇ [4ms] - #38 Require(30) node_modules/egg-security/app/extend/context.js
                     ▇ [0ms] - #39 Require(31) node_modules/egg-jsonp/app/extend/context.js
                     ▇ [0ms] - #40 Require(32) node_modules/egg-i18n/app/extend/context.js
                     ▇ [7ms] - #41 Require(33) node_modules/egg-multipart/app/extend/context.js
                     ▇ [1ms] - #42 Require(34) node_modules/egg-view/app/extend/context.js
                     ▇ [0ms] - #43 Require(35) node_modules/egg-validate/app/extend/context.js
                     ▇ [3ms] - #44 Require(36) node_modules/egg/app/extend/context.js
                     ▇ [1ms] - #45 Require(37) app/extend/context.js
                     ▇ [9ms] - #46 Load extend/helper.js
                     ▇ [7ms] - #47 Require(38) node_modules/egg-security/app/extend/helper.js
                      ▇ [0ms] - #48 Require(39) node_modules/egg/app/extend/helper.js
                      ▇ [15ms] - #49 Load app.js
                      ▇ [1ms] - #50 Require(40) node_modules/egg-session/app.js
                      ▇ [0ms] - #51 Require(41) node_modules/egg-security/app.js
                      ▇ [3ms] - #52 Require(42) node_modules/egg-onerror/app.js
                      ▇ [4ms] - #53 Require(43) node_modules/egg-i18n/app.js
                      ▇ [3ms] - #54 Require(44) node_modules/egg-watcher/app.js
                      ▇ [0ms] - #55 Require(45) node_modules/egg-schedule/app.js
                      ▇ [1ms] - #56 Require(46) node_modules/egg-multipart/app.js
                      ▇ [0ms] - #57 Require(47) node_modules/egg-development/app.js
                      ▇ [0ms] - #58 Require(48) node_modules/egg-logrotator/app.js
                      ▇ [0ms] - #59 Require(49) node_modules/egg-static/app.js
                      ▇ [1ms] - #60 Require(50) node_modules/egg-sequelize/app.js
                      ▇ [0ms] - #61 Require(51) node_modules/egg-validate/app.js
                      ▇ [1ms] - #62 Require(52) node_modules/egg-cors/app.js
                      ▇ [0ms] - #63 Require(53) app.js
                       ▇▇▇▇▇▇▇▇▇▇▇▇▇▇▇ [347ms] - #64 Before Start in node_modules/egg-watcher/lib/init.js:15:14
                                  ▇ [19ms] - #65 Load "Symbol(model)" to Application
                                   ▇▇▇▇ [103ms] - #66 Before Start in node_modules/egg-sequelize/lib/loader.js:39:7
                                   ▇▇▇▇▇▇▇▇▇▇▇▇▇▇ [317ms] - #67 Before Start in app.js:4:7
                                   ▇ [6ms] - #68 Load Service
                                   ▇ [6ms] - #69 Load "service" to Context
                                   ▇ [41ms] - #70 Load Middleware
                                   ▇ [36ms] - #71 Load "middlewares" to Application
                                     ▇ [2ms] - #72 Load Controller
                                     ▇ [1ms] - #73 Load "controller" to Application
                                     ▇ [2ms] - #74 Load Router
                                     ▇ [0ms] - #75 Require(54) app/router.js
                                     ▇ [14ms] - #76 Before Start in node_modules/egg-core/lib/egg.js:328:10
2026-05-27 16:32:57,143 INFO 9487 [egg:core] dump config after ready, 5ms
2026-05-27 16:32:59,187 INFO 9507 [egg:logger] init all loggers with options: {"dir":"/home/gandiantx/lab-manager/server/logs/lab-manager-server","encoding":"utf8","env":"local","level":"INFO","consoleLevel":"INFO","disableConsoleAfterReady":false,"outputJSON":false,"buffer":true,"appLogName":"lab-manager-server-web.log","coreLogName":"egg-web.log","agentLogName":"egg-agent.log","errorLogName":"common-error.log","coreLogger":{"consoleLevel":"WARN"},"allowDebugAtProd":false,"enablePerformanceTimer":false,"enableFastContextLogger":false,"type":"application","localStorage":{}}
2026-05-27 16:32:59,187 INFO 9507 [egg-multipart] stream mode enable
2026-05-27 16:32:59,496 INFO 9507 [egg-static] starting static serve /public/ -> /home/gandiantx/lab-manager/server/app/public
2026-05-27 16:32:59,498 INFO 9507 [egg-security] use methodnoallow middleware
2026-05-27 16:32:59,498 INFO 9507 [egg-security] use noopen middleware
2026-05-27 16:32:59,498 INFO 9507 [egg-security] use nosniff middleware
2026-05-27 16:32:59,498 INFO 9507 [egg-security] use xssProtection middleware
2026-05-27 16:32:59,499 INFO 9507 [egg-security] use xframe middleware
2026-05-27 16:32:59,499 INFO 9507 [egg-security] use dta middleware
2026-05-27 16:32:59,499 INFO 9507 [egg-security] compose 6 middlewares into one security middleware
2026-05-27 16:32:59,513 INFO 9507 [egg:core] dump config after load, 7ms
2026-05-27 16:32:59,544 INFO 9507 [egg-watcher:application] watcher start success
2026-05-27 16:32:59,820 INFO 9507 egg start timeline:
▇▇▇▇▇▇▇▇▇▇▇▇▇▇▇▇▇▇ [434ms] - #0 Process Start
                  ▇▇▇▇▇▇▇▇▇▇▇▇▇▇▇▇▇▇▇▇▇▇▇▇▇▇▇▇▇▇ [710ms] - #1 Application Start
                   ▇ [6ms] - #2 Load Plugin
                   ▇ [10ms] - #3 Load Config
                   ▇ [0ms] - #4 Require(0) config/config.default.js
                   ▇ [0ms] - #5 Require(1) node_modules/egg-session/config/config.default.js
                   ▇ [0ms] - #6 Require(2) node_modules/egg-security/config/config.default.js
                   ▇ [1ms] - #7 Require(3) node_modules/egg-jsonp/config/config.default.js
                   ▇ [0ms] - #8 Require(4) node_modules/egg-onerror/config/config.default.js
                   ▇ [0ms] - #9 Require(5) node_modules/egg-i18n/config/config.default.js
                   ▇ [0ms] - #10 Require(6) node_modules/egg-watcher/config/config.default.js
                   ▇ [0ms] - #11 Require(7) node_modules/egg-schedule/config/config.default.js
                   ▇ [0ms] - #12 Require(8) node_modules/egg-multipart/config/config.default.js
                   ▇ [0ms] - #13 Require(9) node_modules/egg-development/config/config.default.js
                   ▇ [0ms] - #14 Require(10) node_modules/egg-logrotator/config/config.default.js
                   ▇ [0ms] - #15 Require(11) node_modules/egg-static/config/config.default.js
                   ▇ [0ms] - #16 Require(12) node_modules/egg-view/config/config.default.js
                   ▇ [0ms] - #17 Require(13) node_modules/egg-sequelize/config/config.default.js
                   ▇ [1ms] - #18 Require(14) node_modules/egg-validate/config/config.default.js
                   ▇ [0ms] - #19 Require(15) node_modules/egg-cors/config/config.default.js
                   ▇ [0ms] - #20 Require(16) node_modules/egg/config/config.default.js
                   ▇ [0ms] - #21 Require(17) config/config.default.js
                   ▇ [0ms] - #22 Require(18) node_modules/egg-security/config/config.local.js
                   ▇ [0ms] - #23 Require(19) node_modules/egg-watcher/config/config.local.js
                   ▇ [0ms] - #24 Require(20) node_modules/egg-view/config/config.local.js
                   ▇ [0ms] - #25 Require(21) node_modules/egg/config/config.local.js
                   ▇ [6ms] - #26 Load extend/application.js
                   ▇ [0ms] - #27 Require(22) node_modules/egg-session/app/extend/application.js
                   ▇ [1ms] - #28 Require(23) node_modules/egg-security/app/extend/application.js
                    ▇ [1ms] - #29 Require(24) node_modules/egg-jsonp/app/extend/application.js
                    ▇ [2ms] - #30 Require(25) node_modules/egg-schedule/app/extend/application.js
                    ▇ [1ms] - #31 Require(26) node_modules/egg-logrotator/app/extend/application.js
                    ▇ [0ms] - #32 Require(27) node_modules/egg-view/app/extend/application.js
                    ▇ [3ms] - #33 Load extend/request.js
                    ▇ [1ms] - #34 Require(28) node_modules/egg/app/extend/request.js
                    ▇ [2ms] - #35 Load extend/response.js
                    ▇ [1ms] - #36 Require(29) node_modules/egg/app/extend/response.js
                    ▇ [18ms] - #37 Load extend/context.js
                    ▇ [4ms] - #38 Require(30) node_modules/egg-security/app/extend/context.js
                    ▇ [1ms] - #39 Require(31) node_modules/egg-jsonp/app/extend/context.js
                    ▇ [0ms] - #40 Require(32) node_modules/egg-i18n/app/extend/context.js
                    ▇ [9ms] - #41 Require(33) node_modules/egg-multipart/app/extend/context.js
                     ▇ [0ms] - #42 Require(34) node_modules/egg-view/app/extend/context.js
                     ▇ [0ms] - #43 Require(35) node_modules/egg-validate/app/extend/context.js
                     ▇ [1ms] - #44 Require(36) node_modules/egg/app/extend/context.js
                     ▇ [0ms] - #45 Require(37) app/extend/context.js
                     ▇ [10ms] - #46 Load extend/helper.js
                     ▇ [8ms] - #47 Require(38) node_modules/egg-security/app/extend/helper.js
                     ▇ [0ms] - #48 Require(39) node_modules/egg/app/extend/helper.js
                     ▇ [16ms] - #49 Load app.js
                     ▇ [1ms] - #50 Require(40) node_modules/egg-session/app.js
                     ▇ [0ms] - #51 Require(41) node_modules/egg-security/app.js
                     ▇ [4ms] - #52 Require(42) node_modules/egg-onerror/app.js
                     ▇ [4ms] - #53 Require(43) node_modules/egg-i18n/app.js
                      ▇ [3ms] - #54 Require(44) node_modules/egg-watcher/app.js
                      ▇ [0ms] - #55 Require(45) node_modules/egg-schedule/app.js
                      ▇ [1ms] - #56 Require(46) node_modules/egg-multipart/app.js
                      ▇ [0ms] - #57 Require(47) node_modules/egg-development/app.js
                      ▇ [0ms] - #58 Require(48) node_modules/egg-logrotator/app.js
                      ▇ [1ms] - #59 Require(49) node_modules/egg-static/app.js
                      ▇ [0ms] - #60 Require(50) node_modules/egg-sequelize/app.js
                      ▇ [1ms] - #61 Require(51) node_modules/egg-validate/app.js
                      ▇ [0ms] - #62 Require(52) node_modules/egg-cors/app.js
                      ▇ [0ms] - #63 Require(53) app.js
                      ▇▇▇▇▇▇▇▇▇▇▇▇▇▇▇ [352ms] - #64 Before Start in node_modules/egg-watcher/lib/init.js:15:14
                                ▇ [12ms] - #65 Load "Symbol(model)" to Application
                                 ▇▇▇▇▇ [117ms] - #66 Before Start in node_modules/egg-sequelize/lib/loader.js:39:7
                                 ▇▇▇▇▇▇▇▇▇▇▇▇▇▇▇▇ [372ms] - #67 Before Start in app.js:4:7
                                 ▇ [7ms] - #68 Load Service
                                 ▇ [7ms] - #69 Load "service" to Context
                                 ▇▇ [50ms] - #70 Load Middleware
                                 ▇ [45ms] - #71 Load "middlewares" to Application
                                    ▇ [3ms] - #72 Load Controller
                                    ▇ [3ms] - #73 Load "controller" to Application
                                    ▇ [3ms] - #74 Load Router
                                    ▇ [1ms] - #75 Require(54) app/router.js
                                    ▇ [17ms] - #76 Before Start in node_modules/egg-core/lib/egg.js:328:10
2026-05-27 16:32:59,820 INFO 9507 [egg:core] dump config after ready, 4ms
2026-05-27 16:33:06,419 INFO 9532 [egg:logger] init all loggers with options: {"dir":"/home/gandiantx/lab-manager/server/logs/lab-manager-server","encoding":"utf8","env":"local","level":"INFO","consoleLevel":"INFO","disableConsoleAfterReady":false,"outputJSON":false,"buffer":true,"appLogName":"lab-manager-server-web.log","coreLogName":"egg-web.log","agentLogName":"egg-agent.log","errorLogName":"common-error.log","coreLogger":{"consoleLevel":"WARN"},"allowDebugAtProd":false,"enablePerformanceTimer":false,"enableFastContextLogger":false,"type":"application","localStorage":{}}
2026-05-27 16:33:06,419 INFO 9532 [egg-multipart] stream mode enable
2026-05-27 16:33:06,739 INFO 9532 [egg-static] starting static serve /public/ -> /home/gandiantx/lab-manager/server/app/public
2026-05-27 16:33:06,741 INFO 9532 [egg-security] use methodnoallow middleware
2026-05-27 16:33:06,741 INFO 9532 [egg-security] use noopen middleware
2026-05-27 16:33:06,741 INFO 9532 [egg-security] use nosniff middleware
2026-05-27 16:33:06,742 INFO 9532 [egg-security] use xssProtection middleware
2026-05-27 16:33:06,742 INFO 9532 [egg-security] use xframe middleware
2026-05-27 16:33:06,742 INFO 9532 [egg-security] use dta middleware
2026-05-27 16:33:06,742 INFO 9532 [egg-security] compose 6 middlewares into one security middleware
2026-05-27 16:33:06,753 INFO 9532 [egg:core] dump config after load, 5ms
2026-05-27 16:33:06,782 INFO 9532 [egg-watcher:application] watcher start success
2026-05-27 16:33:07,052 INFO 9532 egg start timeline:
▇▇▇▇▇▇▇▇▇▇▇▇▇▇▇▇▇▇ [411ms] - #0 Process Start
                  ▇▇▇▇▇▇▇▇▇▇▇▇▇▇▇▇▇▇▇▇▇▇▇▇▇▇▇▇▇▇ [694ms] - #1 Application Start
                  ▇ [6ms] - #2 Load Plugin
                  ▇ [10ms] - #3 Load Config
                  ▇ [0ms] - #4 Require(0) config/config.default.js
                  ▇ [1ms] - #5 Require(1) node_modules/egg-session/config/config.default.js
                  ▇ [0ms] - #6 Require(2) node_modules/egg-security/config/config.default.js
                  ▇ [1ms] - #7 Require(3) node_modules/egg-jsonp/config/config.default.js
                   ▇ [0ms] - #8 Require(4) node_modules/egg-onerror/config/config.default.js
                   ▇ [0ms] - #9 Require(5) node_modules/egg-i18n/config/config.default.js
                   ▇ [1ms] - #10 Require(6) node_modules/egg-watcher/config/config.default.js
                   ▇ [0ms] - #11 Require(7) node_modules/egg-schedule/config/config.default.js
                   ▇ [0ms] - #12 Require(8) node_modules/egg-multipart/config/config.default.js
                   ▇ [0ms] - #13 Require(9) node_modules/egg-development/config/config.default.js
                   ▇ [0ms] - #14 Require(10) node_modules/egg-logrotator/config/config.default.js
                   ▇ [0ms] - #15 Require(11) node_modules/egg-static/config/config.default.js
                   ▇ [1ms] - #16 Require(12) node_modules/egg-view/config/config.default.js
                   ▇ [0ms] - #17 Require(13) node_modules/egg-sequelize/config/config.default.js
                   ▇ [0ms] - #18 Require(14) node_modules/egg-validate/config/config.default.js
                   ▇ [0ms] - #19 Require(15) node_modules/egg-cors/config/config.default.js
                   ▇ [1ms] - #20 Require(16) node_modules/egg/config/config.default.js
                   ▇ [0ms] - #21 Require(17) config/config.default.js
                   ▇ [0ms] - #22 Require(18) node_modules/egg-security/config/config.local.js
                   ▇ [0ms] - #23 Require(19) node_modules/egg-watcher/config/config.local.js
                   ▇ [0ms] - #24 Require(20) node_modules/egg-view/config/config.local.js
                   ▇ [0ms] - #25 Require(21) node_modules/egg/config/config.local.js
                   ▇ [6ms] - #26 Load extend/application.js
                   ▇ [0ms] - #27 Require(22) node_modules/egg-session/app/extend/application.js
                   ▇ [1ms] - #28 Require(23) node_modules/egg-security/app/extend/application.js
                   ▇ [1ms] - #29 Require(24) node_modules/egg-jsonp/app/extend/application.js
                   ▇ [1ms] - #30 Require(25) node_modules/egg-schedule/app/extend/application.js
                   ▇ [1ms] - #31 Require(26) node_modules/egg-logrotator/app/extend/application.js
                   ▇ [1ms] - #32 Require(27) node_modules/egg-view/app/extend/application.js
                   ▇ [2ms] - #33 Load extend/request.js
                   ▇ [1ms] - #34 Require(28) node_modules/egg/app/extend/request.js
                   ▇ [2ms] - #35 Load extend/response.js
                   ▇ [0ms] - #36 Require(29) node_modules/egg/app/extend/response.js
                   ▇ [16ms] - #37 Load extend/context.js
                   ▇ [4ms] - #38 Require(30) node_modules/egg-security/app/extend/context.js
                    ▇ [1ms] - #39 Require(31) node_modules/egg-jsonp/app/extend/context.js
                    ▇ [0ms] - #40 Require(32) node_modules/egg-i18n/app/extend/context.js
                    ▇ [7ms] - #41 Require(33) node_modules/egg-multipart/app/extend/context.js
                    ▇ [0ms] - #42 Require(34) node_modules/egg-view/app/extend/context.js
                    ▇ [1ms] - #43 Require(35) node_modules/egg-validate/app/extend/context.js
                    ▇ [1ms] - #44 Require(36) node_modules/egg/app/extend/context.js
                    ▇ [0ms] - #45 Require(37) app/extend/context.js
                    ▇ [9ms] - #46 Load extend/helper.js
                    ▇ [7ms] - #47 Require(38) node_modules/egg-security/app/extend/helper.js
                    ▇ [0ms] - #48 Require(39) node_modules/egg/app/extend/helper.js
                    ▇ [15ms] - #49 Load app.js
                    ▇ [0ms] - #50 Require(40) node_modules/egg-session/app.js
                    ▇ [0ms] - #51 Require(41) node_modules/egg-security/app.js
                     ▇ [4ms] - #52 Require(42) node_modules/egg-onerror/app.js
                     ▇ [4ms] - #53 Require(43) node_modules/egg-i18n/app.js
                     ▇ [2ms] - #54 Require(44) node_modules/egg-watcher/app.js
                     ▇ [1ms] - #55 Require(45) node_modules/egg-schedule/app.js
                     ▇ [1ms] - #56 Require(46) node_modules/egg-multipart/app.js
                     ▇ [0ms] - #57 Require(47) node_modules/egg-development/app.js
                     ▇ [0ms] - #58 Require(48) node_modules/egg-logrotator/app.js
                     ▇ [0ms] - #59 Require(49) node_modules/egg-static/app.js
                     ▇ [0ms] - #60 Require(50) node_modules/egg-sequelize/app.js
                     ▇ [0ms] - #61 Require(51) node_modules/egg-validate/app.js
                     ▇ [0ms] - #62 Require(52) node_modules/egg-cors/app.js
                     ▇ [0ms] - #63 Require(53) app.js
                      ▇▇▇▇▇▇▇▇▇▇▇▇▇▇▇ [357ms] - #64 Before Start in node_modules/egg-watcher/lib/init.js:15:14
                                ▇ [11ms] - #65 Load "Symbol(model)" to Application
                                ▇▇▇▇▇ [125ms] - #66 Before Start in node_modules/egg-sequelize/lib/loader.js:39:7
                                ▇▇▇▇▇▇▇▇▇▇▇▇▇▇▇▇ [369ms] - #67 Before Start in app.js:4:7
                                ▇ [8ms] - #68 Load Service
                                ▇ [7ms] - #69 Load "service" to Context
                                 ▇▇▇ [69ms] - #70 Load Middleware
                                 ▇▇ [64ms] - #71 Load "middlewares" to Application
                                    ▇ [3ms] - #72 Load Controller
                                    ▇ [3ms] - #73 Load "controller" to Application
                                    ▇ [2ms] - #74 Load Router
                                    ▇ [0ms] - #75 Require(54) app/router.js
                                    ▇ [14ms] - #76 Before Start in node_modules/egg-core/lib/egg.js:328:10
2026-05-27 16:33:07,052 INFO 9532 [egg:core] dump config after ready, 10ms
2026-05-27 16:33:13,655 INFO 9550 [egg:logger] init all loggers with options: {"dir":"/home/gandiantx/lab-manager/server/logs/lab-manager-server","encoding":"utf8","env":"local","level":"INFO","consoleLevel":"INFO","disableConsoleAfterReady":false,"outputJSON":false,"buffer":true,"appLogName":"lab-manager-server-web.log","coreLogName":"egg-web.log","agentLogName":"egg-agent.log","errorLogName":"common-error.log","coreLogger":{"consoleLevel":"WARN"},"allowDebugAtProd":false,"enablePerformanceTimer":false,"enableFastContextLogger":false,"type":"application","localStorage":{}}
2026-05-27 16:33:13,655 INFO 9550 [egg-multipart] stream mode enable
2026-05-27 16:33:14,024 INFO 9550 [egg-static] starting static serve /public/ -> /home/gandiantx/lab-manager/server/app/public
2026-05-27 16:33:14,026 INFO 9550 [egg-security] use methodnoallow middleware
2026-05-27 16:33:14,026 INFO 9550 [egg-security] use noopen middleware
2026-05-27 16:33:14,026 INFO 9550 [egg-security] use nosniff middleware
2026-05-27 16:33:14,027 INFO 9550 [egg-security] use xssProtection middleware
2026-05-27 16:33:14,027 INFO 9550 [egg-security] use xframe middleware
2026-05-27 16:33:14,027 INFO 9550 [egg-security] use dta middleware
2026-05-27 16:33:14,027 INFO 9550 [egg-security] compose 6 middlewares into one security middleware
2026-05-27 16:33:14,039 INFO 9550 [egg:core] dump config after load, 5ms
2026-05-27 16:33:14,072 INFO 9550 [egg-watcher:application] watcher start success
2026-05-27 16:33:14,324 INFO 9550 egg start timeline:
▇▇▇▇▇▇▇▇▇▇▇▇▇▇▇▇▇▇ [437ms] - #0 Process Start
                  ▇▇▇▇▇▇▇▇▇▇▇▇▇▇▇▇▇▇▇▇▇▇▇▇▇▇▇▇▇▇▇ [744ms] - #1 Application Start
                  ▇ [8ms] - #2 Load Plugin
                   ▇ [11ms] - #3 Load Config
                   ▇ [1ms] - #4 Require(0) config/config.default.js
                   ▇ [0ms] - #5 Require(1) node_modules/egg-session/config/config.default.js
                   ▇ [0ms] - #6 Require(2) node_modules/egg-security/config/config.default.js
                   ▇ [0ms] - #7 Require(3) node_modules/egg-jsonp/config/config.default.js
                   ▇ [0ms] - #8 Require(4) node_modules/egg-onerror/config/config.default.js
                   ▇ [0ms] - #9 Require(5) node_modules/egg-i18n/config/config.default.js
                   ▇ [0ms] - #10 Require(6) node_modules/egg-watcher/config/config.default.js
                   ▇ [0ms] - #11 Require(7) node_modules/egg-schedule/config/config.default.js
                   ▇ [0ms] - #12 Require(8) node_modules/egg-multipart/config/config.default.js
                   ▇ [0ms] - #13 Require(9) node_modules/egg-development/config/config.default.js
                   ▇ [0ms] - #14 Require(10) node_modules/egg-logrotator/config/config.default.js
                   ▇ [0ms] - #15 Require(11) node_modules/egg-static/config/config.default.js
                   ▇ [0ms] - #16 Require(12) node_modules/egg-view/config/config.default.js
                   ▇ [1ms] - #17 Require(13) node_modules/egg-sequelize/config/config.default.js
                   ▇ [0ms] - #18 Require(14) node_modules/egg-validate/config/config.default.js
                   ▇ [0ms] - #19 Require(15) node_modules/egg-cors/config/config.default.js
                   ▇ [1ms] - #20 Require(16) node_modules/egg/config/config.default.js
                   ▇ [0ms] - #21 Require(17) config/config.default.js
                   ▇ [0ms] - #22 Require(18) node_modules/egg-security/config/config.local.js
                   ▇ [0ms] - #23 Require(19) node_modules/egg-watcher/config/config.local.js
                   ▇ [0ms] - #24 Require(20) node_modules/egg-view/config/config.local.js
                   ▇ [0ms] - #25 Require(21) node_modules/egg/config/config.local.js
                   ▇ [6ms] - #26 Load extend/application.js
                   ▇ [0ms] - #27 Require(22) node_modules/egg-session/app/extend/application.js
                   ▇ [1ms] - #28 Require(23) node_modules/egg-security/app/extend/application.js
                   ▇ [1ms] - #29 Require(24) node_modules/egg-jsonp/app/extend/application.js
                   ▇ [2ms] - #30 Require(25) node_modules/egg-schedule/app/extend/application.js
                   ▇ [0ms] - #31 Require(26) node_modules/egg-logrotator/app/extend/application.js
                   ▇ [1ms] - #32 Require(27) node_modules/egg-view/app/extend/application.js
                   ▇ [2ms] - #33 Load extend/request.js
                   ▇ [0ms] - #34 Require(28) node_modules/egg/app/extend/request.js
                   ▇ [2ms] - #35 Load extend/response.js
                   ▇ [0ms] - #36 Require(29) node_modules/egg/app/extend/response.js
                   ▇ [18ms] - #37 Load extend/context.js
                   ▇ [4ms] - #38 Require(30) node_modules/egg-security/app/extend/context.js
                    ▇ [0ms] - #39 Require(31) node_modules/egg-jsonp/app/extend/context.js
                    ▇ [0ms] - #40 Require(32) node_modules/egg-i18n/app/extend/context.js
                    ▇ [7ms] - #41 Require(33) node_modules/egg-multipart/app/extend/context.js
                    ▇ [2ms] - #42 Require(34) node_modules/egg-view/app/extend/context.js
                    ▇ [0ms] - #43 Require(35) node_modules/egg-validate/app/extend/context.js
                    ▇ [1ms] - #44 Require(36) node_modules/egg/app/extend/context.js
                    ▇ [0ms] - #45 Require(37) app/extend/context.js
                    ▇ [9ms] - #46 Load extend/helper.js
                    ▇ [7ms] - #47 Require(38) node_modules/egg-security/app/extend/helper.js
                     ▇ [0ms] - #48 Require(39) node_modules/egg/app/extend/helper.js
                     ▇ [15ms] - #49 Load app.js
                     ▇ [0ms] - #50 Require(40) node_modules/egg-session/app.js
                     ▇ [0ms] - #51 Require(41) node_modules/egg-security/app.js
                     ▇ [4ms] - #52 Require(42) node_modules/egg-onerror/app.js
                     ▇ [4ms] - #53 Require(43) node_modules/egg-i18n/app.js
                     ▇ [3ms] - #54 Require(44) node_modules/egg-watcher/app.js
                     ▇ [0ms] - #55 Require(45) node_modules/egg-schedule/app.js
                     ▇ [1ms] - #56 Require(46) node_modules/egg-multipart/app.js
                     ▇ [0ms] - #57 Require(47) node_modules/egg-development/app.js
                     ▇ [0ms] - #58 Require(48) node_modules/egg-logrotator/app.js
                     ▇ [0ms] - #59 Require(49) node_modules/egg-static/app.js
                     ▇ [0ms] - #60 Require(50) node_modules/egg-sequelize/app.js
                     ▇ [1ms] - #61 Require(51) node_modules/egg-validate/app.js
                     ▇ [0ms] - #62 Require(52) node_modules/egg-cors/app.js
                     ▇ [0ms] - #63 Require(53) app.js
                      ▇▇▇▇▇▇▇▇▇▇▇▇▇▇▇▇▇ [412ms] - #64 Before Start in node_modules/egg-watcher/lib/init.js:15:14
                                ▇ [17ms] - #65 Load "Symbol(model)" to Application
                                 ▇▇▇▇▇▇ [144ms] - #66 Before Start in node_modules/egg-sequelize/lib/loader.js:39:7
                                 ▇▇▇▇▇▇▇▇▇▇▇▇▇▇▇ [376ms] - #67 Before Start in app.js:4:7
                                 ▇ [39ms] - #68 Load Service
                                 ▇ [39ms] - #69 Load "service" to Context
                                   ▇▇ [49ms] - #70 Load Middleware
                                   ▇ [44ms] - #71 Load "middlewares" to Application
                                     ▇ [2ms] - #72 Load Controller
                                     ▇ [1ms] - #73 Load "controller" to Application
                                     ▇ [3ms] - #74 Load Router
                                     ▇ [0ms] - #75 Require(54) app/router.js
                                     ▇ [15ms] - #76 Before Start in node_modules/egg-core/lib/egg.js:328:10
2026-05-27 16:33:14,324 INFO 9550 [egg:core] dump config after ready, 5ms
2026-05-27 16:33:24,377 INFO 9657 [egg:logger] init all loggers with options: {"dir":"/home/gandiantx/lab-manager/server/logs/lab-manager-server","encoding":"utf8","env":"local","level":"INFO","consoleLevel":"INFO","disableConsoleAfterReady":false,"outputJSON":false,"buffer":true,"appLogName":"lab-manager-server-web.log","coreLogName":"egg-web.log","agentLogName":"egg-agent.log","errorLogName":"common-error.log","coreLogger":{"consoleLevel":"WARN"},"allowDebugAtProd":false,"enablePerformanceTimer":false,"enableFastContextLogger":false,"type":"application","localStorage":{}}
2026-05-27 16:33:24,377 INFO 9657 [egg-multipart] stream mode enable
2026-05-27 16:33:24,701 INFO 9657 [egg-static] starting static serve /public/ -> /home/gandiantx/lab-manager/server/app/public
2026-05-27 16:33:24,703 INFO 9657 [egg-security] use methodnoallow middleware
2026-05-27 16:33:24,703 INFO 9657 [egg-security] use noopen middleware
2026-05-27 16:33:24,703 INFO 9657 [egg-security] use nosniff middleware
2026-05-27 16:33:24,704 INFO 9657 [egg-security] use xssProtection middleware
2026-05-27 16:33:24,704 INFO 9657 [egg-security] use xframe middleware
2026-05-27 16:33:24,704 INFO 9657 [egg-security] use dta middleware
2026-05-27 16:33:24,704 INFO 9657 [egg-security] compose 6 middlewares into one security middleware
2026-05-27 16:33:24,715 INFO 9657 [egg:core] dump config after load, 5ms
2026-05-27 16:33:24,750 INFO 9657 [egg-watcher:application] watcher start success
2026-05-27 16:33:25,021 INFO 9657 egg start timeline:
▇▇▇▇▇▇▇▇▇▇▇▇▇▇▇▇▇ [399ms] - #0 Process Start
                 ▇▇▇▇▇▇▇▇▇▇▇▇▇▇▇▇▇▇▇▇▇▇▇▇▇▇▇▇▇▇▇ [709ms] - #1 Application Start
                  ▇ [6ms] - #2 Load Plugin
                  ▇ [11ms] - #3 Load Config
                  ▇ [0ms] - #4 Require(0) config/config.default.js
                  ▇ [0ms] - #5 Require(1) node_modules/egg-session/config/config.default.js
                  ▇ [0ms] - #6 Require(2) node_modules/egg-security/config/config.default.js
                  ▇ [0ms] - #7 Require(3) node_modules/egg-jsonp/config/config.default.js
                  ▇ [0ms] - #8 Require(4) node_modules/egg-onerror/config/config.default.js
                  ▇ [0ms] - #9 Require(5) node_modules/egg-i18n/config/config.default.js
                  ▇ [0ms] - #10 Require(6) node_modules/egg-watcher/config/config.default.js
                  ▇ [1ms] - #11 Require(7) node_modules/egg-schedule/config/config.default.js
                  ▇ [0ms] - #12 Require(8) node_modules/egg-multipart/config/config.default.js
                  ▇ [0ms] - #13 Require(9) node_modules/egg-development/config/config.default.js
                  ▇ [0ms] - #14 Require(10) node_modules/egg-logrotator/config/config.default.js
                  ▇ [0ms] - #15 Require(11) node_modules/egg-static/config/config.default.js
                  ▇ [0ms] - #16 Require(12) node_modules/egg-view/config/config.default.js
                  ▇ [0ms] - #17 Require(13) node_modules/egg-sequelize/config/config.default.js
                  ▇ [0ms] - #18 Require(14) node_modules/egg-validate/config/config.default.js
                  ▇ [0ms] - #19 Require(15) node_modules/egg-cors/config/config.default.js
                  ▇ [1ms] - #20 Require(16) node_modules/egg/config/config.default.js
                  ▇ [0ms] - #21 Require(17) config/config.default.js
                  ▇ [0ms] - #22 Require(18) node_modules/egg-security/config/config.local.js
                  ▇ [0ms] - #23 Require(19) node_modules/egg-watcher/config/config.local.js
                  ▇ [0ms] - #24 Require(20) node_modules/egg-view/config/config.local.js
                  ▇ [0ms] - #25 Require(21) node_modules/egg/config/config.local.js
                  ▇ [6ms] - #26 Load extend/application.js
                  ▇ [0ms] - #27 Require(22) node_modules/egg-session/app/extend/application.js
                  ▇ [0ms] - #28 Require(23) node_modules/egg-security/app/extend/application.js
                  ▇ [1ms] - #29 Require(24) node_modules/egg-jsonp/app/extend/application.js
                  ▇ [2ms] - #30 Require(25) node_modules/egg-schedule/app/extend/application.js
                   ▇ [0ms] - #31 Require(26) node_modules/egg-logrotator/app/extend/application.js
                   ▇ [1ms] - #32 Require(27) node_modules/egg-view/app/extend/application.js
                   ▇ [2ms] - #33 Load extend/request.js
                   ▇ [0ms] - #34 Require(28) node_modules/egg/app/extend/request.js
                   ▇ [2ms] - #35 Load extend/response.js
                   ▇ [1ms] - #36 Require(29) node_modules/egg/app/extend/response.js
                   ▇ [18ms] - #37 Load extend/context.js
                   ▇ [4ms] - #38 Require(30) node_modules/egg-security/app/extend/context.js
                   ▇ [0ms] - #39 Require(31) node_modules/egg-jsonp/app/extend/context.js
                   ▇ [0ms] - #40 Require(32) node_modules/egg-i18n/app/extend/context.js
                   ▇ [7ms] - #41 Require(33) node_modules/egg-multipart/app/extend/context.js
                   ▇ [0ms] - #42 Require(34) node_modules/egg-view/app/extend/context.js
                   ▇ [1ms] - #43 Require(35) node_modules/egg-validate/app/extend/context.js
                   ▇ [1ms] - #44 Require(36) node_modules/egg/app/extend/context.js
                    ▇ [0ms] - #45 Require(37) app/extend/context.js
                    ▇ [10ms] - #46 Load extend/helper.js
                    ▇ [8ms] - #47 Require(38) node_modules/egg-security/app/extend/helper.js
                    ▇ [0ms] - #48 Require(39) node_modules/egg/app/extend/helper.js
                    ▇ [15ms] - #49 Load app.js
                    ▇ [0ms] - #50 Require(40) node_modules/egg-session/app.js
                    ▇ [0ms] - #51 Require(41) node_modules/egg-security/app.js
                    ▇ [4ms] - #52 Require(42) node_modules/egg-onerror/app.js
                    ▇ [4ms] - #53 Require(43) node_modules/egg-i18n/app.js
                    ▇ [3ms] - #54 Require(44) node_modules/egg-watcher/app.js
                     ▇ [0ms] - #55 Require(45) node_modules/egg-schedule/app.js
                     ▇ [1ms] - #56 Require(46) node_modules/egg-multipart/app.js
                     ▇ [0ms] - #57 Require(47) node_modules/egg-development/app.js
                     ▇ [0ms] - #58 Require(48) node_modules/egg-logrotator/app.js
                     ▇ [1ms] - #59 Require(49) node_modules/egg-static/app.js
                     ▇ [0ms] - #60 Require(50) node_modules/egg-sequelize/app.js
                     ▇ [1ms] - #61 Require(51) node_modules/egg-validate/app.js
                     ▇ [0ms] - #62 Require(52) node_modules/egg-cors/app.js
                     ▇ [0ms] - #63 Require(53) app.js
                     ▇▇▇▇▇▇▇▇▇▇▇▇▇▇▇▇ [369ms] - #64 Before Start in node_modules/egg-watcher/lib/init.js:15:14
                                ▇ [11ms] - #65 Load "Symbol(model)" to Application
                                ▇▇▇▇▇ [125ms] - #66 Before Start in node_modules/egg-sequelize/lib/loader.js:39:7
                                ▇▇▇▇▇▇▇▇▇▇▇▇▇▇▇▇ [370ms] - #67 Before Start in app.js:4:7
                                ▇ [30ms] - #68 Load Service
                                ▇ [30ms] - #69 Load "service" to Context
                                  ▇ [39ms] - #70 Load Middleware
                                  ▇ [34ms] - #71 Load "middlewares" to Application
                                   ▇ [2ms] - #72 Load Controller
                                   ▇ [2ms] - #73 Load "controller" to Application
                                    ▇ [3ms] - #74 Load Router
                                    ▇ [1ms] - #75 Require(54) app/router.js
                                    ▇ [14ms] - #76 Before Start in node_modules/egg-core/lib/egg.js:328:10
2026-05-27 16:33:25,021 INFO 9657 [egg:core] dump config after ready, 10ms
2026-05-27 16:37:54,293 INFO 10207 [egg:logger] init all loggers with options: {"dir":"/home/gandiantx/lab-manager/server/logs/lab-manager-server","encoding":"utf8","env":"local","level":"INFO","consoleLevel":"INFO","disableConsoleAfterReady":false,"outputJSON":false,"buffer":true,"appLogName":"lab-manager-server-web.log","coreLogName":"egg-web.log","agentLogName":"egg-agent.log","errorLogName":"common-error.log","coreLogger":{"consoleLevel":"WARN"},"allowDebugAtProd":false,"enablePerformanceTimer":false,"enableFastContextLogger":false,"type":"application","localStorage":{}}
2026-05-27 16:37:54,293 INFO 10207 [egg-multipart] stream mode enable
2026-05-27 16:37:54,630 INFO 10207 [egg-static] starting static serve /public/ -> /home/gandiantx/lab-manager/server/app/public
2026-05-27 16:37:54,632 INFO 10207 [egg-security] use methodnoallow middleware
2026-05-27 16:37:54,632 INFO 10207 [egg-security] use noopen middleware
2026-05-27 16:37:54,633 INFO 10207 [egg-security] use nosniff middleware
2026-05-27 16:37:54,633 INFO 10207 [egg-security] use xssProtection middleware
2026-05-27 16:37:54,634 INFO 10207 [egg-security] use xframe middleware
2026-05-27 16:37:54,635 INFO 10207 [egg-security] use dta middleware
2026-05-27 16:37:54,635 INFO 10207 [egg-security] compose 6 middlewares into one security middleware
2026-05-27 16:37:54,647 INFO 10207 [egg:core] dump config after load, 5ms
2026-05-27 16:37:54,696 INFO 10207 [egg-watcher:application] watcher start success
2026-05-27 16:37:54,958 INFO 10207 egg start timeline:
▇▇▇▇▇▇▇▇▇▇▇▇▇▇▇▇▇ [413ms] - #0 Process Start
                 ▇▇▇▇▇▇▇▇▇▇▇▇▇▇▇▇▇▇▇▇▇▇▇▇▇▇▇▇▇▇▇ [741ms] - #1 Application Start
                  ▇ [7ms] - #2 Load Plugin
                  ▇ [11ms] - #3 Load Config
                  ▇ [0ms] - #4 Require(0) config/config.default.js
                  ▇ [0ms] - #5 Require(1) node_modules/egg-session/config/config.default.js
                  ▇ [0ms] - #6 Require(2) node_modules/egg-security/config/config.default.js
                  ▇ [0ms] - #7 Require(3) node_modules/egg-jsonp/config/config.default.js
                  ▇ [1ms] - #8 Require(4) node_modules/egg-onerror/config/config.default.js
                  ▇ [0ms] - #9 Require(5) node_modules/egg-i18n/config/config.default.js
                  ▇ [0ms] - #10 Require(6) node_modules/egg-watcher/config/config.default.js
                  ▇ [1ms] - #11 Require(7) node_modules/egg-schedule/config/config.default.js
                  ▇ [0ms] - #12 Require(8) node_modules/egg-multipart/config/config.default.js
                  ▇ [1ms] - #13 Require(9) node_modules/egg-development/config/config.default.js
                  ▇ [0ms] - #14 Require(10) node_modules/egg-logrotator/config/config.default.js
                  ▇ [0ms] - #15 Require(11) node_modules/egg-static/config/config.default.js
                  ▇ [0ms] - #16 Require(12) node_modules/egg-view/config/config.default.js
                  ▇ [0ms] - #17 Require(13) node_modules/egg-sequelize/config/config.default.js
                  ▇ [0ms] - #18 Require(14) node_modules/egg-validate/config/config.default.js
                  ▇ [0ms] - #19 Require(15) node_modules/egg-cors/config/config.default.js
                  ▇ [1ms] - #20 Require(16) node_modules/egg/config/config.default.js
                  ▇ [0ms] - #21 Require(17) config/config.default.js
                  ▇ [1ms] - #22 Require(18) node_modules/egg-security/config/config.local.js
                  ▇ [0ms] - #23 Require(19) node_modules/egg-watcher/config/config.local.js
                  ▇ [0ms] - #24 Require(20) node_modules/egg-view/config/config.local.js
                  ▇ [0ms] - #25 Require(21) node_modules/egg/config/config.local.js
                  ▇ [6ms] - #26 Load extend/application.js
                  ▇ [0ms] - #27 Require(22) node_modules/egg-session/app/extend/application.js
                  ▇ [1ms] - #28 Require(23) node_modules/egg-security/app/extend/application.js
                  ▇ [1ms] - #29 Require(24) node_modules/egg-jsonp/app/extend/application.js
                   ▇ [2ms] - #30 Require(25) node_modules/egg-schedule/app/extend/application.js
                   ▇ [0ms] - #31 Require(26) node_modules/egg-logrotator/app/extend/application.js
                   ▇ [1ms] - #32 Require(27) node_modules/egg-view/app/extend/application.js
                   ▇ [2ms] - #33 Load extend/request.js
                   ▇ [0ms] - #34 Require(28) node_modules/egg/app/extend/request.js
                   ▇ [3ms] - #35 Load extend/response.js
                   ▇ [1ms] - #36 Require(29) node_modules/egg/app/extend/response.js
                   ▇ [17ms] - #37 Load extend/context.js
                   ▇ [4ms] - #38 Require(30) node_modules/egg-security/app/extend/context.js
                   ▇ [1ms] - #39 Require(31) node_modules/egg-jsonp/app/extend/context.js
                   ▇ [0ms] - #40 Require(32) node_modules/egg-i18n/app/extend/context.js
                   ▇ [7ms] - #41 Require(33) node_modules/egg-multipart/app/extend/context.js
                   ▇ [0ms] - #42 Require(34) node_modules/egg-view/app/extend/context.js
                   ▇ [0ms] - #43 Require(35) node_modules/egg-validate/app/extend/context.js
                    ▇ [1ms] - #44 Require(36) node_modules/egg/app/extend/context.js
                    ▇ [1ms] - #45 Require(37) app/extend/context.js
                    ▇ [9ms] - #46 Load extend/helper.js
                    ▇ [7ms] - #47 Require(38) node_modules/egg-security/app/extend/helper.js
                    ▇ [0ms] - #48 Require(39) node_modules/egg/app/extend/helper.js
                    ▇ [15ms] - #49 Load app.js
                    ▇ [0ms] - #50 Require(40) node_modules/egg-session/app.js
                    ▇ [1ms] - #51 Require(41) node_modules/egg-security/app.js
                    ▇ [4ms] - #52 Require(42) node_modules/egg-onerror/app.js
                    ▇ [3ms] - #53 Require(43) node_modules/egg-i18n/app.js
                    ▇ [2ms] - #54 Require(44) node_modules/egg-watcher/app.js
                     ▇ [1ms] - #55 Require(45) node_modules/egg-schedule/app.js
                     ▇ [0ms] - #56 Require(46) node_modules/egg-multipart/app.js
                     ▇ [1ms] - #57 Require(47) node_modules/egg-development/app.js
                     ▇ [0ms] - #58 Require(48) node_modules/egg-logrotator/app.js
                     ▇ [0ms] - #59 Require(49) node_modules/egg-static/app.js
                     ▇ [0ms] - #60 Require(50) node_modules/egg-sequelize/app.js
                     ▇ [1ms] - #61 Require(51) node_modules/egg-validate/app.js
                     ▇ [0ms] - #62 Require(52) node_modules/egg-cors/app.js
                     ▇ [0ms] - #63 Require(53) app.js
                     ▇▇▇▇▇▇▇▇▇▇▇▇▇▇▇▇▇ [398ms] - #64 Before Start in node_modules/egg-watcher/lib/init.js:15:14
                               ▇ [17ms] - #65 Load "Symbol(model)" to Application
                                ▇▇▇▇▇▇ [161ms] - #66 Before Start in node_modules/egg-sequelize/lib/loader.js:39:7
                                ▇▇▇▇▇▇▇▇▇▇▇▇▇▇▇▇▇ [399ms] - #67 Before Start in app.js:4:7
                                ▇ [36ms] - #68 Load Service
                                ▇ [36ms] - #69 Load "service" to Context
                                  ▇▇ [48ms] - #70 Load Middleware
                                  ▇ [40ms] - #71 Load "middlewares" to Application
                                    ▇ [2ms] - #72 Load Controller
                                    ▇ [2ms] - #73 Load "controller" to Application
                                    ▇ [3ms] - #74 Load Router
                                    ▇ [0ms] - #75 Require(54) app/router.js
                                    ▇ [16ms] - #76 Before Start in node_modules/egg-core/lib/egg.js:328:10
2026-05-27 16:37:54,958 INFO 10207 [egg:core] dump config after ready, 5ms
2026-05-27 16:38:09,279 INFO 10320 [egg:logger] init all loggers with options: {"dir":"/home/gandiantx/lab-manager/server/logs/lab-manager-server","encoding":"utf8","env":"local","level":"INFO","consoleLevel":"INFO","disableConsoleAfterReady":false,"outputJSON":false,"buffer":true,"appLogName":"lab-manager-server-web.log","coreLogName":"egg-web.log","agentLogName":"egg-agent.log","errorLogName":"common-error.log","coreLogger":{"consoleLevel":"WARN"},"allowDebugAtProd":false,"enablePerformanceTimer":false,"enableFastContextLogger":false,"type":"application","localStorage":{}}
2026-05-27 16:38:09,279 INFO 10320 [egg-multipart] stream mode enable
2026-05-27 16:38:09,591 INFO 10320 [egg-static] starting static serve /public/ -> /home/gandiantx/lab-manager/server/app/public
2026-05-27 16:38:09,593 INFO 10320 [egg-security] use methodnoallow middleware
2026-05-27 16:38:09,593 INFO 10320 [egg-security] use noopen middleware
2026-05-27 16:38:09,593 INFO 10320 [egg-security] use nosniff middleware
2026-05-27 16:38:09,594 INFO 10320 [egg-security] use xssProtection middleware
2026-05-27 16:38:09,594 INFO 10320 [egg-security] use xframe middleware
2026-05-27 16:38:09,594 INFO 10320 [egg-security] use dta middleware
2026-05-27 16:38:09,594 INFO 10320 [egg-security] compose 6 middlewares into one security middleware
2026-05-27 16:38:09,605 INFO 10320 [egg:core] dump config after load, 5ms
2026-05-27 16:38:09,642 INFO 10320 [egg-watcher:application] watcher start success
2026-05-27 16:38:09,911 INFO 10320 egg start timeline:
▇▇▇▇▇▇▇▇▇▇▇▇▇▇▇▇▇ [392ms] - #0 Process Start
                 ▇▇▇▇▇▇▇▇▇▇▇▇▇▇▇▇▇▇▇▇▇▇▇▇▇▇▇▇▇▇▇ [694ms] - #1 Application Start
                  ▇ [6ms] - #2 Load Plugin
                  ▇ [10ms] - #3 Load Config
                  ▇ [1ms] - #4 Require(0) config/config.default.js
                  ▇ [0ms] - #5 Require(1) node_modules/egg-session/config/config.default.js
                  ▇ [0ms] - #6 Require(2) node_modules/egg-security/config/config.default.js
                  ▇ [0ms] - #7 Require(3) node_modules/egg-jsonp/config/config.default.js
                  ▇ [0ms] - #8 Require(4) node_modules/egg-onerror/config/config.default.js
                  ▇ [1ms] - #9 Require(5) node_modules/egg-i18n/config/config.default.js
                  ▇ [0ms] - #10 Require(6) node_modules/egg-watcher/config/config.default.js
                  ▇ [0ms] - #11 Require(7) node_modules/egg-schedule/config/config.default.js
                  ▇ [0ms] - #12 Require(8) node_modules/egg-multipart/config/config.default.js
                  ▇ [0ms] - #13 Require(9) node_modules/egg-development/config/config.default.js
                  ▇ [0ms] - #14 Require(10) node_modules/egg-logrotator/config/config.default.js
                  ▇ [0ms] - #15 Require(11) node_modules/egg-static/config/config.default.js
                  ▇ [0ms] - #16 Require(12) node_modules/egg-view/config/config.default.js
                  ▇ [0ms] - #17 Require(13) node_modules/egg-sequelize/config/config.default.js
                  ▇ [0ms] - #18 Require(14) node_modules/egg-validate/config/config.default.js
                  ▇ [0ms] - #19 Require(15) node_modules/egg-cors/config/config.default.js
                  ▇ [0ms] - #20 Require(16) node_modules/egg/config/config.default.js
                  ▇ [0ms] - #21 Require(17) config/config.default.js
                  ▇ [0ms] - #22 Require(18) node_modules/egg-security/config/config.local.js
                  ▇ [0ms] - #23 Require(19) node_modules/egg-watcher/config/config.local.js
                  ▇ [0ms] - #24 Require(20) node_modules/egg-view/config/config.local.js
                  ▇ [0ms] - #25 Require(21) node_modules/egg/config/config.local.js
                  ▇ [6ms] - #26 Load extend/application.js
                  ▇ [1ms] - #27 Require(22) node_modules/egg-session/app/extend/application.js
                  ▇ [0ms] - #28 Require(23) node_modules/egg-security/app/extend/application.js
                  ▇ [1ms] - #29 Require(24) node_modules/egg-jsonp/app/extend/application.js
                   ▇ [1ms] - #30 Require(25) node_modules/egg-schedule/app/extend/application.js
                   ▇ [1ms] - #31 Require(26) node_modules/egg-logrotator/app/extend/application.js
                   ▇ [0ms] - #32 Require(27) node_modules/egg-view/app/extend/application.js
                   ▇ [2ms] - #33 Load extend/request.js
                   ▇ [1ms] - #34 Require(28) node_modules/egg/app/extend/request.js
                   ▇ [2ms] - #35 Load extend/response.js
                   ▇ [1ms] - #36 Require(29) node_modules/egg/app/extend/response.js
                   ▇ [18ms] - #37 Load extend/context.js
                   ▇ [4ms] - #38 Require(30) node_modules/egg-security/app/extend/context.js
                   ▇ [0ms] - #39 Require(31) node_modules/egg-jsonp/app/extend/context.js
                   ▇ [0ms] - #40 Require(32) node_modules/egg-i18n/app/extend/context.js
                   ▇ [7ms] - #41 Require(33) node_modules/egg-multipart/app/extend/context.js
                   ▇ [0ms] - #42 Require(34) node_modules/egg-view/app/extend/context.js
                   ▇ [0ms] - #43 Require(35) node_modules/egg-validate/app/extend/context.js
                   ▇ [1ms] - #44 Require(36) node_modules/egg/app/extend/context.js
                    ▇ [0ms] - #45 Require(37) app/extend/context.js
                    ▇ [9ms] - #46 Load extend/helper.js
                    ▇ [7ms] - #47 Require(38) node_modules/egg-security/app/extend/helper.js
                    ▇ [0ms] - #48 Require(39) node_modules/egg/app/extend/helper.js
                    ▇ [14ms] - #49 Load app.js
                    ▇ [0ms] - #50 Require(40) node_modules/egg-session/app.js
                    ▇ [1ms] - #51 Require(41) node_modules/egg-security/app.js
                    ▇ [3ms] - #52 Require(42) node_modules/egg-onerror/app.js
                    ▇ [3ms] - #53 Require(43) node_modules/egg-i18n/app.js
                    ▇ [3ms] - #54 Require(44) node_modules/egg-watcher/app.js
                     ▇ [0ms] - #55 Require(45) node_modules/egg-schedule/app.js
                     ▇ [1ms] - #56 Require(46) node_modules/egg-multipart/app.js
                     ▇ [0ms] - #57 Require(47) node_modules/egg-development/app.js
                     ▇ [0ms] - #58 Require(48) node_modules/egg-logrotator/app.js
                     ▇ [0ms] - #59 Require(49) node_modules/egg-static/app.js
                     ▇ [0ms] - #60 Require(50) node_modules/egg-sequelize/app.js
                     ▇ [1ms] - #61 Require(51) node_modules/egg-validate/app.js
                     ▇ [0ms] - #62 Require(52) node_modules/egg-cors/app.js
                     ▇ [0ms] - #63 Require(53) app.js
                     ▇▇▇▇▇▇▇▇▇▇▇▇▇▇▇▇ [358ms] - #64 Before Start in node_modules/egg-watcher/lib/init.js:15:14
                               ▇ [11ms] - #65 Load "Symbol(model)" to Application
                                ▇▇▇▇▇ [127ms] - #66 Before Start in node_modules/egg-sequelize/lib/loader.js:39:7
                                ▇▇▇▇▇▇▇▇▇▇▇▇▇▇▇▇ [370ms] - #67 Before Start in app.js:4:7
                                ▇ [30ms] - #68 Load Service
                                ▇ [30ms] - #69 Load "service" to Context
                                 ▇ [40ms] - #70 Load Middleware
                                 ▇ [35ms] - #71 Load "middlewares" to Application
                                   ▇ [2ms] - #72 Load Controller
                                   ▇ [2ms] - #73 Load "controller" to Application
                                   ▇ [3ms] - #74 Load Router
                                   ▇ [1ms] - #75 Require(54) app/router.js
                                   ▇ [14ms] - #76 Before Start in node_modules/egg-core/lib/egg.js:328:10
2026-05-27 16:38:09,911 INFO 10320 [egg:core] dump config after ready, 10ms
2026-05-27 16:38:30,500 INFO 10375 [egg:logger] init all loggers with options: {"dir":"/home/gandiantx/lab-manager/server/logs/lab-manager-server","encoding":"utf8","env":"local","level":"INFO","consoleLevel":"INFO","disableConsoleAfterReady":false,"outputJSON":false,"buffer":true,"appLogName":"lab-manager-server-web.log","coreLogName":"egg-web.log","agentLogName":"egg-agent.log","errorLogName":"common-error.log","coreLogger":{"consoleLevel":"WARN"},"allowDebugAtProd":false,"enablePerformanceTimer":false,"enableFastContextLogger":false,"type":"application","localStorage":{}}
2026-05-27 16:38:30,501 INFO 10375 [egg-multipart] stream mode enable
2026-05-27 16:38:30,823 INFO 10375 [egg-static] starting static serve /public/ -> /home/gandiantx/lab-manager/server/app/public
2026-05-27 16:38:30,825 INFO 10375 [egg-security] use methodnoallow middleware
2026-05-27 16:38:30,825 INFO 10375 [egg-security] use noopen middleware
2026-05-27 16:38:30,826 INFO 10375 [egg-security] use nosniff middleware
2026-05-27 16:38:30,826 INFO 10375 [egg-security] use xssProtection middleware
2026-05-27 16:38:30,826 INFO 10375 [egg-security] use xframe middleware
2026-05-27 16:38:30,826 INFO 10375 [egg-security] use dta middleware
2026-05-27 16:38:30,826 INFO 10375 [egg-security] compose 6 middlewares into one security middleware
2026-05-27 16:38:30,841 INFO 10375 [egg:core] dump config after load, 9ms
2026-05-27 16:38:30,869 INFO 10375 [egg-watcher:application] watcher start success
2026-05-27 16:38:31,147 INFO 10375 egg start timeline:
▇▇▇▇▇▇▇▇▇▇▇▇▇▇▇▇▇▇ [429ms] - #0 Process Start
                  ▇▇▇▇▇▇▇▇▇▇▇▇▇▇▇▇▇▇▇▇▇▇▇▇▇▇▇▇▇▇▇ [727ms] - #1 Application Start
                  ▇ [6ms] - #2 Load Plugin
                   ▇ [11ms] - #3 Load Config
                   ▇ [0ms] - #4 Require(0) config/config.default.js
                   ▇ [1ms] - #5 Require(1) node_modules/egg-session/config/config.default.js
                   ▇ [0ms] - #6 Require(2) node_modules/egg-security/config/config.default.js
                   ▇ [0ms] - #7 Require(3) node_modules/egg-jsonp/config/config.default.js
                   ▇ [0ms] - #8 Require(4) node_modules/egg-onerror/config/config.default.js
                   ▇ [0ms] - #9 Require(5) node_modules/egg-i18n/config/config.default.js
                   ▇ [0ms] - #10 Require(6) node_modules/egg-watcher/config/config.default.js
                   ▇ [0ms] - #11 Require(7) node_modules/egg-schedule/config/config.default.js
                   ▇ [1ms] - #12 Require(8) node_modules/egg-multipart/config/config.default.js
                   ▇ [0ms] - #13 Require(9) node_modules/egg-development/config/config.default.js
                   ▇ [0ms] - #14 Require(10) node_modules/egg-logrotator/config/config.default.js
                   ▇ [1ms] - #15 Require(11) node_modules/egg-static/config/config.default.js
                   ▇ [0ms] - #16 Require(12) node_modules/egg-view/config/config.default.js
                   ▇ [0ms] - #17 Require(13) node_modules/egg-sequelize/config/config.default.js
                   ▇ [0ms] - #18 Require(14) node_modules/egg-validate/config/config.default.js
                   ▇ [0ms] - #19 Require(15) node_modules/egg-cors/config/config.default.js
                   ▇ [1ms] - #20 Require(16) node_modules/egg/config/config.default.js
                   ▇ [0ms] - #21 Require(17) config/config.default.js
                   ▇ [0ms] - #22 Require(18) node_modules/egg-security/config/config.local.js
                   ▇ [1ms] - #23 Require(19) node_modules/egg-watcher/config/config.local.js
                   ▇ [0ms] - #24 Require(20) node_modules/egg-view/config/config.local.js
                   ▇ [1ms] - #25 Require(21) node_modules/egg/config/config.local.js
                   ▇ [7ms] - #26 Load extend/application.js
                   ▇ [0ms] - #27 Require(22) node_modules/egg-session/app/extend/application.js
                   ▇ [0ms] - #28 Require(23) node_modules/egg-security/app/extend/application.js
                   ▇ [1ms] - #29 Require(24) node_modules/egg-jsonp/app/extend/application.js
                   ▇ [1ms] - #30 Require(25) node_modules/egg-schedule/app/extend/application.js
                   ▇ [0ms] - #31 Require(26) node_modules/egg-logrotator/app/extend/application.js
                   ▇ [1ms] - #32 Require(27) node_modules/egg-view/app/extend/application.js
                   ▇ [2ms] - #33 Load extend/request.js
                   ▇ [0ms] - #34 Require(28) node_modules/egg/app/extend/request.js
                   ▇ [2ms] - #35 Load extend/response.js
                   ▇ [0ms] - #36 Require(29) node_modules/egg/app/extend/response.js
                   ▇ [16ms] - #37 Load extend/context.js
                   ▇ [4ms] - #38 Require(30) node_modules/egg-security/app/extend/context.js
                    ▇ [1ms] - #39 Require(31) node_modules/egg-jsonp/app/extend/context.js
                    ▇ [0ms] - #40 Require(32) node_modules/egg-i18n/app/extend/context.js
                    ▇ [8ms] - #41 Require(33) node_modules/egg-multipart/app/extend/context.js
                    ▇ [0ms] - #42 Require(34) node_modules/egg-view/app/extend/context.js
                    ▇ [0ms] - #43 Require(35) node_modules/egg-validate/app/extend/context.js
                    ▇ [1ms] - #44 Require(36) node_modules/egg/app/extend/context.js
                    ▇ [0ms] - #45 Require(37) app/extend/context.js
                    ▇ [11ms] - #46 Load extend/helper.js
                    ▇ [8ms] - #47 Require(38) node_modules/egg-security/app/extend/helper.js
                     ▇ [0ms] - #48 Require(39) node_modules/egg/app/extend/helper.js
                     ▇ [21ms] - #49 Load app.js
                     ▇ [0ms] - #50 Require(40) node_modules/egg-session/app.js
                     ▇ [1ms] - #51 Require(41) node_modules/egg-security/app.js
                     ▇ [7ms] - #52 Require(42) node_modules/egg-onerror/app.js
                     ▇ [5ms] - #53 Require(43) node_modules/egg-i18n/app.js
                     ▇ [3ms] - #54 Require(44) node_modules/egg-watcher/app.js
                     ▇ [1ms] - #55 Require(45) node_modules/egg-schedule/app.js
                     ▇ [1ms] - #56 Require(46) node_modules/egg-multipart/app.js
                     ▇ [0ms] - #57 Require(47) node_modules/egg-development/app.js
                     ▇ [0ms] - #58 Require(48) node_modules/egg-logrotator/app.js
                     ▇ [0ms] - #59 Require(49) node_modules/egg-static/app.js
                     ▇ [0ms] - #60 Require(50) node_modules/egg-sequelize/app.js
                     ▇ [1ms] - #61 Require(51) node_modules/egg-validate/app.js
                      ▇ [0ms] - #62 Require(52) node_modules/egg-cors/app.js
                      ▇ [0ms] - #63 Require(53) app.js
                      ▇▇▇▇▇▇▇▇▇▇▇▇▇▇▇ [364ms] - #64 Before Start in node_modules/egg-watcher/lib/init.js:15:14
                                ▇ [11ms] - #65 Load "Symbol(model)" to Application
                                 ▇▇▇▇▇ [136ms] - #66 Before Start in node_modules/egg-sequelize/lib/loader.js:39:7
                                 ▇▇▇▇▇▇▇▇▇▇▇▇▇▇▇▇ [388ms] - #67 Before Start in app.js:4:7
                                 ▇ [36ms] - #68 Load Service
                                 ▇ [36ms] - #69 Load "service" to Context
                                  ▇ [39ms] - #70 Load Middleware
                                  ▇ [33ms] - #71 Load "middlewares" to Application
                                    ▇ [2ms] - #72 Load Controller
                                    ▇ [2ms] - #73 Load "controller" to Application
                                    ▇ [2ms] - #74 Load Router
                                    ▇ [0ms] - #75 Require(54) app/router.js
                                    ▇ [18ms] - #76 Before Start in node_modules/egg-core/lib/egg.js:328:10
2026-05-27 16:38:31,147 INFO 10375 [egg:core] dump config after ready, 4ms
2026-05-27 16:39:29,982 INFO 10548 [egg:logger] init all loggers with options: {"dir":"/home/gandiantx/lab-manager/server/logs/lab-manager-server","encoding":"utf8","env":"local","level":"INFO","consoleLevel":"INFO","disableConsoleAfterReady":false,"outputJSON":false,"buffer":true,"appLogName":"lab-manager-server-web.log","coreLogName":"egg-web.log","agentLogName":"egg-agent.log","errorLogName":"common-error.log","coreLogger":{"consoleLevel":"WARN"},"allowDebugAtProd":false,"enablePerformanceTimer":false,"enableFastContextLogger":false,"type":"application","localStorage":{}}
2026-05-27 16:39:29,982 INFO 10548 [egg-multipart] stream mode enable
2026-05-27 16:39:30,291 INFO 10548 [egg-static] starting static serve /public/ -> /home/gandiantx/lab-manager/server/app/public
2026-05-27 16:39:30,293 INFO 10548 [egg-security] use methodnoallow middleware
2026-05-27 16:39:30,293 INFO 10548 [egg-security] use noopen middleware
2026-05-27 16:39:30,294 INFO 10548 [egg-security] use nosniff middleware
2026-05-27 16:39:30,294 INFO 10548 [egg-security] use xssProtection middleware
2026-05-27 16:39:30,294 INFO 10548 [egg-security] use xframe middleware
2026-05-27 16:39:30,295 INFO 10548 [egg-security] use dta middleware
2026-05-27 16:39:30,295 INFO 10548 [egg-security] compose 6 middlewares into one security middleware
2026-05-27 16:39:30,305 INFO 10548 [egg:core] dump config after load, 5ms
2026-05-27 16:39:30,335 INFO 10548 [egg-watcher:application] watcher start success
2026-05-27 16:39:30,575 INFO 10548 egg start timeline:
▇▇▇▇▇▇▇▇▇▇▇▇▇▇▇▇▇▇▇ [412ms] - #0 Process Start
                   ▇▇▇▇▇▇▇▇▇▇▇▇▇▇▇▇▇▇▇▇▇▇▇▇▇▇▇▇▇▇ [664ms] - #1 Application Start
                   ▇ [6ms] - #2 Load Plugin
                   ▇ [10ms] - #3 Load Config
                   ▇ [0ms] - #4 Require(0) config/config.default.js
                   ▇ [1ms] - #5 Require(1) node_modules/egg-session/config/config.default.js
                   ▇ [0ms] - #6 Require(2) node_modules/egg-security/config/config.default.js
                   ▇ [0ms] - #7 Require(3) node_modules/egg-jsonp/config/config.default.js
                   ▇ [0ms] - #8 Require(4) node_modules/egg-onerror/config/config.default.js
                   ▇ [0ms] - #9 Require(5) node_modules/egg-i18n/config/config.default.js
                   ▇ [0ms] - #10 Require(6) node_modules/egg-watcher/config/config.default.js
                   ▇ [0ms] - #11 Require(7) node_modules/egg-schedule/config/config.default.js
                   ▇ [0ms] - #12 Require(8) node_modules/egg-multipart/config/config.default.js
                   ▇ [0ms] - #13 Require(9) node_modules/egg-development/config/config.default.js
                   ▇ [0ms] - #14 Require(10) node_modules/egg-logrotator/config/config.default.js
                   ▇ [0ms] - #15 Require(11) node_modules/egg-static/config/config.default.js
                   ▇ [0ms] - #16 Require(12) node_modules/egg-view/config/config.default.js
                   ▇ [0ms] - #17 Require(13) node_modules/egg-sequelize/config/config.default.js
                   ▇ [0ms] - #18 Require(14) node_modules/egg-validate/config/config.default.js
                   ▇ [1ms] - #19 Require(15) node_modules/egg-cors/config/config.default.js
                   ▇ [0ms] - #20 Require(16) node_modules/egg/config/config.default.js
                    ▇ [0ms] - #21 Require(17) config/config.default.js
                    ▇ [0ms] - #22 Require(18) node_modules/egg-security/config/config.local.js
                    ▇ [0ms] - #23 Require(19) node_modules/egg-watcher/config/config.local.js
                    ▇ [0ms] - #24 Require(20) node_modules/egg-view/config/config.local.js
                    ▇ [0ms] - #25 Require(21) node_modules/egg/config/config.local.js
                    ▇ [7ms] - #26 Load extend/application.js
                    ▇ [0ms] - #27 Require(22) node_modules/egg-session/app/extend/application.js
                    ▇ [0ms] - #28 Require(23) node_modules/egg-security/app/extend/application.js
                    ▇ [1ms] - #29 Require(24) node_modules/egg-jsonp/app/extend/application.js
                    ▇ [1ms] - #30 Require(25) node_modules/egg-schedule/app/extend/application.js
                    ▇ [1ms] - #31 Require(26) node_modules/egg-logrotator/app/extend/application.js
                    ▇ [1ms] - #32 Require(27) node_modules/egg-view/app/extend/application.js
                    ▇ [2ms] - #33 Load extend/request.js
                    ▇ [1ms] - #34 Require(28) node_modules/egg/app/extend/request.js
                    ▇ [2ms] - #35 Load extend/response.js
                    ▇ [0ms] - #36 Require(29) node_modules/egg/app/extend/response.js
                    ▇ [15ms] - #37 Load extend/context.js
                    ▇ [4ms] - #38 Require(30) node_modules/egg-security/app/extend/context.js
                    ▇ [1ms] - #39 Require(31) node_modules/egg-jsonp/app/extend/context.js
                    ▇ [0ms] - #40 Require(32) node_modules/egg-i18n/app/extend/context.js
                    ▇ [7ms] - #41 Require(33) node_modules/egg-multipart/app/extend/context.js
                     ▇ [0ms] - #42 Require(34) node_modules/egg-view/app/extend/context.js
                     ▇ [0ms] - #43 Require(35) node_modules/egg-validate/app/extend/context.js
                     ▇ [1ms] - #44 Require(36) node_modules/egg/app/extend/context.js
                     ▇ [1ms] - #45 Require(37) app/extend/context.js
                     ▇ [9ms] - #46 Load extend/helper.js
                     ▇ [6ms] - #47 Require(38) node_modules/egg-security/app/extend/helper.js
                     ▇ [0ms] - #48 Require(39) node_modules/egg/app/extend/helper.js
                     ▇ [16ms] - #49 Load app.js
                     ▇ [0ms] - #50 Require(40) node_modules/egg-session/app.js
                     ▇ [0ms] - #51 Require(41) node_modules/egg-security/app.js
                     ▇ [4ms] - #52 Require(42) node_modules/egg-onerror/app.js
                      ▇ [4ms] - #53 Require(43) node_modules/egg-i18n/app.js
                      ▇ [2ms] - #54 Require(44) node_modules/egg-watcher/app.js
                      ▇ [0ms] - #55 Require(45) node_modules/egg-schedule/app.js
                      ▇ [1ms] - #56 Require(46) node_modules/egg-multipart/app.js
                      ▇ [0ms] - #57 Require(47) node_modules/egg-development/app.js
                      ▇ [0ms] - #58 Require(48) node_modules/egg-logrotator/app.js
                      ▇ [0ms] - #59 Require(49) node_modules/egg-static/app.js
                      ▇ [0ms] - #60 Require(50) node_modules/egg-sequelize/app.js
                      ▇ [1ms] - #61 Require(51) node_modules/egg-validate/app.js
                      ▇ [0ms] - #62 Require(52) node_modules/egg-cors/app.js
                      ▇ [0ms] - #63 Require(53) app.js
                      ▇▇▇▇▇▇▇▇▇▇▇▇▇▇▇▇ [348ms] - #64 Before Start in node_modules/egg-watcher/lib/init.js:15:14
                                 ▇ [11ms] - #65 Load "Symbol(model)" to Application
                                 ▇▇▇▇▇▇ [130ms] - #66 Before Start in node_modules/egg-sequelize/lib/loader.js:39:7
                                 ▇▇▇▇▇▇▇▇▇▇▇▇▇▇▇▇ [347ms] - #67 Before Start in app.js:4:7
                                 ▇ [35ms] - #68 Load Service
                                 ▇ [35ms] - #69 Load "service" to Context
                                   ▇ [39ms] - #70 Load Middleware
                                   ▇ [34ms] - #71 Load "middlewares" to Application
                                     ▇ [2ms] - #72 Load Controller
                                     ▇ [2ms] - #73 Load "controller" to Application
                                     ▇ [2ms] - #74 Load Router
                                     ▇ [0ms] - #75 Require(54) app/router.js
                                     ▇ [14ms] - #76 Before Start in node_modules/egg-core/lib/egg.js:328:10
2026-05-27 16:39:30,575 INFO 10548 [egg:core] dump config after ready, 5ms
2026-05-27 16:40:25,047 INFO 10675 [egg:logger] init all loggers with options: {"dir":"/home/gandiantx/lab-manager/server/logs/lab-manager-server","encoding":"utf8","env":"local","level":"INFO","consoleLevel":"INFO","disableConsoleAfterReady":false,"outputJSON":false,"buffer":true,"appLogName":"lab-manager-server-web.log","coreLogName":"egg-web.log","agentLogName":"egg-agent.log","errorLogName":"common-error.log","coreLogger":{"consoleLevel":"WARN"},"allowDebugAtProd":false,"enablePerformanceTimer":false,"enableFastContextLogger":false,"type":"application","localStorage":{}}
2026-05-27 16:40:25,047 INFO 10675 [egg-multipart] stream mode enable
2026-05-27 16:40:25,369 INFO 10675 [egg-static] starting static serve /public/ -> /home/gandiantx/lab-manager/server/app/public
2026-05-27 16:40:25,370 INFO 10675 [egg-security] use methodnoallow middleware
2026-05-27 16:40:25,371 INFO 10675 [egg-security] use noopen middleware
2026-05-27 16:40:25,371 INFO 10675 [egg-security] use nosniff middleware
2026-05-27 16:40:25,371 INFO 10675 [egg-security] use xssProtection middleware
2026-05-27 16:40:25,372 INFO 10675 [egg-security] use xframe middleware
2026-05-27 16:40:25,372 INFO 10675 [egg-security] use dta middleware
2026-05-27 16:40:25,372 INFO 10675 [egg-security] compose 6 middlewares into one security middleware
2026-05-27 16:40:25,383 INFO 10675 [egg:core] dump config after load, 6ms
2026-05-27 16:40:25,411 INFO 10675 [egg-watcher:application] watcher start success
2026-05-27 16:40:25,668 INFO 10675 egg start timeline:
▇▇▇▇▇▇▇▇▇▇▇▇▇▇▇▇▇▇ [414ms] - #0 Process Start
                  ▇▇▇▇▇▇▇▇▇▇▇▇▇▇▇▇▇▇▇▇▇▇▇▇▇▇▇▇▇▇▇ [693ms] - #1 Application Start
                  ▇ [6ms] - #2 Load Plugin
                   ▇ [10ms] - #3 Load Config
                   ▇ [1ms] - #4 Require(0) config/config.default.js
                   ▇ [0ms] - #5 Require(1) node_modules/egg-session/config/config.default.js
                   ▇ [0ms] - #6 Require(2) node_modules/egg-security/config/config.default.js
                   ▇ [0ms] - #7 Require(3) node_modules/egg-jsonp/config/config.default.js
                   ▇ [0ms] - #8 Require(4) node_modules/egg-onerror/config/config.default.js
                   ▇ [1ms] - #9 Require(5) node_modules/egg-i18n/config/config.default.js
                   ▇ [0ms] - #10 Require(6) node_modules/egg-watcher/config/config.default.js
                   ▇ [0ms] - #11 Require(7) node_modules/egg-schedule/config/config.default.js
                   ▇ [0ms] - #12 Require(8) node_modules/egg-multipart/config/config.default.js
                   ▇ [0ms] - #13 Require(9) node_modules/egg-development/config/config.default.js
                   ▇ [1ms] - #14 Require(10) node_modules/egg-logrotator/config/config.default.js
                   ▇ [0ms] - #15 Require(11) node_modules/egg-static/config/config.default.js
                   ▇ [0ms] - #16 Require(12) node_modules/egg-view/config/config.default.js
                   ▇ [1ms] - #17 Require(13) node_modules/egg-sequelize/config/config.default.js
                   ▇ [0ms] - #18 Require(14) node_modules/egg-validate/config/config.default.js
                   ▇ [0ms] - #19 Require(15) node_modules/egg-cors/config/config.default.js
                   ▇ [0ms] - #20 Require(16) node_modules/egg/config/config.default.js
                   ▇ [0ms] - #21 Require(17) config/config.default.js
                   ▇ [0ms] - #22 Require(18) node_modules/egg-security/config/config.local.js
                   ▇ [0ms] - #23 Require(19) node_modules/egg-watcher/config/config.local.js
                   ▇ [0ms] - #24 Require(20) node_modules/egg-view/config/config.local.js
                   ▇ [0ms] - #25 Require(21) node_modules/egg/config/config.local.js
                   ▇ [6ms] - #26 Load extend/application.js
                   ▇ [0ms] - #27 Require(22) node_modules/egg-session/app/extend/application.js
                   ▇ [0ms] - #28 Require(23) node_modules/egg-security/app/extend/application.js
                   ▇ [1ms] - #29 Require(24) node_modules/egg-jsonp/app/extend/application.js
                   ▇ [1ms] - #30 Require(25) node_modules/egg-schedule/app/extend/application.js
                   ▇ [0ms] - #31 Require(26) node_modules/egg-logrotator/app/extend/application.js
                   ▇ [0ms] - #32 Require(27) node_modules/egg-view/app/extend/application.js
                   ▇ [2ms] - #33 Load extend/request.js
                   ▇ [0ms] - #34 Require(28) node_modules/egg/app/extend/request.js
                    ▇ [2ms] - #35 Load extend/response.js
                    ▇ [0ms] - #36 Require(29) node_modules/egg/app/extend/response.js
                    ▇ [16ms] - #37 Load extend/context.js
                    ▇ [4ms] - #38 Require(30) node_modules/egg-security/app/extend/context.js
                    ▇ [0ms] - #39 Require(31) node_modules/egg-jsonp/app/extend/context.js
                    ▇ [0ms] - #40 Require(32) node_modules/egg-i18n/app/extend/context.js
                    ▇ [7ms] - #41 Require(33) node_modules/egg-multipart/app/extend/context.js
                    ▇ [1ms] - #42 Require(34) node_modules/egg-view/app/extend/context.js
                    ▇ [0ms] - #43 Require(35) node_modules/egg-validate/app/extend/context.js
                    ▇ [1ms] - #44 Require(36) node_modules/egg/app/extend/context.js
                    ▇ [0ms] - #45 Require(37) app/extend/context.js
                    ▇ [11ms] - #46 Load extend/helper.js
                    ▇ [9ms] - #47 Require(38) node_modules/egg-security/app/extend/helper.js
                     ▇ [1ms] - #48 Require(39) node_modules/egg/app/extend/helper.js
                     ▇ [15ms] - #49 Load app.js
                     ▇ [0ms] - #50 Require(40) node_modules/egg-session/app.js
                     ▇ [1ms] - #51 Require(41) node_modules/egg-security/app.js
                     ▇ [4ms] - #52 Require(42) node_modules/egg-onerror/app.js
                     ▇ [4ms] - #53 Require(43) node_modules/egg-i18n/app.js
                     ▇ [3ms] - #54 Require(44) node_modules/egg-watcher/app.js
                     ▇ [0ms] - #55 Require(45) node_modules/egg-schedule/app.js
                     ▇ [1ms] - #56 Require(46) node_modules/egg-multipart/app.js
                     ▇ [0ms] - #57 Require(47) node_modules/egg-development/app.js
                     ▇ [0ms] - #58 Require(48) node_modules/egg-logrotator/app.js
                     ▇ [0ms] - #59 Require(49) node_modules/egg-static/app.js
                     ▇ [1ms] - #60 Require(50) node_modules/egg-sequelize/app.js
                     ▇ [0ms] - #61 Require(51) node_modules/egg-validate/app.js
                     ▇ [1ms] - #62 Require(52) node_modules/egg-cors/app.js
                     ▇ [0ms] - #63 Require(53) app.js
                      ▇▇▇▇▇▇▇▇▇▇▇▇▇▇▇▇ [358ms] - #64 Before Start in node_modules/egg-watcher/lib/init.js:15:14
                                ▇ [11ms] - #65 Load "Symbol(model)" to Application
                                 ▇▇▇▇▇ [127ms] - #66 Before Start in node_modules/egg-sequelize/lib/loader.js:39:7
                                 ▇▇▇▇▇▇▇▇▇▇▇▇▇▇▇▇ [365ms] - #67 Before Start in app.js:4:7
                                 ▇ [31ms] - #68 Load Service
                                 ▇ [31ms] - #69 Load "service" to Context
                                  ▇▇ [46ms] - #70 Load Middleware
                                  ▇ [36ms] - #71 Load "middlewares" to Application
                                    ▇ [2ms] - #72 Load Controller
                                    ▇ [2ms] - #73 Load "controller" to Application
                                    ▇ [2ms] - #74 Load Router
                                    ▇ [0ms] - #75 Require(54) app/router.js
                                    ▇ [14ms] - #76 Before Start in node_modules/egg-core/lib/egg.js:328:10
2026-05-27 16:40:25,668 INFO 10675 [egg:core] dump config after ready, 4ms
2026-05-27 16:40:33,613 INFO 10699 [egg:logger] init all loggers with options: {"dir":"/home/gandiantx/lab-manager/server/logs/lab-manager-server","encoding":"utf8","env":"local","level":"INFO","consoleLevel":"INFO","disableConsoleAfterReady":false,"outputJSON":false,"buffer":true,"appLogName":"lab-manager-server-web.log","coreLogName":"egg-web.log","agentLogName":"egg-agent.log","errorLogName":"common-error.log","coreLogger":{"consoleLevel":"WARN"},"allowDebugAtProd":false,"enablePerformanceTimer":false,"enableFastContextLogger":false,"type":"application","localStorage":{}}
2026-05-27 16:40:33,613 INFO 10699 [egg-multipart] stream mode enable
2026-05-27 16:40:33,944 INFO 10699 [egg-static] starting static serve /public/ -> /home/gandiantx/lab-manager/server/app/public
2026-05-27 16:40:33,946 INFO 10699 [egg-security] use methodnoallow middleware
2026-05-27 16:40:33,947 INFO 10699 [egg-security] use noopen middleware
2026-05-27 16:40:33,947 INFO 10699 [egg-security] use nosniff middleware
2026-05-27 16:40:33,948 INFO 10699 [egg-security] use xssProtection middleware
2026-05-27 16:40:33,948 INFO 10699 [egg-security] use xframe middleware
2026-05-27 16:40:33,948 INFO 10699 [egg-security] use dta middleware
2026-05-27 16:40:33,948 INFO 10699 [egg-security] compose 6 middlewares into one security middleware
2026-05-27 16:40:33,960 INFO 10699 [egg:core] dump config after load, 6ms
2026-05-27 16:40:33,991 INFO 10699 [egg-watcher:application] watcher start success
2026-05-27 16:40:34,272 INFO 10699 egg start timeline:
▇▇▇▇▇▇▇▇▇▇▇▇▇▇▇▇▇ [408ms] - #0 Process Start
                 ▇▇▇▇▇▇▇▇▇▇▇▇▇▇▇▇▇▇▇▇▇▇▇▇▇▇▇▇▇▇▇ [730ms] - #1 Application Start
                  ▇ [6ms] - #2 Load Plugin
                  ▇ [13ms] - #3 Load Config
                  ▇ [1ms] - #4 Require(0) config/config.default.js
                  ▇ [0ms] - #5 Require(1) node_modules/egg-session/config/config.default.js
                  ▇ [0ms] - #6 Require(2) node_modules/egg-security/config/config.default.js
                  ▇ [0ms] - #7 Require(3) node_modules/egg-jsonp/config/config.default.js
                  ▇ [0ms] - #8 Require(4) node_modules/egg-onerror/config/config.default.js
                  ▇ [0ms] - #9 Require(5) node_modules/egg-i18n/config/config.default.js
                  ▇ [0ms] - #10 Require(6) node_modules/egg-watcher/config/config.default.js
                  ▇ [1ms] - #11 Require(7) node_modules/egg-schedule/config/config.default.js
                  ▇ [0ms] - #12 Require(8) node_modules/egg-multipart/config/config.default.js
                  ▇ [0ms] - #13 Require(9) node_modules/egg-development/config/config.default.js
                  ▇ [0ms] - #14 Require(10) node_modules/egg-logrotator/config/config.default.js
                  ▇ [1ms] - #15 Require(11) node_modules/egg-static/config/config.default.js
                  ▇ [0ms] - #16 Require(12) node_modules/egg-view/config/config.default.js
                  ▇ [1ms] - #17 Require(13) node_modules/egg-sequelize/config/config.default.js
                  ▇ [0ms] - #18 Require(14) node_modules/egg-validate/config/config.default.js
                  ▇ [0ms] - #19 Require(15) node_modules/egg-cors/config/config.default.js
                  ▇ [1ms] - #20 Require(16) node_modules/egg/config/config.default.js
                  ▇ [0ms] - #21 Require(17) config/config.default.js
                  ▇ [0ms] - #22 Require(18) node_modules/egg-security/config/config.local.js
                  ▇ [0ms] - #23 Require(19) node_modules/egg-watcher/config/config.local.js
                  ▇ [0ms] - #24 Require(20) node_modules/egg-view/config/config.local.js
                  ▇ [0ms] - #25 Require(21) node_modules/egg/config/config.local.js
                  ▇ [9ms] - #26 Load extend/application.js
                  ▇ [1ms] - #27 Require(22) node_modules/egg-session/app/extend/application.js
                  ▇ [0ms] - #28 Require(23) node_modules/egg-security/app/extend/application.js
                  ▇ [2ms] - #29 Require(24) node_modules/egg-jsonp/app/extend/application.js
                   ▇ [3ms] - #30 Require(25) node_modules/egg-schedule/app/extend/application.js
                   ▇ [0ms] - #31 Require(26) node_modules/egg-logrotator/app/extend/application.js
                   ▇ [0ms] - #32 Require(27) node_modules/egg-view/app/extend/application.js
                   ▇ [2ms] - #33 Load extend/request.js
                   ▇ [0ms] - #34 Require(28) node_modules/egg/app/extend/request.js
                   ▇ [2ms] - #35 Load extend/response.js
                   ▇ [0ms] - #36 Require(29) node_modules/egg/app/extend/response.js
                   ▇ [16ms] - #37 Load extend/context.js
                   ▇ [5ms] - #38 Require(30) node_modules/egg-security/app/extend/context.js
                   ▇ [0ms] - #39 Require(31) node_modules/egg-jsonp/app/extend/context.js
                   ▇ [0ms] - #40 Require(32) node_modules/egg-i18n/app/extend/context.js
                   ▇ [7ms] - #41 Require(33) node_modules/egg-multipart/app/extend/context.js
                    ▇ [1ms] - #42 Require(34) node_modules/egg-view/app/extend/context.js
                    ▇ [0ms] - #43 Require(35) node_modules/egg-validate/app/extend/context.js
                    ▇ [1ms] - #44 Require(36) node_modules/egg/app/extend/context.js
                    ▇ [0ms] - #45 Require(37) app/extend/context.js
                    ▇ [11ms] - #46 Load extend/helper.js
                    ▇ [7ms] - #47 Require(38) node_modules/egg-security/app/extend/helper.js
                    ▇ [0ms] - #48 Require(39) node_modules/egg/app/extend/helper.js
                    ▇ [14ms] - #49 Load app.js
                    ▇ [0ms] - #50 Require(40) node_modules/egg-session/app.js
                    ▇ [1ms] - #51 Require(41) node_modules/egg-security/app.js
                    ▇ [3ms] - #52 Require(42) node_modules/egg-onerror/app.js
                    ▇ [4ms] - #53 Require(43) node_modules/egg-i18n/app.js
                     ▇ [3ms] - #54 Require(44) node_modules/egg-watcher/app.js
                     ▇ [0ms] - #55 Require(45) node_modules/egg-schedule/app.js
                     ▇ [1ms] - #56 Require(46) node_modules/egg-multipart/app.js
                     ▇ [0ms] - #57 Require(47) node_modules/egg-development/app.js
                     ▇ [0ms] - #58 Require(48) node_modules/egg-logrotator/app.js
                     ▇ [0ms] - #59 Require(49) node_modules/egg-static/app.js
                     ▇ [0ms] - #60 Require(50) node_modules/egg-sequelize/app.js
                     ▇ [1ms] - #61 Require(51) node_modules/egg-validate/app.js
                     ▇ [1ms] - #62 Require(52) node_modules/egg-cors/app.js
                     ▇ [0ms] - #63 Require(53) app.js
                     ▇▇▇▇▇▇▇▇▇▇▇▇▇▇▇▇ [373ms] - #64 Before Start in node_modules/egg-watcher/lib/init.js:15:14
                                ▇ [11ms] - #65 Load "Symbol(model)" to Application
                                ▇▇▇▇▇ [131ms] - #66 Before Start in node_modules/egg-sequelize/lib/loader.js:39:7
                                ▇▇▇▇▇▇▇▇▇▇▇▇▇▇▇▇ [384ms] - #67 Before Start in app.js:4:7
                                ▇ [36ms] - #68 Load Service
                                ▇ [36ms] - #69 Load "service" to Context
                                  ▇ [40ms] - #70 Load Middleware
                                  ▇ [35ms] - #71 Load "middlewares" to Application
                                   ▇ [3ms] - #72 Load Controller
                                   ▇ [3ms] - #73 Load "controller" to Application
                                    ▇ [2ms] - #74 Load Router
                                    ▇ [0ms] - #75 Require(54) app/router.js
                                    ▇ [15ms] - #76 Before Start in node_modules/egg-core/lib/egg.js:328:10
2026-05-27 16:40:34,273 INFO 10699 [egg:core] dump config after ready, 10ms
2026-05-27 16:40:35,495 INFO 10711 [egg:logger] init all loggers with options: {"dir":"/home/gandiantx/lab-manager/server/logs/lab-manager-server","encoding":"utf8","env":"local","level":"INFO","consoleLevel":"INFO","disableConsoleAfterReady":false,"outputJSON":false,"buffer":true,"appLogName":"lab-manager-server-web.log","coreLogName":"egg-web.log","agentLogName":"egg-agent.log","errorLogName":"common-error.log","coreLogger":{"consoleLevel":"WARN"},"allowDebugAtProd":false,"enablePerformanceTimer":false,"enableFastContextLogger":false,"type":"application","localStorage":{}}
2026-05-27 16:40:35,495 INFO 10711 [egg-multipart] stream mode enable
2026-05-27 16:40:35,823 INFO 10711 [egg-static] starting static serve /public/ -> /home/gandiantx/lab-manager/server/app/public
2026-05-27 16:40:35,825 INFO 10711 [egg-security] use methodnoallow middleware
2026-05-27 16:40:35,826 INFO 10711 [egg-security] use noopen middleware
2026-05-27 16:40:35,826 INFO 10711 [egg-security] use nosniff middleware
2026-05-27 16:40:35,826 INFO 10711 [egg-security] use xssProtection middleware
2026-05-27 16:40:35,827 INFO 10711 [egg-security] use xframe middleware
2026-05-27 16:40:35,827 INFO 10711 [egg-security] use dta middleware
2026-05-27 16:40:35,827 INFO 10711 [egg-security] compose 6 middlewares into one security middleware
2026-05-27 16:40:35,838 INFO 10711 [egg:core] dump config after load, 5ms
2026-05-27 16:40:35,871 INFO 10711 [egg-watcher:application] watcher start success
2026-05-27 16:40:36,159 INFO 10711 egg start timeline:
▇▇▇▇▇▇▇▇▇▇▇▇▇▇▇▇▇▇ [419ms] - #0 Process Start
                  ▇▇▇▇▇▇▇▇▇▇▇▇▇▇▇▇▇▇▇▇▇▇▇▇▇▇▇▇▇▇▇ [728ms] - #1 Application Start
                  ▇ [6ms] - #2 Load Plugin
                  ▇ [10ms] - #3 Load Config
                  ▇ [0ms] - #4 Require(0) config/config.default.js
                  ▇ [0ms] - #5 Require(1) node_modules/egg-session/config/config.default.js
                  ▇ [0ms] - #6 Require(2) node_modules/egg-security/config/config.default.js
                  ▇ [0ms] - #7 Require(3) node_modules/egg-jsonp/config/config.default.js
                  ▇ [0ms] - #8 Require(4) node_modules/egg-onerror/config/config.default.js
                  ▇ [1ms] - #9 Require(5) node_modules/egg-i18n/config/config.default.js
                  ▇ [0ms] - #10 Require(6) node_modules/egg-watcher/config/config.default.js
                  ▇ [0ms] - #11 Require(7) node_modules/egg-schedule/config/config.default.js
                  ▇ [0ms] - #12 Require(8) node_modules/egg-multipart/config/config.default.js
                  ▇ [0ms] - #13 Require(9) node_modules/egg-development/config/config.default.js
                  ▇ [0ms] - #14 Require(10) node_modules/egg-logrotator/config/config.default.js
                  ▇ [0ms] - #15 Require(11) node_modules/egg-static/config/config.default.js
                  ▇ [0ms] - #16 Require(12) node_modules/egg-view/config/config.default.js
                  ▇ [0ms] - #17 Require(13) node_modules/egg-sequelize/config/config.default.js
                  ▇ [0ms] - #18 Require(14) node_modules/egg-validate/config/config.default.js
                  ▇ [0ms] - #19 Require(15) node_modules/egg-cors/config/config.default.js
                  ▇ [0ms] - #20 Require(16) node_modules/egg/config/config.default.js
                  ▇ [0ms] - #21 Require(17) config/config.default.js
                  ▇ [0ms] - #22 Require(18) node_modules/egg-security/config/config.local.js
                  ▇ [0ms] - #23 Require(19) node_modules/egg-watcher/config/config.local.js
                   ▇ [0ms] - #24 Require(20) node_modules/egg-view/config/config.local.js
                   ▇ [0ms] - #25 Require(21) node_modules/egg/config/config.local.js
                   ▇ [6ms] - #26 Load extend/application.js
                   ▇ [0ms] - #27 Require(22) node_modules/egg-session/app/extend/application.js
                   ▇ [0ms] - #28 Require(23) node_modules/egg-security/app/extend/application.js
                   ▇ [1ms] - #29 Require(24) node_modules/egg-jsonp/app/extend/application.js
                   ▇ [2ms] - #30 Require(25) node_modules/egg-schedule/app/extend/application.js
                   ▇ [1ms] - #31 Require(26) node_modules/egg-logrotator/app/extend/application.js
                   ▇ [0ms] - #32 Require(27) node_modules/egg-view/app/extend/application.js
                   ▇ [3ms] - #33 Load extend/request.js
                   ▇ [1ms] - #34 Require(28) node_modules/egg/app/extend/request.js
                   ▇ [2ms] - #35 Load extend/response.js
                   ▇ [1ms] - #36 Require(29) node_modules/egg/app/extend/response.js
                   ▇ [16ms] - #37 Load extend/context.js
                   ▇ [4ms] - #38 Require(30) node_modules/egg-security/app/extend/context.js
                   ▇ [1ms] - #39 Require(31) node_modules/egg-jsonp/app/extend/context.js
                   ▇ [0ms] - #40 Require(32) node_modules/egg-i18n/app/extend/context.js
                   ▇ [7ms] - #41 Require(33) node_modules/egg-multipart/app/extend/context.js
                    ▇ [0ms] - #42 Require(34) node_modules/egg-view/app/extend/context.js
                    ▇ [0ms] - #43 Require(35) node_modules/egg-validate/app/extend/context.js
                    ▇ [0ms] - #44 Require(36) node_modules/egg/app/extend/context.js
                    ▇ [0ms] - #45 Require(37) app/extend/context.js
                    ▇ [10ms] - #46 Load extend/helper.js
                    ▇ [8ms] - #47 Require(38) node_modules/egg-security/app/extend/helper.js
                    ▇ [0ms] - #48 Require(39) node_modules/egg/app/extend/helper.js
                    ▇ [15ms] - #49 Load app.js
                    ▇ [0ms] - #50 Require(40) node_modules/egg-session/app.js
                    ▇ [0ms] - #51 Require(41) node_modules/egg-security/app.js
                    ▇ [4ms] - #52 Require(42) node_modules/egg-onerror/app.js
                    ▇ [4ms] - #53 Require(43) node_modules/egg-i18n/app.js
                     ▇ [3ms] - #54 Require(44) node_modules/egg-watcher/app.js
                     ▇ [0ms] - #55 Require(45) node_modules/egg-schedule/app.js
                     ▇ [1ms] - #56 Require(46) node_modules/egg-multipart/app.js
                     ▇ [0ms] - #57 Require(47) node_modules/egg-development/app.js
                     ▇ [0ms] - #58 Require(48) node_modules/egg-logrotator/app.js
                     ▇ [0ms] - #59 Require(49) node_modules/egg-static/app.js
                     ▇ [0ms] - #60 Require(50) node_modules/egg-sequelize/app.js
                     ▇ [1ms] - #61 Require(51) node_modules/egg-validate/app.js
                     ▇ [0ms] - #62 Require(52) node_modules/egg-cors/app.js
                     ▇ [0ms] - #63 Require(53) app.js
                     ▇▇▇▇▇▇▇▇▇▇▇▇▇▇▇ [371ms] - #64 Before Start in node_modules/egg-watcher/lib/init.js:15:14
                               ▇ [12ms] - #65 Load "Symbol(model)" to Application
                                ▇▇▇▇▇▇ [143ms] - #66 Before Start in node_modules/egg-sequelize/lib/loader.js:39:7
                                ▇▇▇▇▇▇▇▇▇▇▇▇▇▇▇▇▇ [396ms] - #67 Before Start in app.js:4:7
                                ▇ [41ms] - #68 Load Service
                                ▇ [40ms] - #69 Load "service" to Context
                                  ▇ [40ms] - #70 Load Middleware
                                  ▇ [35ms] - #71 Load "middlewares" to Application
                                   ▇ [2ms] - #72 Load Controller
                                   ▇ [2ms] - #73 Load "controller" to Application
                                   ▇ [3ms] - #74 Load Router
                                   ▇ [1ms] - #75 Require(54) app/router.js
                                   ▇ [14ms] - #76 Before Start in node_modules/egg-core/lib/egg.js:328:10
2026-05-27 16:40:36,159 INFO 10711 [egg:core] dump config after ready, 10ms
2026-05-27 16:40:37,361 INFO 10730 [egg:logger] init all loggers with options: {"dir":"/home/gandiantx/lab-manager/server/logs/lab-manager-server","encoding":"utf8","env":"local","level":"INFO","consoleLevel":"INFO","disableConsoleAfterReady":false,"outputJSON":false,"buffer":true,"appLogName":"lab-manager-server-web.log","coreLogName":"egg-web.log","agentLogName":"egg-agent.log","errorLogName":"common-error.log","coreLogger":{"consoleLevel":"WARN"},"allowDebugAtProd":false,"enablePerformanceTimer":false,"enableFastContextLogger":false,"type":"application","localStorage":{}}
2026-05-27 16:40:37,361 INFO 10730 [egg-multipart] stream mode enable
2026-05-27 16:40:37,750 INFO 10730 [egg-static] starting static serve /public/ -> /home/gandiantx/lab-manager/server/app/public
2026-05-27 16:40:37,754 INFO 10730 [egg-security] use methodnoallow middleware
2026-05-27 16:40:37,754 INFO 10730 [egg-security] use noopen middleware
2026-05-27 16:40:37,754 INFO 10730 [egg-security] use nosniff middleware
2026-05-27 16:40:37,755 INFO 10730 [egg-security] use xssProtection middleware
2026-05-27 16:40:37,755 INFO 10730 [egg-security] use xframe middleware
2026-05-27 16:40:37,756 INFO 10730 [egg-security] use dta middleware
2026-05-27 16:40:37,756 INFO 10730 [egg-security] compose 6 middlewares into one security middleware
2026-05-27 16:40:37,774 INFO 10730 [egg:core] dump config after load, 8ms
2026-05-27 16:40:37,811 INFO 10730 [egg-watcher:application] watcher start success
2026-05-27 16:40:38,055 INFO 10730 egg start timeline:
▇▇▇▇▇▇▇▇▇▇▇▇▇▇▇▇▇ [414ms] - #0 Process Start
                 ▇▇▇▇▇▇▇▇▇▇▇▇▇▇▇▇▇▇▇▇▇▇▇▇▇▇▇▇▇▇▇▇ [764ms] - #1 Application Start
                 ▇ [7ms] - #2 Load Plugin
                 ▇ [11ms] - #3 Load Config
                 ▇ [1ms] - #4 Require(0) config/config.default.js
                  ▇ [0ms] - #5 Require(1) node_modules/egg-session/config/config.default.js
                  ▇ [0ms] - #6 Require(2) node_modules/egg-security/config/config.default.js
                  ▇ [0ms] - #7 Require(3) node_modules/egg-jsonp/config/config.default.js
                  ▇ [0ms] - #8 Require(4) node_modules/egg-onerror/config/config.default.js
                  ▇ [1ms] - #9 Require(5) node_modules/egg-i18n/config/config.default.js
                  ▇ [0ms] - #10 Require(6) node_modules/egg-watcher/config/config.default.js
                  ▇ [0ms] - #11 Require(7) node_modules/egg-schedule/config/config.default.js
                  ▇ [0ms] - #12 Require(8) node_modules/egg-multipart/config/config.default.js
                  ▇ [0ms] - #13 Require(9) node_modules/egg-development/config/config.default.js
                  ▇ [1ms] - #14 Require(10) node_modules/egg-logrotator/config/config.default.js
                  ▇ [0ms] - #15 Require(11) node_modules/egg-static/config/config.default.js
                  ▇ [0ms] - #16 Require(12) node_modules/egg-view/config/config.default.js
                  ▇ [0ms] - #17 Require(13) node_modules/egg-sequelize/config/config.default.js
                  ▇ [0ms] - #18 Require(14) node_modules/egg-validate/config/config.default.js
                  ▇ [0ms] - #19 Require(15) node_modules/egg-cors/config/config.default.js
                  ▇ [1ms] - #20 Require(16) node_modules/egg/config/config.default.js
                  ▇ [0ms] - #21 Require(17) config/config.default.js
                  ▇ [1ms] - #22 Require(18) node_modules/egg-security/config/config.local.js
                  ▇ [0ms] - #23 Require(19) node_modules/egg-watcher/config/config.local.js
                  ▇ [0ms] - #24 Require(20) node_modules/egg-view/config/config.local.js
                  ▇ [0ms] - #25 Require(21) node_modules/egg/config/config.local.js
                  ▇ [6ms] - #26 Load extend/application.js
                  ▇ [0ms] - #27 Require(22) node_modules/egg-session/app/extend/application.js
                  ▇ [1ms] - #28 Require(23) node_modules/egg-security/app/extend/application.js
                  ▇ [1ms] - #29 Require(24) node_modules/egg-jsonp/app/extend/application.js
                  ▇ [1ms] - #30 Require(25) node_modules/egg-schedule/app/extend/application.js
                  ▇ [1ms] - #31 Require(26) node_modules/egg-logrotator/app/extend/application.js
                  ▇ [0ms] - #32 Require(27) node_modules/egg-view/app/extend/application.js
                  ▇ [3ms] - #33 Load extend/request.js
                  ▇ [1ms] - #34 Require(28) node_modules/egg/app/extend/request.js
                  ▇ [2ms] - #35 Load extend/response.js
                  ▇ [1ms] - #36 Require(29) node_modules/egg/app/extend/response.js
                  ▇ [18ms] - #37 Load extend/context.js
                  ▇ [4ms] - #38 Require(30) node_modules/egg-security/app/extend/context.js
                   ▇ [0ms] - #39 Require(31) node_modules/egg-jsonp/app/extend/context.js
                   ▇ [0ms] - #40 Require(32) node_modules/egg-i18n/app/extend/context.js
                   ▇ [8ms] - #41 Require(33) node_modules/egg-multipart/app/extend/context.js
                   ▇ [3ms] - #42 Require(34) node_modules/egg-view/app/extend/context.js
                   ▇ [0ms] - #43 Require(35) node_modules/egg-validate/app/extend/context.js
                   ▇ [1ms] - #44 Require(36) node_modules/egg/app/extend/context.js
                   ▇ [0ms] - #45 Require(37) app/extend/context.js
                   ▇ [9ms] - #46 Load extend/helper.js
                   ▇ [8ms] - #47 Require(38) node_modules/egg-security/app/extend/helper.js
                    ▇ [1ms] - #48 Require(39) node_modules/egg/app/extend/helper.js
                    ▇ [15ms] - #49 Load app.js
                    ▇ [0ms] - #50 Require(40) node_modules/egg-session/app.js
                    ▇ [1ms] - #51 Require(41) node_modules/egg-security/app.js
                    ▇ [3ms] - #52 Require(42) node_modules/egg-onerror/app.js
                    ▇ [4ms] - #53 Require(43) node_modules/egg-i18n/app.js
                    ▇ [3ms] - #54 Require(44) node_modules/egg-watcher/app.js
                    ▇ [1ms] - #55 Require(45) node_modules/egg-schedule/app.js
                    ▇ [0ms] - #56 Require(46) node_modules/egg-multipart/app.js
                    ▇ [0ms] - #57 Require(47) node_modules/egg-development/app.js
                    ▇ [0ms] - #58 Require(48) node_modules/egg-logrotator/app.js
                    ▇ [0ms] - #59 Require(49) node_modules/egg-static/app.js
                    ▇ [0ms] - #60 Require(50) node_modules/egg-sequelize/app.js
                    ▇ [1ms] - #61 Require(51) node_modules/egg-validate/app.js
                    ▇ [1ms] - #62 Require(52) node_modules/egg-cors/app.js
                    ▇ [0ms] - #63 Require(53) app.js
                     ▇▇▇▇▇▇▇▇▇▇▇▇▇▇▇▇▇▇ [445ms] - #64 Before Start in node_modules/egg-watcher/lib/init.js:15:14
                                ▇ [16ms] - #65 Load "Symbol(model)" to Application
                                 ▇▇▇▇▇▇▇ [171ms] - #66 Before Start in node_modules/egg-sequelize/lib/loader.js:39:7
                                 ▇▇▇▇▇▇▇▇▇▇▇▇▇▇▇▇ [386ms] - #67 Before Start in app.js:4:7
                                 ▇ [46ms] - #68 Load Service
                                 ▇ [46ms] - #69 Load "service" to Context
                                   ▇▇ [58ms] - #70 Load Middleware
                                   ▇▇ [48ms] - #71 Load "middlewares" to Application
                                     ▇ [3ms] - #72 Load Controller
                                     ▇ [3ms] - #73 Load "controller" to Application
                                     ▇ [4ms] - #74 Load Router
                                     ▇ [0ms] - #75 Require(54) app/router.js
                                     ▇ [21ms] - #76 Before Start in node_modules/egg-core/lib/egg.js:328:10
2026-05-27 16:40:38,056 INFO 10730 [egg:core] dump config after ready, 9ms
2026-05-27 16:40:59,755 INFO 10846 [egg:logger] init all loggers with options: {"dir":"/home/gandiantx/lab-manager/server/logs/lab-manager-server","encoding":"utf8","env":"local","level":"INFO","consoleLevel":"INFO","disableConsoleAfterReady":false,"outputJSON":false,"buffer":true,"appLogName":"lab-manager-server-web.log","coreLogName":"egg-web.log","agentLogName":"egg-agent.log","errorLogName":"common-error.log","coreLogger":{"consoleLevel":"WARN"},"allowDebugAtProd":false,"enablePerformanceTimer":false,"enableFastContextLogger":false,"type":"application","localStorage":{}}
2026-05-27 16:40:59,755 INFO 10846 [egg-multipart] stream mode enable
2026-05-27 16:41:00,065 INFO 10846 [egg-static] starting static serve /public/ -> /home/gandiantx/lab-manager/server/app/public
2026-05-27 16:41:00,066 INFO 10846 [egg-security] use methodnoallow middleware
2026-05-27 16:41:00,067 INFO 10846 [egg-security] use noopen middleware
2026-05-27 16:41:00,067 INFO 10846 [egg-security] use nosniff middleware
2026-05-27 16:41:00,067 INFO 10846 [egg-security] use xssProtection middleware
2026-05-27 16:41:00,067 INFO 10846 [egg-security] use xframe middleware
2026-05-27 16:41:00,068 INFO 10846 [egg-security] use dta middleware
2026-05-27 16:41:00,068 INFO 10846 [egg-security] compose 6 middlewares into one security middleware
2026-05-27 16:41:00,079 INFO 10846 [egg:core] dump config after load, 6ms
2026-05-27 16:41:00,107 INFO 10846 [egg-watcher:application] watcher start success
2026-05-27 16:41:00,378 INFO 10846 egg start timeline:
▇▇▇▇▇▇▇▇▇▇▇▇▇▇▇▇▇▇ [396ms] - #0 Process Start
                  ▇▇▇▇▇▇▇▇▇▇▇▇▇▇▇▇▇▇▇▇▇▇▇▇▇▇▇▇▇▇▇ [682ms] - #1 Application Start
                  ▇ [5ms] - #2 Load Plugin
                  ▇ [10ms] - #3 Load Config
                  ▇ [0ms] - #4 Require(0) config/config.default.js
                  ▇ [0ms] - #5 Require(1) node_modules/egg-session/config/config.default.js
                  ▇ [0ms] - #6 Require(2) node_modules/egg-security/config/config.default.js
                  ▇ [0ms] - #7 Require(3) node_modules/egg-jsonp/config/config.default.js
                  ▇ [0ms] - #8 Require(4) node_modules/egg-onerror/config/config.default.js
                  ▇ [0ms] - #9 Require(5) node_modules/egg-i18n/config/config.default.js
                  ▇ [0ms] - #10 Require(6) node_modules/egg-watcher/config/config.default.js
                  ▇ [0ms] - #11 Require(7) node_modules/egg-schedule/config/config.default.js
                  ▇ [1ms] - #12 Require(8) node_modules/egg-multipart/config/config.default.js
                  ▇ [0ms] - #13 Require(9) node_modules/egg-development/config/config.default.js
                  ▇ [0ms] - #14 Require(10) node_modules/egg-logrotator/config/config.default.js
                  ▇ [1ms] - #15 Require(11) node_modules/egg-static/config/config.default.js
                  ▇ [0ms] - #16 Require(12) node_modules/egg-view/config/config.default.js
                  ▇ [0ms] - #17 Require(13) node_modules/egg-sequelize/config/config.default.js
                  ▇ [0ms] - #18 Require(14) node_modules/egg-validate/config/config.default.js
                  ▇ [1ms] - #19 Require(15) node_modules/egg-cors/config/config.default.js
                  ▇ [0ms] - #20 Require(16) node_modules/egg/config/config.default.js
                   ▇ [0ms] - #21 Require(17) config/config.default.js
                   ▇ [0ms] - #22 Require(18) node_modules/egg-security/config/config.local.js
                   ▇ [0ms] - #23 Require(19) node_modules/egg-watcher/config/config.local.js
                   ▇ [0ms] - #24 Require(20) node_modules/egg-view/config/config.local.js
                   ▇ [0ms] - #25 Require(21) node_modules/egg/config/config.local.js
                   ▇ [6ms] - #26 Load extend/application.js
                   ▇ [0ms] - #27 Require(22) node_modules/egg-session/app/extend/application.js
                   ▇ [1ms] - #28 Require(23) node_modules/egg-security/app/extend/application.js
                   ▇ [1ms] - #29 Require(24) node_modules/egg-jsonp/app/extend/application.js
                   ▇ [1ms] - #30 Require(25) node_modules/egg-schedule/app/extend/application.js
                   ▇ [0ms] - #31 Require(26) node_modules/egg-logrotator/app/extend/application.js
                   ▇ [1ms] - #32 Require(27) node_modules/egg-view/app/extend/application.js
                   ▇ [2ms] - #33 Load extend/request.js
                   ▇ [0ms] - #34 Require(28) node_modules/egg/app/extend/request.js
                   ▇ [2ms] - #35 Load extend/response.js
                   ▇ [0ms] - #36 Require(29) node_modules/egg/app/extend/response.js
                   ▇ [15ms] - #37 Load extend/context.js
                   ▇ [4ms] - #38 Require(30) node_modules/egg-security/app/extend/context.js
                   ▇ [1ms] - #39 Require(31) node_modules/egg-jsonp/app/extend/context.js
                   ▇ [0ms] - #40 Require(32) node_modules/egg-i18n/app/extend/context.js
                   ▇ [7ms] - #41 Require(33) node_modules/egg-multipart/app/extend/context.js
                    ▇ [1ms] - #42 Require(34) node_modules/egg-view/app/extend/context.js
                    ▇ [0ms] - #43 Require(35) node_modules/egg-validate/app/extend/context.js
                    ▇ [1ms] - #44 Require(36) node_modules/egg/app/extend/context.js
                    ▇ [0ms] - #45 Require(37) app/extend/context.js
                    ▇ [10ms] - #46 Load extend/helper.js
                    ▇ [8ms] - #47 Require(38) node_modules/egg-security/app/extend/helper.js
                    ▇ [0ms] - #48 Require(39) node_modules/egg/app/extend/helper.js
                    ▇ [14ms] - #49 Load app.js
                    ▇ [0ms] - #50 Require(40) node_modules/egg-session/app.js
                    ▇ [1ms] - #51 Require(41) node_modules/egg-security/app.js
                    ▇ [3ms] - #52 Require(42) node_modules/egg-onerror/app.js
                    ▇ [4ms] - #53 Require(43) node_modules/egg-i18n/app.js
                     ▇ [3ms] - #54 Require(44) node_modules/egg-watcher/app.js
                     ▇ [0ms] - #55 Require(45) node_modules/egg-schedule/app.js
                     ▇ [1ms] - #56 Require(46) node_modules/egg-multipart/app.js
                     ▇ [0ms] - #57 Require(47) node_modules/egg-development/app.js
                     ▇ [0ms] - #58 Require(48) node_modules/egg-logrotator/app.js
                     ▇ [0ms] - #59 Require(49) node_modules/egg-static/app.js
                     ▇ [1ms] - #60 Require(50) node_modules/egg-sequelize/app.js
                     ▇ [0ms] - #61 Require(51) node_modules/egg-validate/app.js
                     ▇ [1ms] - #62 Require(52) node_modules/egg-cors/app.js
                     ▇ [0ms] - #63 Require(53) app.js
                     ▇▇▇▇▇▇▇▇▇▇▇▇▇▇▇ [347ms] - #64 Before Start in node_modules/egg-watcher/lib/init.js:15:14
                               ▇ [11ms] - #65 Load "Symbol(model)" to Application
                                ▇▇▇▇▇ [123ms] - #66 Before Start in node_modules/egg-sequelize/lib/loader.js:39:7
                                ▇▇▇▇▇▇▇▇▇▇▇▇▇▇▇▇ [369ms] - #67 Before Start in app.js:4:7
                                ▇ [37ms] - #68 Load Service
                                ▇ [37ms] - #69 Load "service" to Context
                                  ▇ [38ms] - #70 Load Middleware
                                  ▇ [33ms] - #71 Load "middlewares" to Application
                                   ▇ [2ms] - #72 Load Controller
                                   ▇ [2ms] - #73 Load "controller" to Application
                                    ▇ [2ms] - #74 Load Router
                                    ▇ [0ms] - #75 Require(54) app/router.js
                                    ▇ [14ms] - #76 Before Start in node_modules/egg-core/lib/egg.js:328:10
2026-05-27 16:41:00,378 INFO 10846 [egg:core] dump config after ready, 10ms
2026-05-30 09:40:18,809 INFO 11065 [egg:logger] init all loggers with options: {"dir":"/home/gandiantx/lab-manager/server/logs/lab-manager-server","encoding":"utf8","env":"local","level":"INFO","consoleLevel":"INFO","disableConsoleAfterReady":false,"outputJSON":false,"buffer":true,"appLogName":"lab-manager-server-web.log","coreLogName":"egg-web.log","agentLogName":"egg-agent.log","errorLogName":"common-error.log","coreLogger":{"consoleLevel":"WARN"},"allowDebugAtProd":false,"enablePerformanceTimer":false,"enableFastContextLogger":false,"type":"application","localStorage":{}}
2026-05-30 09:40:18,809 INFO 11065 [egg-multipart] stream mode enable
2026-05-30 09:40:19,193 INFO 11065 [egg-static] starting static serve /public/ -> /home/gandiantx/lab-manager/server/app/public
2026-05-30 09:40:19,195 INFO 11065 [egg-security] use methodnoallow middleware
2026-05-30 09:40:19,196 INFO 11065 [egg-security] use noopen middleware
2026-05-30 09:40:19,196 INFO 11065 [egg-security] use nosniff middleware
2026-05-30 09:40:19,197 INFO 11065 [egg-security] use xssProtection middleware
2026-05-30 09:40:19,197 INFO 11065 [egg-security] use xframe middleware
2026-05-30 09:40:19,198 INFO 11065 [egg-security] use dta middleware
2026-05-30 09:40:19,198 INFO 11065 [egg-security] compose 6 middlewares into one security middleware
2026-05-30 09:40:19,210 INFO 11065 [egg:core] dump config after load, 5ms
2026-05-30 09:40:19,247 INFO 11065 [egg-watcher:application] watcher start success
2026-05-30 09:40:19,514 INFO 11065 egg start timeline:
▇▇▇▇▇▇▇▇▇▇▇▇▇▇▇▇ [413ms] - #0 Process Start
                ▇▇▇▇▇▇▇▇▇▇▇▇▇▇▇▇▇▇▇▇▇▇▇▇▇▇▇▇▇▇▇▇ [799ms] - #1 Application Start
                 ▇ [6ms] - #2 Load Plugin
                 ▇ [11ms] - #3 Load Config
                 ▇ [0ms] - #4 Require(0) config/config.default.js
                 ▇ [0ms] - #5 Require(1) node_modules/egg-session/config/config.default.js
                 ▇ [0ms] - #6 Require(2) node_modules/egg-security/config/config.default.js
                 ▇ [0ms] - #7 Require(3) node_modules/egg-jsonp/config/config.default.js
                 ▇ [1ms] - #8 Require(4) node_modules/egg-onerror/config/config.default.js
                 ▇ [0ms] - #9 Require(5) node_modules/egg-i18n/config/config.default.js
                 ▇ [0ms] - #10 Require(6) node_modules/egg-watcher/config/config.default.js
                 ▇ [1ms] - #11 Require(7) node_modules/egg-schedule/config/config.default.js
                 ▇ [0ms] - #12 Require(8) node_modules/egg-multipart/config/config.default.js
                 ▇ [0ms] - #13 Require(9) node_modules/egg-development/config/config.default.js
                 ▇ [0ms] - #14 Require(10) node_modules/egg-logrotator/config/config.default.js
                 ▇ [0ms] - #15 Require(11) node_modules/egg-static/config/config.default.js
                 ▇ [0ms] - #16 Require(12) node_modules/egg-view/config/config.default.js
                 ▇ [0ms] - #17 Require(13) node_modules/egg-sequelize/config/config.default.js
                 ▇ [0ms] - #18 Require(14) node_modules/egg-validate/config/config.default.js
                 ▇ [0ms] - #19 Require(15) node_modules/egg-cors/config/config.default.js
                 ▇ [1ms] - #20 Require(16) node_modules/egg/config/config.default.js
                 ▇ [0ms] - #21 Require(17) config/config.default.js
                 ▇ [0ms] - #22 Require(18) node_modules/egg-security/config/config.local.js
                 ▇ [0ms] - #23 Require(19) node_modules/egg-watcher/config/config.local.js
                 ▇ [0ms] - #24 Require(20) node_modules/egg-view/config/config.local.js
                 ▇ [0ms] - #25 Require(21) node_modules/egg/config/config.local.js
                 ▇ [9ms] - #26 Load extend/application.js
                 ▇ [0ms] - #27 Require(22) node_modules/egg-session/app/extend/application.js
                 ▇ [0ms] - #28 Require(23) node_modules/egg-security/app/extend/application.js
                 ▇ [2ms] - #29 Require(24) node_modules/egg-jsonp/app/extend/application.js
                  ▇ [1ms] - #30 Require(25) node_modules/egg-schedule/app/extend/application.js
                  ▇ [0ms] - #31 Require(26) node_modules/egg-logrotator/app/extend/application.js
                  ▇ [1ms] - #32 Require(27) node_modules/egg-view/app/extend/application.js
                  ▇ [2ms] - #33 Load extend/request.js
                  ▇ [0ms] - #34 Require(28) node_modules/egg/app/extend/request.js
                  ▇ [3ms] - #35 Load extend/response.js
                  ▇ [2ms] - #36 Require(29) node_modules/egg/app/extend/response.js
                  ▇ [16ms] - #37 Load extend/context.js
                  ▇ [4ms] - #38 Require(30) node_modules/egg-security/app/extend/context.js
                  ▇ [1ms] - #39 Require(31) node_modules/egg-jsonp/app/extend/context.js
                  ▇ [0ms] - #40 Require(32) node_modules/egg-i18n/app/extend/context.js
                  ▇ [7ms] - #41 Require(33) node_modules/egg-multipart/app/extend/context.js
                   ▇ [0ms] - #42 Require(34) node_modules/egg-view/app/extend/context.js
                   ▇ [0ms] - #43 Require(35) node_modules/egg-validate/app/extend/context.js
                   ▇ [0ms] - #44 Require(36) node_modules/egg/app/extend/context.js
                   ▇ [0ms] - #45 Require(37) app/extend/context.js
                   ▇ [15ms] - #46 Load extend/helper.js
                   ▇ [13ms] - #47 Require(38) node_modules/egg-security/app/extend/helper.js
                   ▇ [0ms] - #48 Require(39) node_modules/egg/app/extend/helper.js
                   ▇ [28ms] - #49 Load app.js
                   ▇ [1ms] - #50 Require(40) node_modules/egg-session/app.js
                   ▇ [1ms] - #51 Require(41) node_modules/egg-security/app.js
                   ▇ [7ms] - #52 Require(42) node_modules/egg-onerror/app.js
                    ▇ [7ms] - #53 Require(43) node_modules/egg-i18n/app.js
                    ▇ [3ms] - #54 Require(44) node_modules/egg-watcher/app.js
                    ▇ [1ms] - #55 Require(45) node_modules/egg-schedule/app.js
                    ▇ [1ms] - #56 Require(46) node_modules/egg-multipart/app.js
                    ▇ [0ms] - #57 Require(47) node_modules/egg-development/app.js
                    ▇ [1ms] - #58 Require(48) node_modules/egg-logrotator/app.js
                    ▇ [0ms] - #59 Require(49) node_modules/egg-static/app.js
                    ▇ [1ms] - #60 Require(50) node_modules/egg-sequelize/app.js
                    ▇ [2ms] - #61 Require(51) node_modules/egg-validate/app.js
                    ▇ [0ms] - #62 Require(52) node_modules/egg-cors/app.js
                    ▇ [1ms] - #63 Require(53) app.js
                     ▇▇▇▇▇▇▇▇▇▇▇▇▇▇▇▇▇ [433ms] - #64 Before Start in node_modules/egg-watcher/lib/init.js:15:14
                               ▇ [14ms] - #65 Load "Symbol(model)" to Application
                               ▇▇▇▇▇▇▇ [180ms] - #66 Before Start in node_modules/egg-sequelize/lib/loader.js:39:7
                               ▇▇▇▇▇▇▇▇▇▇▇▇▇▇▇▇▇ [435ms] - #67 Before Start in app.js:4:7
                               ▇▇ [62ms] - #68 Load Service
                               ▇▇ [62ms] - #69 Load "service" to Context
                                  ▇▇ [63ms] - #70 Load Middleware
                                  ▇▇ [56ms] - #71 Load "middlewares" to Application
                                     ▇ [3ms] - #72 Load Controller
                                     ▇ [3ms] - #73 Load "controller" to Application
                                     ▇ [3ms] - #74 Load Router
                                     ▇ [1ms] - #75 Require(54) app/router.js
                                     ▇ [14ms] - #76 Before Start in node_modules/egg-core/lib/egg.js:328:10
2026-05-30 09:40:19,514 INFO 11065 [egg:core] dump config after ready, 5ms
2026-05-30 09:45:16,154 INFO 22266 [egg:logger] init all loggers with options: {"dir":"/home/gandiantx/lab-manager/server/logs/lab-manager-server","encoding":"utf8","env":"local","level":"INFO","consoleLevel":"INFO","disableConsoleAfterReady":false,"outputJSON":false,"buffer":true,"appLogName":"lab-manager-server-web.log","coreLogName":"egg-web.log","agentLogName":"egg-agent.log","errorLogName":"common-error.log","coreLogger":{"consoleLevel":"WARN"},"allowDebugAtProd":false,"enablePerformanceTimer":false,"enableFastContextLogger":false,"type":"application","localStorage":{}}
2026-05-30 09:45:16,155 INFO 22266 [egg-multipart] stream mode enable
2026-05-30 09:45:16,481 INFO 22266 [egg-static] starting static serve /public/ -> /home/gandiantx/lab-manager/server/app/public
2026-05-30 09:45:16,483 INFO 22266 [egg-security] use methodnoallow middleware
2026-05-30 09:45:16,484 INFO 22266 [egg-security] use noopen middleware
2026-05-30 09:45:16,484 INFO 22266 [egg-security] use nosniff middleware
2026-05-30 09:45:16,484 INFO 22266 [egg-security] use xssProtection middleware
2026-05-30 09:45:16,484 INFO 22266 [egg-security] use xframe middleware
2026-05-30 09:45:16,485 INFO 22266 [egg-security] use dta middleware
2026-05-30 09:45:16,485 INFO 22266 [egg-security] compose 6 middlewares into one security middleware
2026-05-30 09:45:16,496 INFO 22266 [egg:core] dump config after load, 5ms
2026-05-30 09:45:16,525 INFO 22266 [egg-watcher:application] watcher start success
2026-05-30 09:45:16,792 INFO 22266 egg start timeline:
▇▇▇▇▇▇▇▇▇▇▇▇▇▇▇▇▇▇ [409ms] - #0 Process Start
                  ▇▇▇▇▇▇▇▇▇▇▇▇▇▇▇▇▇▇▇▇▇▇▇▇▇▇▇▇▇▇▇ [700ms] - #1 Application Start
                  ▇ [6ms] - #2 Load Plugin
                  ▇ [11ms] - #3 Load Config
                  ▇ [0ms] - #4 Require(0) config/config.default.js
                  ▇ [0ms] - #5 Require(1) node_modules/egg-session/config/config.default.js
                  ▇ [0ms] - #6 Require(2) node_modules/egg-security/config/config.default.js
                  ▇ [0ms] - #7 Require(3) node_modules/egg-jsonp/config/config.default.js
                  ▇ [0ms] - #8 Require(4) node_modules/egg-onerror/config/config.default.js
                  ▇ [0ms] - #9 Require(5) node_modules/egg-i18n/config/config.default.js
                  ▇ [0ms] - #10 Require(6) node_modules/egg-watcher/config/config.default.js
                  ▇ [1ms] - #11 Require(7) node_modules/egg-schedule/config/config.default.js
                  ▇ [0ms] - #12 Require(8) node_modules/egg-multipart/config/config.default.js
                  ▇ [0ms] - #13 Require(9) node_modules/egg-development/config/config.default.js
                   ▇ [0ms] - #14 Require(10) node_modules/egg-logrotator/config/config.default.js
                   ▇ [0ms] - #15 Require(11) node_modules/egg-static/config/config.default.js
                   ▇ [0ms] - #16 Require(12) node_modules/egg-view/config/config.default.js
                   ▇ [0ms] - #17 Require(13) node_modules/egg-sequelize/config/config.default.js
                   ▇ [0ms] - #18 Require(14) node_modules/egg-validate/config/config.default.js
                   ▇ [0ms] - #19 Require(15) node_modules/egg-cors/config/config.default.js
                   ▇ [1ms] - #20 Require(16) node_modules/egg/config/config.default.js
                   ▇ [0ms] - #21 Require(17) config/config.default.js
                   ▇ [0ms] - #22 Require(18) node_modules/egg-security/config/config.local.js
                   ▇ [0ms] - #23 Require(19) node_modules/egg-watcher/config/config.local.js
                   ▇ [0ms] - #24 Require(20) node_modules/egg-view/config/config.local.js
                   ▇ [0ms] - #25 Require(21) node_modules/egg/config/config.local.js
                   ▇ [7ms] - #26 Load extend/application.js
                   ▇ [0ms] - #27 Require(22) node_modules/egg-session/app/extend/application.js
                   ▇ [0ms] - #28 Require(23) node_modules/egg-security/app/extend/application.js
                   ▇ [2ms] - #29 Require(24) node_modules/egg-jsonp/app/extend/application.js
                   ▇ [1ms] - #30 Require(25) node_modules/egg-schedule/app/extend/application.js
                   ▇ [0ms] - #31 Require(26) node_modules/egg-logrotator/app/extend/application.js
                   ▇ [1ms] - #32 Require(27) node_modules/egg-view/app/extend/application.js
                   ▇ [2ms] - #33 Load extend/request.js
                   ▇ [0ms] - #34 Require(28) node_modules/egg/app/extend/request.js
                   ▇ [2ms] - #35 Load extend/response.js
                   ▇ [0ms] - #36 Require(29) node_modules/egg/app/extend/response.js
                   ▇ [16ms] - #37 Load extend/context.js
                   ▇ [5ms] - #38 Require(30) node_modules/egg-security/app/extend/context.js
                   ▇ [0ms] - #39 Require(31) node_modules/egg-jsonp/app/extend/context.js
                   ▇ [1ms] - #40 Require(32) node_modules/egg-i18n/app/extend/context.js
                    ▇ [7ms] - #41 Require(33) node_modules/egg-multipart/app/extend/context.js
                    ▇ [1ms] - #42 Require(34) node_modules/egg-view/app/extend/context.js
                    ▇ [0ms] - #43 Require(35) node_modules/egg-validate/app/extend/context.js
                    ▇ [1ms] - #44 Require(36) node_modules/egg/app/extend/context.js
                    ▇ [1ms] - #45 Require(37) app/extend/context.js
                    ▇ [10ms] - #46 Load extend/helper.js
                    ▇ [7ms] - #47 Require(38) node_modules/egg-security/app/extend/helper.js
                    ▇ [0ms] - #48 Require(39) node_modules/egg/app/extend/helper.js
                    ▇ [15ms] - #49 Load app.js
                    ▇ [0ms] - #50 Require(40) node_modules/egg-session/app.js
                    ▇ [1ms] - #51 Require(41) node_modules/egg-security/app.js
                    ▇ [4ms] - #52 Require(42) node_modules/egg-onerror/app.js
                     ▇ [4ms] - #53 Require(43) node_modules/egg-i18n/app.js
                     ▇ [3ms] - #54 Require(44) node_modules/egg-watcher/app.js
                     ▇ [0ms] - #55 Require(45) node_modules/egg-schedule/app.js
                     ▇ [1ms] - #56 Require(46) node_modules/egg-multipart/app.js
                     ▇ [0ms] - #57 Require(47) node_modules/egg-development/app.js
                     ▇ [0ms] - #58 Require(48) node_modules/egg-logrotator/app.js
                     ▇ [0ms] - #59 Require(49) node_modules/egg-static/app.js
                     ▇ [0ms] - #60 Require(50) node_modules/egg-sequelize/app.js
                     ▇ [1ms] - #61 Require(51) node_modules/egg-validate/app.js
                     ▇ [0ms] - #62 Require(52) node_modules/egg-cors/app.js
                     ▇ [0ms] - #63 Require(53) app.js
                     ▇▇▇▇▇▇▇▇▇▇▇▇▇▇▇▇ [366ms] - #64 Before Start in node_modules/egg-watcher/lib/init.js:15:14
                                ▇ [11ms] - #65 Load "Symbol(model)" to Application
                                ▇▇▇▇▇ [127ms] - #66 Before Start in node_modules/egg-sequelize/lib/loader.js:39:7
                                 ▇▇▇▇▇▇▇▇▇▇▇▇▇▇▇▇ [366ms] - #67 Before Start in app.js:4:7
                                 ▇ [39ms] - #68 Load Service
                                 ▇ [39ms] - #69 Load "service" to Context
                                  ▇ [38ms] - #70 Load Middleware
                                  ▇ [32ms] - #71 Load "middlewares" to Application
                                    ▇ [2ms] - #72 Load Controller
                                    ▇ [2ms] - #73 Load "controller" to Application
                                    ▇ [3ms] - #74 Load Router
                                    ▇ [0ms] - #75 Require(54) app/router.js
                                    ▇ [14ms] - #76 Before Start in node_modules/egg-core/lib/egg.js:328:10
2026-05-30 09:45:16,793 INFO 22266 [egg:core] dump config after ready, 11ms
2026-05-30 09:45:33,983 INFO 23106 [egg:logger] init all loggers with options: {"dir":"/home/gandiantx/lab-manager/server/logs/lab-manager-server","encoding":"utf8","env":"local","level":"INFO","consoleLevel":"INFO","disableConsoleAfterReady":false,"outputJSON":false,"buffer":true,"appLogName":"lab-manager-server-web.log","coreLogName":"egg-web.log","agentLogName":"egg-agent.log","errorLogName":"common-error.log","coreLogger":{"consoleLevel":"WARN"},"allowDebugAtProd":false,"enablePerformanceTimer":false,"enableFastContextLogger":false,"type":"application","localStorage":{}}
2026-05-30 09:45:33,983 INFO 23106 [egg-multipart] stream mode enable
2026-05-30 09:45:34,309 INFO 23106 [egg-static] starting static serve /public/ -> /home/gandiantx/lab-manager/server/app/public
2026-05-30 09:45:34,311 INFO 23106 [egg-security] use methodnoallow middleware
2026-05-30 09:45:34,311 INFO 23106 [egg-security] use noopen middleware
2026-05-30 09:45:34,311 INFO 23106 [egg-security] use nosniff middleware
2026-05-30 09:45:34,312 INFO 23106 [egg-security] use xssProtection middleware
2026-05-30 09:45:34,312 INFO 23106 [egg-security] use xframe middleware
2026-05-30 09:45:34,312 INFO 23106 [egg-security] use dta middleware
2026-05-30 09:45:34,312 INFO 23106 [egg-security] compose 6 middlewares into one security middleware
2026-05-30 09:45:34,324 INFO 23106 [egg:core] dump config after load, 6ms
2026-05-30 09:45:34,355 INFO 23106 [egg-watcher:application] watcher start success
2026-05-30 09:45:34,612 INFO 23106 egg start timeline:
▇▇▇▇▇▇▇▇▇▇▇▇▇▇▇▇▇▇ [413ms] - #0 Process Start
                  ▇▇▇▇▇▇▇▇▇▇▇▇▇▇▇▇▇▇▇▇▇▇▇▇▇▇▇▇▇▇ [694ms] - #1 Application Start
                  ▇ [5ms] - #2 Load Plugin
                   ▇ [10ms] - #3 Load Config
                   ▇ [0ms] - #4 Require(0) config/config.default.js
                   ▇ [0ms] - #5 Require(1) node_modules/egg-session/config/config.default.js
                   ▇ [1ms] - #6 Require(2) node_modules/egg-security/config/config.default.js
                   ▇ [0ms] - #7 Require(3) node_modules/egg-jsonp/config/config.default.js
                   ▇ [0ms] - #8 Require(4) node_modules/egg-onerror/config/config.default.js
                   ▇ [0ms] - #9 Require(5) node_modules/egg-i18n/config/config.default.js
                   ▇ [0ms] - #10 Require(6) node_modules/egg-watcher/config/config.default.js
                   ▇ [0ms] - #11 Require(7) node_modules/egg-schedule/config/config.default.js
                   ▇ [0ms] - #12 Require(8) node_modules/egg-multipart/config/config.default.js
                   ▇ [0ms] - #13 Require(9) node_modules/egg-development/config/config.default.js
                   ▇ [0ms] - #14 Require(10) node_modules/egg-logrotator/config/config.default.js
                   ▇ [0ms] - #15 Require(11) node_modules/egg-static/config/config.default.js
                   ▇ [0ms] - #16 Require(12) node_modules/egg-view/config/config.default.js
                   ▇ [0ms] - #17 Require(13) node_modules/egg-sequelize/config/config.default.js
                   ▇ [0ms] - #18 Require(14) node_modules/egg-validate/config/config.default.js
                   ▇ [0ms] - #19 Require(15) node_modules/egg-cors/config/config.default.js
                   ▇ [1ms] - #20 Require(16) node_modules/egg/config/config.default.js
                   ▇ [0ms] - #21 Require(17) config/config.default.js
                   ▇ [0ms] - #22 Require(18) node_modules/egg-security/config/config.local.js
                   ▇ [0ms] - #23 Require(19) node_modules/egg-watcher/config/config.local.js
                   ▇ [0ms] - #24 Require(20) node_modules/egg-view/config/config.local.js
                   ▇ [1ms] - #25 Require(21) node_modules/egg/config/config.local.js
                   ▇ [5ms] - #26 Load extend/application.js
                   ▇ [0ms] - #27 Require(22) node_modules/egg-session/app/extend/application.js
                   ▇ [0ms] - #28 Require(23) node_modules/egg-security/app/extend/application.js
                   ▇ [2ms] - #29 Require(24) node_modules/egg-jsonp/app/extend/application.js
                   ▇ [1ms] - #30 Require(25) node_modules/egg-schedule/app/extend/application.js
                   ▇ [1ms] - #31 Require(26) node_modules/egg-logrotator/app/extend/application.js
                   ▇ [1ms] - #32 Require(27) node_modules/egg-view/app/extend/application.js
                   ▇ [2ms] - #33 Load extend/request.js
                   ▇ [1ms] - #34 Require(28) node_modules/egg/app/extend/request.js
                   ▇ [2ms] - #35 Load extend/response.js
                   ▇ [1ms] - #36 Require(29) node_modules/egg/app/extend/response.js
                   ▇ [16ms] - #37 Load extend/context.js
                   ▇ [4ms] - #38 Require(30) node_modules/egg-security/app/extend/context.js
                    ▇ [0ms] - #39 Require(31) node_modules/egg-jsonp/app/extend/context.js
                    ▇ [1ms] - #40 Require(32) node_modules/egg-i18n/app/extend/context.js
                    ▇ [7ms] - #41 Require(33) node_modules/egg-multipart/app/extend/context.js
                    ▇ [1ms] - #42 Require(34) node_modules/egg-view/app/extend/context.js
                    ▇ [0ms] - #43 Require(35) node_modules/egg-validate/app/extend/context.js
                    ▇ [1ms] - #44 Require(36) node_modules/egg/app/extend/context.js
                    ▇ [1ms] - #45 Require(37) app/extend/context.js
                    ▇ [10ms] - #46 Load extend/helper.js
                    ▇ [8ms] - #47 Require(38) node_modules/egg-security/app/extend/helper.js
                     ▇ [0ms] - #48 Require(39) node_modules/egg/app/extend/helper.js
                     ▇ [16ms] - #49 Load app.js
                     ▇ [0ms] - #50 Require(40) node_modules/egg-session/app.js
                     ▇ [0ms] - #51 Require(41) node_modules/egg-security/app.js
                     ▇ [4ms] - #52 Require(42) node_modules/egg-onerror/app.js
                     ▇ [4ms] - #53 Require(43) node_modules/egg-i18n/app.js
                     ▇ [3ms] - #54 Require(44) node_modules/egg-watcher/app.js
                     ▇ [0ms] - #55 Require(45) node_modules/egg-schedule/app.js
                     ▇ [1ms] - #56 Require(46) node_modules/egg-multipart/app.js
                     ▇ [0ms] - #57 Require(47) node_modules/egg-development/app.js
                     ▇ [0ms] - #58 Require(48) node_modules/egg-logrotator/app.js
                     ▇ [1ms] - #59 Require(49) node_modules/egg-static/app.js
                     ▇ [0ms] - #60 Require(50) node_modules/egg-sequelize/app.js
                     ▇ [1ms] - #61 Require(51) node_modules/egg-validate/app.js
                     ▇ [0ms] - #62 Require(52) node_modules/egg-cors/app.js
                     ▇ [0ms] - #63 Require(53) app.js
                      ▇▇▇▇▇▇▇▇▇▇▇▇▇▇▇▇ [368ms] - #64 Before Start in node_modules/egg-watcher/lib/init.js:15:14
                                ▇ [11ms] - #65 Load "Symbol(model)" to Application
                                 ▇▇▇▇▇ [134ms] - #66 Before Start in node_modules/egg-sequelize/lib/loader.js:39:7
                                 ▇▇▇▇▇▇▇▇▇▇▇▇▇▇▇▇ [365ms] - #67 Before Start in app.js:4:7
                                 ▇ [34ms] - #68 Load Service
                                 ▇ [34ms] - #69 Load "service" to Context
                                  ▇▇ [46ms] - #70 Load Middleware
                                  ▇ [40ms] - #71 Load "middlewares" to Application
                                    ▇ [3ms] - #72 Load Controller
                                    ▇ [3ms] - #73 Load "controller" to Application
                                    ▇ [2ms] - #74 Load Router
                                    ▇ [0ms] - #75 Require(54) app/router.js
                                    ▇ [16ms] - #76 Before Start in node_modules/egg-core/lib/egg.js:328:10
2026-05-30 09:45:34,612 INFO 23106 [egg:core] dump config after ready, 11ms
2026-05-30 09:48:29,628 INFO 27746 [egg:logger] init all loggers with options: {"dir":"/home/gandiantx/lab-manager/server/logs/lab-manager-server","encoding":"utf8","env":"local","level":"INFO","consoleLevel":"INFO","disableConsoleAfterReady":false,"outputJSON":false,"buffer":true,"appLogName":"lab-manager-server-web.log","coreLogName":"egg-web.log","agentLogName":"egg-agent.log","errorLogName":"common-error.log","coreLogger":{"consoleLevel":"WARN"},"allowDebugAtProd":false,"enablePerformanceTimer":false,"enableFastContextLogger":false,"type":"application","localStorage":{}}
2026-05-30 09:48:29,628 INFO 27746 [egg-multipart] stream mode enable
2026-05-30 09:48:29,934 INFO 27746 [egg-static] starting static serve /public/ -> /home/gandiantx/lab-manager/server/app/public
2026-05-30 09:48:29,935 INFO 27746 [egg-security] use methodnoallow middleware
2026-05-30 09:48:29,936 INFO 27746 [egg-security] use noopen middleware
2026-05-30 09:48:29,936 INFO 27746 [egg-security] use nosniff middleware
2026-05-30 09:48:29,936 INFO 27746 [egg-security] use xssProtection middleware
2026-05-30 09:48:29,937 INFO 27746 [egg-security] use xframe middleware
2026-05-30 09:48:29,937 INFO 27746 [egg-security] use dta middleware
2026-05-30 09:48:29,937 INFO 27746 [egg-security] compose 6 middlewares into one security middleware
2026-05-30 09:48:29,949 INFO 27746 [egg:core] dump config after load, 6ms
2026-05-30 09:48:29,978 INFO 27746 [egg-watcher:application] watcher start success
2026-05-30 09:48:30,234 INFO 27746 egg start timeline:
▇▇▇▇▇▇▇▇▇▇▇▇▇▇▇▇▇▇ [410ms] - #0 Process Start
                  ▇▇▇▇▇▇▇▇▇▇▇▇▇▇▇▇▇▇▇▇▇▇▇▇▇▇▇▇▇▇ [678ms] - #1 Application Start
                   ▇ [6ms] - #2 Load Plugin
                   ▇ [10ms] - #3 Load Config
                   ▇ [1ms] - #4 Require(0) config/config.default.js
                   ▇ [0ms] - #5 Require(1) node_modules/egg-session/config/config.default.js
                   ▇ [0ms] - #6 Require(2) node_modules/egg-security/config/config.default.js
                   ▇ [0ms] - #7 Require(3) node_modules/egg-jsonp/config/config.default.js
                   ▇ [0ms] - #8 Require(4) node_modules/egg-onerror/config/config.default.js
                   ▇ [0ms] - #9 Require(5) node_modules/egg-i18n/config/config.default.js
                   ▇ [0ms] - #10 Require(6) node_modules/egg-watcher/config/config.default.js
                   ▇ [0ms] - #11 Require(7) node_modules/egg-schedule/config/config.default.js
                   ▇ [1ms] - #12 Require(8) node_modules/egg-multipart/config/config.default.js
                   ▇ [0ms] - #13 Require(9) node_modules/egg-development/config/config.default.js
                   ▇ [0ms] - #14 Require(10) node_modules/egg-logrotator/config/config.default.js
                   ▇ [1ms] - #15 Require(11) node_modules/egg-static/config/config.default.js
                   ▇ [0ms] - #16 Require(12) node_modules/egg-view/config/config.default.js
                   ▇ [0ms] - #17 Require(13) node_modules/egg-sequelize/config/config.default.js
                   ▇ [1ms] - #18 Require(14) node_modules/egg-validate/config/config.default.js
                   ▇ [0ms] - #19 Require(15) node_modules/egg-cors/config/config.default.js
                   ▇ [0ms] - #20 Require(16) node_modules/egg/config/config.default.js
                   ▇ [0ms] - #21 Require(17) config/config.default.js
                   ▇ [0ms] - #22 Require(18) node_modules/egg-security/config/config.local.js
                   ▇ [0ms] - #23 Require(19) node_modules/egg-watcher/config/config.local.js
                   ▇ [0ms] - #24 Require(20) node_modules/egg-view/config/config.local.js
                   ▇ [0ms] - #25 Require(21) node_modules/egg/config/config.local.js
                   ▇ [7ms] - #26 Load extend/application.js
                   ▇ [1ms] - #27 Require(22) node_modules/egg-session/app/extend/application.js
                   ▇ [0ms] - #28 Require(23) node_modules/egg-security/app/extend/application.js
                   ▇ [2ms] - #29 Require(24) node_modules/egg-jsonp/app/extend/application.js
                   ▇ [1ms] - #30 Require(25) node_modules/egg-schedule/app/extend/application.js
                    ▇ [1ms] - #31 Require(26) node_modules/egg-logrotator/app/extend/application.js
                    ▇ [1ms] - #32 Require(27) node_modules/egg-view/app/extend/application.js
                    ▇ [2ms] - #33 Load extend/request.js
                    ▇ [1ms] - #34 Require(28) node_modules/egg/app/extend/request.js
                    ▇ [2ms] - #35 Load extend/response.js
                    ▇ [1ms] - #36 Require(29) node_modules/egg/app/extend/response.js
                    ▇ [15ms] - #37 Load extend/context.js
                    ▇ [4ms] - #38 Require(30) node_modules/egg-security/app/extend/context.js
                    ▇ [0ms] - #39 Require(31) node_modules/egg-jsonp/app/extend/context.js
                    ▇ [1ms] - #40 Require(32) node_modules/egg-i18n/app/extend/context.js
                    ▇ [7ms] - #41 Require(33) node_modules/egg-multipart/app/extend/context.js
                    ▇ [1ms] - #42 Require(34) node_modules/egg-view/app/extend/context.js
                    ▇ [0ms] - #43 Require(35) node_modules/egg-validate/app/extend/context.js
                    ▇ [1ms] - #44 Require(36) node_modules/egg/app/extend/context.js
                    ▇ [0ms] - #45 Require(37) app/extend/context.js
                     ▇ [10ms] - #46 Load extend/helper.js
                     ▇ [8ms] - #47 Require(38) node_modules/egg-security/app/extend/helper.js
                     ▇ [0ms] - #48 Require(39) node_modules/egg/app/extend/helper.js
                     ▇ [16ms] - #49 Load app.js
                     ▇ [0ms] - #50 Require(40) node_modules/egg-session/app.js
                     ▇ [1ms] - #51 Require(41) node_modules/egg-security/app.js
                     ▇ [5ms] - #52 Require(42) node_modules/egg-onerror/app.js
                     ▇ [3ms] - #53 Require(43) node_modules/egg-i18n/app.js
                     ▇ [3ms] - #54 Require(44) node_modules/egg-watcher/app.js
                      ▇ [0ms] - #55 Require(45) node_modules/egg-schedule/app.js
                      ▇ [1ms] - #56 Require(46) node_modules/egg-multipart/app.js
                      ▇ [0ms] - #57 Require(47) node_modules/egg-development/app.js
                      ▇ [0ms] - #58 Require(48) node_modules/egg-logrotator/app.js
                      ▇ [0ms] - #59 Require(49) node_modules/egg-static/app.js
                      ▇ [0ms] - #60 Require(50) node_modules/egg-sequelize/app.js
                      ▇ [0ms] - #61 Require(51) node_modules/egg-validate/app.js
                      ▇ [0ms] - #62 Require(52) node_modules/egg-cors/app.js
                      ▇ [0ms] - #63 Require(53) app.js
                      ▇▇▇▇▇▇▇▇▇▇▇▇▇▇▇ [346ms] - #64 Before Start in node_modules/egg-watcher/lib/init.js:15:14
                                ▇ [11ms] - #65 Load "Symbol(model)" to Application
                                 ▇▇▇▇▇ [130ms] - #66 Before Start in node_modules/egg-sequelize/lib/loader.js:39:7
                                 ▇▇▇▇▇▇▇▇▇▇▇▇▇▇▇▇ [362ms] - #67 Before Start in app.js:4:7
                                 ▇ [36ms] - #68 Load Service
                                 ▇ [36ms] - #69 Load "service" to Context
                                  ▇ [37ms] - #70 Load Middleware
                                  ▇ [32ms] - #71 Load "middlewares" to Application
                                    ▇ [2ms] - #72 Load Controller
                                    ▇ [2ms] - #73 Load "controller" to Application
                                    ▇ [3ms] - #74 Load Router
                                    ▇ [1ms] - #75 Require(54) app/router.js
                                    ▇ [14ms] - #76 Before Start in node_modules/egg-core/lib/egg.js:328:10
2026-05-30 09:48:30,234 INFO 27746 [egg:core] dump config after ready, 4ms
2026-05-30 10:03:47,068 INFO 29482 [egg:logger] init all loggers with options: {"dir":"/home/gandiantx/lab-manager/server/logs/lab-manager-server","encoding":"utf8","env":"local","level":"INFO","consoleLevel":"INFO","disableConsoleAfterReady":false,"outputJSON":false,"buffer":true,"appLogName":"lab-manager-server-web.log","coreLogName":"egg-web.log","agentLogName":"egg-agent.log","errorLogName":"common-error.log","coreLogger":{"consoleLevel":"WARN"},"allowDebugAtProd":false,"enablePerformanceTimer":false,"enableFastContextLogger":false,"type":"application","localStorage":{}}
2026-05-30 10:03:47,068 INFO 29482 [egg-multipart] stream mode enable
2026-05-30 10:03:47,418 INFO 29482 [egg-static] starting static serve /public/ -> /home/gandiantx/lab-manager/server/app/public
2026-05-30 10:03:47,420 INFO 29482 [egg-security] use methodnoallow middleware
2026-05-30 10:03:47,420 INFO 29482 [egg-security] use noopen middleware
2026-05-30 10:03:47,421 INFO 29482 [egg-security] use nosniff middleware
2026-05-30 10:03:47,422 INFO 29482 [egg-security] use xssProtection middleware
2026-05-30 10:03:47,422 INFO 29482 [egg-security] use xframe middleware
2026-05-30 10:03:47,422 INFO 29482 [egg-security] use dta middleware
2026-05-30 10:03:47,422 INFO 29482 [egg-security] compose 6 middlewares into one security middleware
2026-05-30 10:03:47,438 INFO 29482 [egg:core] dump config after load, 8ms
2026-05-30 10:03:47,476 INFO 29482 [egg-watcher:application] watcher start success
2026-05-30 10:03:47,738 INFO 29482 egg start timeline:
▇▇▇▇▇▇▇▇▇▇▇▇▇▇▇▇▇ [412ms] - #0 Process Start
                 ▇▇▇▇▇▇▇▇▇▇▇▇▇▇▇▇▇▇▇▇▇▇▇▇▇▇▇▇▇▇▇▇ [744ms] - #1 Application Start
                  ▇ [7ms] - #2 Load Plugin
                  ▇ [10ms] - #3 Load Config
                  ▇ [0ms] - #4 Require(0) config/config.default.js
                  ▇ [0ms] - #5 Require(1) node_modules/egg-session/config/config.default.js
                  ▇ [0ms] - #6 Require(2) node_modules/egg-security/config/config.default.js
                  ▇ [1ms] - #7 Require(3) node_modules/egg-jsonp/config/config.default.js
                  ▇ [0ms] - #8 Require(4) node_modules/egg-onerror/config/config.default.js
                  ▇ [0ms] - #9 Require(5) node_modules/egg-i18n/config/config.default.js
                  ▇ [1ms] - #10 Require(6) node_modules/egg-watcher/config/config.default.js
                  ▇ [0ms] - #11 Require(7) node_modules/egg-schedule/config/config.default.js
                  ▇ [0ms] - #12 Require(8) node_modules/egg-multipart/config/config.default.js
                  ▇ [0ms] - #13 Require(9) node_modules/egg-development/config/config.default.js
                  ▇ [0ms] - #14 Require(10) node_modules/egg-logrotator/config/config.default.js
                  ▇ [0ms] - #15 Require(11) node_modules/egg-static/config/config.default.js
                  ▇ [1ms] - #16 Require(12) node_modules/egg-view/config/config.default.js
                  ▇ [0ms] - #17 Require(13) node_modules/egg-sequelize/config/config.default.js
                  ▇ [0ms] - #18 Require(14) node_modules/egg-validate/config/config.default.js
                  ▇ [0ms] - #19 Require(15) node_modules/egg-cors/config/config.default.js
                  ▇ [0ms] - #20 Require(16) node_modules/egg/config/config.default.js
                  ▇ [0ms] - #21 Require(17) config/config.default.js
                  ▇ [0ms] - #22 Require(18) node_modules/egg-security/config/config.local.js
                  ▇ [0ms] - #23 Require(19) node_modules/egg-watcher/config/config.local.js
                  ▇ [0ms] - #24 Require(20) node_modules/egg-view/config/config.local.js
                  ▇ [0ms] - #25 Require(21) node_modules/egg/config/config.local.js
                  ▇ [7ms] - #26 Load extend/application.js
                  ▇ [1ms] - #27 Require(22) node_modules/egg-session/app/extend/application.js
                  ▇ [0ms] - #28 Require(23) node_modules/egg-security/app/extend/application.js
                  ▇ [2ms] - #29 Require(24) node_modules/egg-jsonp/app/extend/application.js
                  ▇ [1ms] - #30 Require(25) node_modules/egg-schedule/app/extend/application.js
                   ▇ [0ms] - #31 Require(26) node_modules/egg-logrotator/app/extend/application.js
                   ▇ [1ms] - #32 Require(27) node_modules/egg-view/app/extend/application.js
                   ▇ [2ms] - #33 Load extend/request.js
                   ▇ [0ms] - #34 Require(28) node_modules/egg/app/extend/request.js
                   ▇ [2ms] - #35 Load extend/response.js
                   ▇ [1ms] - #36 Require(29) node_modules/egg/app/extend/response.js
                   ▇ [17ms] - #37 Load extend/context.js
                   ▇ [4ms] - #38 Require(30) node_modules/egg-security/app/extend/context.js
                   ▇ [0ms] - #39 Require(31) node_modules/egg-jsonp/app/extend/context.js
                   ▇ [0ms] - #40 Require(32) node_modules/egg-i18n/app/extend/context.js
                   ▇ [7ms] - #41 Require(33) node_modules/egg-multipart/app/extend/context.js
                   ▇ [1ms] - #42 Require(34) node_modules/egg-view/app/extend/context.js
                   ▇ [0ms] - #43 Require(35) node_modules/egg-validate/app/extend/context.js
                   ▇ [1ms] - #44 Require(36) node_modules/egg/app/extend/context.js
                   ▇ [1ms] - #45 Require(37) app/extend/context.js
                    ▇ [11ms] - #46 Load extend/helper.js
                    ▇ [7ms] - #47 Require(38) node_modules/egg-security/app/extend/helper.js
                    ▇ [0ms] - #48 Require(39) node_modules/egg/app/extend/helper.js
                    ▇ [14ms] - #49 Load app.js
                    ▇ [0ms] - #50 Require(40) node_modules/egg-session/app.js
                    ▇ [1ms] - #51 Require(41) node_modules/egg-security/app.js
                    ▇ [4ms] - #52 Require(42) node_modules/egg-onerror/app.js
                    ▇ [3ms] - #53 Require(43) node_modules/egg-i18n/app.js
                    ▇ [2ms] - #54 Require(44) node_modules/egg-watcher/app.js
                    ▇ [0ms] - #55 Require(45) node_modules/egg-schedule/app.js
                    ▇ [1ms] - #56 Require(46) node_modules/egg-multipart/app.js
                    ▇ [0ms] - #57 Require(47) node_modules/egg-development/app.js
                    ▇ [0ms] - #58 Require(48) node_modules/egg-logrotator/app.js
                    ▇ [1ms] - #59 Require(49) node_modules/egg-static/app.js
                     ▇ [0ms] - #60 Require(50) node_modules/egg-sequelize/app.js
                     ▇ [1ms] - #61 Require(51) node_modules/egg-validate/app.js
                     ▇ [0ms] - #62 Require(52) node_modules/egg-cors/app.js
                     ▇ [0ms] - #63 Require(53) app.js
                     ▇▇▇▇▇▇▇▇▇▇▇▇▇▇▇▇▇ [403ms] - #64 Before Start in node_modules/egg-watcher/lib/init.js:15:14
                               ▇ [15ms] - #65 Load "Symbol(model)" to Application
                                ▇▇▇▇▇▇▇ [180ms] - #66 Before Start in node_modules/egg-sequelize/lib/loader.js:39:7
                                ▇▇▇▇▇▇▇▇▇▇▇▇▇▇▇▇▇ [408ms] - #67 Before Start in app.js:4:7
                                ▇▇ [50ms] - #68 Load Service
                                ▇▇ [50ms] - #69 Load "service" to Context
                                  ▇▇ [50ms] - #70 Load Middleware
                                  ▇ [42ms] - #71 Load "middlewares" to Application
                                    ▇ [3ms] - #72 Load Controller
                                    ▇ [3ms] - #73 Load "controller" to Application
                                    ▇ [3ms] - #74 Load Router
                                    ▇ [0ms] - #75 Require(54) app/router.js
                                    ▇ [19ms] - #76 Before Start in node_modules/egg-core/lib/egg.js:328:10
2026-05-30 10:03:47,738 INFO 29482 [egg:core] dump config after ready, 5ms
2026-05-30 10:04:04,825 INFO 29551 [egg:logger] init all loggers with options: {"dir":"/home/gandiantx/lab-manager/server/logs/lab-manager-server","encoding":"utf8","env":"local","level":"INFO","consoleLevel":"INFO","disableConsoleAfterReady":false,"outputJSON":false,"buffer":true,"appLogName":"lab-manager-server-web.log","coreLogName":"egg-web.log","agentLogName":"egg-agent.log","errorLogName":"common-error.log","coreLogger":{"consoleLevel":"WARN"},"allowDebugAtProd":false,"enablePerformanceTimer":false,"enableFastContextLogger":false,"type":"application","localStorage":{}}
2026-05-30 10:04:04,825 INFO 29551 [egg-multipart] stream mode enable
2026-05-30 10:04:05,142 INFO 29551 [egg-static] starting static serve /public/ -> /home/gandiantx/lab-manager/server/app/public
2026-05-30 10:04:05,144 INFO 29551 [egg-security] use methodnoallow middleware
2026-05-30 10:04:05,144 INFO 29551 [egg-security] use noopen middleware
2026-05-30 10:04:05,144 INFO 29551 [egg-security] use nosniff middleware
2026-05-30 10:04:05,145 INFO 29551 [egg-security] use xssProtection middleware
2026-05-30 10:04:05,145 INFO 29551 [egg-security] use xframe middleware
2026-05-30 10:04:05,145 INFO 29551 [egg-security] use dta middleware
2026-05-30 10:04:05,145 INFO 29551 [egg-security] compose 6 middlewares into one security middleware
2026-05-30 10:04:05,157 INFO 29551 [egg:core] dump config after load, 6ms
2026-05-30 10:04:05,191 INFO 29551 [egg-watcher:application] watcher start success
2026-05-30 10:04:05,449 INFO 29551 egg start timeline:
▇▇▇▇▇▇▇▇▇▇▇▇▇▇▇▇▇▇ [427ms] - #0 Process Start
                  ▇▇▇▇▇▇▇▇▇▇▇▇▇▇▇▇▇▇▇▇▇▇▇▇▇▇▇▇▇▇ [690ms] - #1 Application Start
                   ▇ [6ms] - #2 Load Plugin
                   ▇ [11ms] - #3 Load Config
                   ▇ [0ms] - #4 Require(0) config/config.default.js
                   ▇ [0ms] - #5 Require(1) node_modules/egg-session/config/config.default.js
                   ▇ [0ms] - #6 Require(2) node_modules/egg-security/config/config.default.js
                   ▇ [0ms] - #7 Require(3) node_modules/egg-jsonp/config/config.default.js
                   ▇ [0ms] - #8 Require(4) node_modules/egg-onerror/config/config.default.js
                   ▇ [1ms] - #9 Require(5) node_modules/egg-i18n/config/config.default.js
                   ▇ [0ms] - #10 Require(6) node_modules/egg-watcher/config/config.default.js
                   ▇ [0ms] - #11 Require(7) node_modules/egg-schedule/config/config.default.js
                   ▇ [0ms] - #12 Require(8) node_modules/egg-multipart/config/config.default.js
                   ▇ [0ms] - #13 Require(9) node_modules/egg-development/config/config.default.js
                   ▇ [0ms] - #14 Require(10) node_modules/egg-logrotator/config/config.default.js
                   ▇ [0ms] - #15 Require(11) node_modules/egg-static/config/config.default.js
                   ▇ [0ms] - #16 Require(12) node_modules/egg-view/config/config.default.js
                   ▇ [0ms] - #17 Require(13) node_modules/egg-sequelize/config/config.default.js
                   ▇ [0ms] - #18 Require(14) node_modules/egg-validate/config/config.default.js
                   ▇ [0ms] - #19 Require(15) node_modules/egg-cors/config/config.default.js
                   ▇ [1ms] - #20 Require(16) node_modules/egg/config/config.default.js
                   ▇ [0ms] - #21 Require(17) config/config.default.js
                   ▇ [0ms] - #22 Require(18) node_modules/egg-security/config/config.local.js
                   ▇ [0ms] - #23 Require(19) node_modules/egg-watcher/config/config.local.js
                   ▇ [1ms] - #24 Require(20) node_modules/egg-view/config/config.local.js
                   ▇ [0ms] - #25 Require(21) node_modules/egg/config/config.local.js
                   ▇ [7ms] - #26 Load extend/application.js
                   ▇ [0ms] - #27 Require(22) node_modules/egg-session/app/extend/application.js
                   ▇ [0ms] - #28 Require(23) node_modules/egg-security/app/extend/application.js
                   ▇ [2ms] - #29 Require(24) node_modules/egg-jsonp/app/extend/application.js
                    ▇ [1ms] - #30 Require(25) node_modules/egg-schedule/app/extend/application.js
                    ▇ [0ms] - #31 Require(26) node_modules/egg-logrotator/app/extend/application.js
                    ▇ [1ms] - #32 Require(27) node_modules/egg-view/app/extend/application.js
                    ▇ [2ms] - #33 Load extend/request.js
                    ▇ [0ms] - #34 Require(28) node_modules/egg/app/extend/request.js
                    ▇ [2ms] - #35 Load extend/response.js
                    ▇ [0ms] - #36 Require(29) node_modules/egg/app/extend/response.js
                    ▇ [19ms] - #37 Load extend/context.js
                    ▇ [4ms] - #38 Require(30) node_modules/egg-security/app/extend/context.js
                    ▇ [1ms] - #39 Require(31) node_modules/egg-jsonp/app/extend/context.js
                    ▇ [0ms] - #40 Require(32) node_modules/egg-i18n/app/extend/context.js
                    ▇ [7ms] - #41 Require(33) node_modules/egg-multipart/app/extend/context.js
                     ▇ [0ms] - #42 Require(34) node_modules/egg-view/app/extend/context.js
                     ▇ [1ms] - #43 Require(35) node_modules/egg-validate/app/extend/context.js
                     ▇ [1ms] - #44 Require(36) node_modules/egg/app/extend/context.js
                     ▇ [1ms] - #45 Require(37) app/extend/context.js
                     ▇ [9ms] - #46 Load extend/helper.js
                     ▇ [8ms] - #47 Require(38) node_modules/egg-security/app/extend/helper.js
                     ▇ [1ms] - #48 Require(39) node_modules/egg/app/extend/helper.js
                     ▇ [15ms] - #49 Load app.js
                     ▇ [0ms] - #50 Require(40) node_modules/egg-session/app.js
                     ▇ [1ms] - #51 Require(41) node_modules/egg-security/app.js
                     ▇ [3ms] - #52 Require(42) node_modules/egg-onerror/app.js
                     ▇ [4ms] - #53 Require(43) node_modules/egg-i18n/app.js
                      ▇ [3ms] - #54 Require(44) node_modules/egg-watcher/app.js
                      ▇ [0ms] - #55 Require(45) node_modules/egg-schedule/app.js
                      ▇ [1ms] - #56 Require(46) node_modules/egg-multipart/app.js
                      ▇ [0ms] - #57 Require(47) node_modules/egg-development/app.js
                      ▇ [0ms] - #58 Require(48) node_modules/egg-logrotator/app.js
                      ▇ [0ms] - #59 Require(49) node_modules/egg-static/app.js
                      ▇ [0ms] - #60 Require(50) node_modules/egg-sequelize/app.js
                      ▇ [1ms] - #61 Require(51) node_modules/egg-validate/app.js
                      ▇ [0ms] - #62 Require(52) node_modules/egg-cors/app.js
                      ▇ [0ms] - #63 Require(53) app.js
                      ▇▇▇▇▇▇▇▇▇▇▇▇▇▇▇ [361ms] - #64 Before Start in node_modules/egg-watcher/lib/init.js:15:14
                                ▇ [13ms] - #65 Load "Symbol(model)" to Application
                                 ▇▇▇▇▇ [126ms] - #66 Before Start in node_modules/egg-sequelize/lib/loader.js:39:7
                                 ▇▇▇▇▇▇▇▇▇▇▇▇▇▇▇ [357ms] - #67 Before Start in app.js:4:7
                                 ▇ [32ms] - #68 Load Service
                                 ▇ [32ms] - #69 Load "service" to Context
                                  ▇ [38ms] - #70 Load Middleware
                                  ▇ [33ms] - #71 Load "middlewares" to Application
                                    ▇ [3ms] - #72 Load Controller
                                    ▇ [3ms] - #73 Load "controller" to Application
                                    ▇ [2ms] - #74 Load Router
                                    ▇ [0ms] - #75 Require(54) app/router.js
                                    ▇ [15ms] - #76 Before Start in node_modules/egg-core/lib/egg.js:328:10
2026-05-30 10:04:05,449 INFO 29551 [egg:core] dump config after ready, 11ms
2026-05-30 10:04:14,084 INFO 29601 [egg:logger] init all loggers with options: {"dir":"/home/gandiantx/lab-manager/server/logs/lab-manager-server","encoding":"utf8","env":"local","level":"INFO","consoleLevel":"INFO","disableConsoleAfterReady":false,"outputJSON":false,"buffer":true,"appLogName":"lab-manager-server-web.log","coreLogName":"egg-web.log","agentLogName":"egg-agent.log","errorLogName":"common-error.log","coreLogger":{"consoleLevel":"WARN"},"allowDebugAtProd":false,"enablePerformanceTimer":false,"enableFastContextLogger":false,"type":"application","localStorage":{}}
2026-05-30 10:04:14,084 INFO 29601 [egg-multipart] stream mode enable
2026-05-30 10:04:14,411 INFO 29601 [egg-static] starting static serve /public/ -> /home/gandiantx/lab-manager/server/app/public
2026-05-30 10:04:14,413 INFO 29601 [egg-security] use methodnoallow middleware
2026-05-30 10:04:14,413 INFO 29601 [egg-security] use noopen middleware
2026-05-30 10:04:14,414 INFO 29601 [egg-security] use nosniff middleware
2026-05-30 10:04:14,414 INFO 29601 [egg-security] use xssProtection middleware
2026-05-30 10:04:14,414 INFO 29601 [egg-security] use xframe middleware
2026-05-30 10:04:14,414 INFO 29601 [egg-security] use dta middleware
2026-05-30 10:04:14,414 INFO 29601 [egg-security] compose 6 middlewares into one security middleware
2026-05-30 10:04:14,426 INFO 29601 [egg:core] dump config after load, 6ms
2026-05-30 10:04:14,452 INFO 29601 [egg-watcher:application] watcher start success
2026-05-30 10:04:14,731 INFO 29601 egg start timeline:
▇▇▇▇▇▇▇▇▇▇▇▇▇▇▇▇▇▇ [444ms] - #0 Process Start
                  ▇▇▇▇▇▇▇▇▇▇▇▇▇▇▇▇▇▇▇▇▇▇▇▇▇▇▇▇▇▇ [713ms] - #1 Application Start
                   ▇ [5ms] - #2 Load Plugin
                   ▇ [10ms] - #3 Load Config
                   ▇ [0ms] - #4 Require(0) config/config.default.js
                   ▇ [0ms] - #5 Require(1) node_modules/egg-session/config/config.default.js
                   ▇ [1ms] - #6 Require(2) node_modules/egg-security/config/config.default.js
                   ▇ [0ms] - #7 Require(3) node_modules/egg-jsonp/config/config.default.js
                   ▇ [1ms] - #8 Require(4) node_modules/egg-onerror/config/config.default.js
                   ▇ [0ms] - #9 Require(5) node_modules/egg-i18n/config/config.default.js
                   ▇ [0ms] - #10 Require(6) node_modules/egg-watcher/config/config.default.js
                   ▇ [0ms] - #11 Require(7) node_modules/egg-schedule/config/config.default.js
                   ▇ [0ms] - #12 Require(8) node_modules/egg-multipart/config/config.default.js
                   ▇ [1ms] - #13 Require(9) node_modules/egg-development/config/config.default.js
                   ▇ [0ms] - #14 Require(10) node_modules/egg-logrotator/config/config.default.js
                   ▇ [0ms] - #15 Require(11) node_modules/egg-static/config/config.default.js
                   ▇ [1ms] - #16 Require(12) node_modules/egg-view/config/config.default.js
                   ▇ [0ms] - #17 Require(13) node_modules/egg-sequelize/config/config.default.js
                   ▇ [0ms] - #18 Require(14) node_modules/egg-validate/config/config.default.js
                   ▇ [0ms] - #19 Require(15) node_modules/egg-cors/config/config.default.js
                   ▇ [0ms] - #20 Require(16) node_modules/egg/config/config.default.js
                   ▇ [0ms] - #21 Require(17) config/config.default.js
                   ▇ [1ms] - #22 Require(18) node_modules/egg-security/config/config.local.js
                   ▇ [0ms] - #23 Require(19) node_modules/egg-watcher/config/config.local.js
                   ▇ [0ms] - #24 Require(20) node_modules/egg-view/config/config.local.js
                   ▇ [0ms] - #25 Require(21) node_modules/egg/config/config.local.js
                   ▇ [6ms] - #26 Load extend/application.js
                   ▇ [0ms] - #27 Require(22) node_modules/egg-session/app/extend/application.js
                   ▇ [1ms] - #28 Require(23) node_modules/egg-security/app/extend/application.js
                    ▇ [1ms] - #29 Require(24) node_modules/egg-jsonp/app/extend/application.js
                    ▇ [2ms] - #30 Require(25) node_modules/egg-schedule/app/extend/application.js
                    ▇ [0ms] - #31 Require(26) node_modules/egg-logrotator/app/extend/application.js
                    ▇ [0ms] - #32 Require(27) node_modules/egg-view/app/extend/application.js
                    ▇ [2ms] - #33 Load extend/request.js
                    ▇ [0ms] - #34 Require(28) node_modules/egg/app/extend/request.js
                    ▇ [2ms] - #35 Load extend/response.js
                    ▇ [0ms] - #36 Require(29) node_modules/egg/app/extend/response.js
                    ▇ [16ms] - #37 Load extend/context.js
                    ▇ [4ms] - #38 Require(30) node_modules/egg-security/app/extend/context.js
                    ▇ [1ms] - #39 Require(31) node_modules/egg-jsonp/app/extend/context.js
                    ▇ [0ms] - #40 Require(32) node_modules/egg-i18n/app/extend/context.js
                    ▇ [7ms] - #41 Require(33) node_modules/egg-multipart/app/extend/context.js
                    ▇ [0ms] - #42 Require(34) node_modules/egg-view/app/extend/context.js
                     ▇ [0ms] - #43 Require(35) node_modules/egg-validate/app/extend/context.js
                     ▇ [1ms] - #44 Require(36) node_modules/egg/app/extend/context.js
                     ▇ [0ms] - #45 Require(37) app/extend/context.js
                     ▇ [9ms] - #46 Load extend/helper.js
                     ▇ [7ms] - #47 Require(38) node_modules/egg-security/app/extend/helper.js
                     ▇ [0ms] - #48 Require(39) node_modules/egg/app/extend/helper.js
                     ▇ [16ms] - #49 Load app.js
                     ▇ [0ms] - #50 Require(40) node_modules/egg-session/app.js
                     ▇ [0ms] - #51 Require(41) node_modules/egg-security/app.js
                     ▇ [5ms] - #52 Require(42) node_modules/egg-onerror/app.js
                     ▇ [4ms] - #53 Require(43) node_modules/egg-i18n/app.js
                     ▇ [3ms] - #54 Require(44) node_modules/egg-watcher/app.js
                      ▇ [0ms] - #55 Require(45) node_modules/egg-schedule/app.js
                      ▇ [1ms] - #56 Require(46) node_modules/egg-multipart/app.js
                      ▇ [0ms] - #57 Require(47) node_modules/egg-development/app.js
                      ▇ [0ms] - #58 Require(48) node_modules/egg-logrotator/app.js
                      ▇ [0ms] - #59 Require(49) node_modules/egg-static/app.js
                      ▇ [0ms] - #60 Require(50) node_modules/egg-sequelize/app.js
                      ▇ [1ms] - #61 Require(51) node_modules/egg-validate/app.js
                      ▇ [0ms] - #62 Require(52) node_modules/egg-cors/app.js
                      ▇ [0ms] - #63 Require(53) app.js
                      ▇▇▇▇▇▇▇▇▇▇▇▇▇▇▇ [363ms] - #64 Before Start in node_modules/egg-watcher/lib/init.js:15:14
                                ▇ [12ms] - #65 Load "Symbol(model)" to Application
                                 ▇▇▇▇▇ [131ms] - #66 Before Start in node_modules/egg-sequelize/lib/loader.js:39:7
                                 ▇▇▇▇▇▇▇▇▇▇▇▇▇▇▇▇ [381ms] - #67 Before Start in app.js:4:7
                                 ▇ [32ms] - #68 Load Service
                                 ▇ [32ms] - #69 Load "service" to Context
                                  ▇▇ [49ms] - #70 Load Middleware
                                  ▇ [44ms] - #71 Load "middlewares" to Application
                                    ▇ [3ms] - #72 Load Controller
                                    ▇ [2ms] - #73 Load "controller" to Application
                                    ▇ [2ms] - #74 Load Router
                                    ▇ [0ms] - #75 Require(54) app/router.js
                                    ▇ [15ms] - #76 Before Start in node_modules/egg-core/lib/egg.js:328:10
2026-05-30 10:04:14,732 INFO 29601 [egg:core] dump config after ready, 11ms
2026-05-30 10:04:17,721 INFO 29649 [egg:logger] init all loggers with options: {"dir":"/home/gandiantx/lab-manager/server/logs/lab-manager-server","encoding":"utf8","env":"local","level":"INFO","consoleLevel":"INFO","disableConsoleAfterReady":false,"outputJSON":false,"buffer":true,"appLogName":"lab-manager-server-web.log","coreLogName":"egg-web.log","agentLogName":"egg-agent.log","errorLogName":"common-error.log","coreLogger":{"consoleLevel":"WARN"},"allowDebugAtProd":false,"enablePerformanceTimer":false,"enableFastContextLogger":false,"type":"application","localStorage":{}}
2026-05-30 10:04:17,721 INFO 29649 [egg-multipart] stream mode enable
2026-05-30 10:04:18,046 INFO 29649 [egg-static] starting static serve /public/ -> /home/gandiantx/lab-manager/server/app/public
2026-05-30 10:04:18,048 INFO 29649 [egg-security] use methodnoallow middleware
2026-05-30 10:04:18,048 INFO 29649 [egg-security] use noopen middleware
2026-05-30 10:04:18,049 INFO 29649 [egg-security] use nosniff middleware
2026-05-30 10:04:18,049 INFO 29649 [egg-security] use xssProtection middleware
2026-05-30 10:04:18,049 INFO 29649 [egg-security] use xframe middleware
2026-05-30 10:04:18,050 INFO 29649 [egg-security] use dta middleware
2026-05-30 10:04:18,050 INFO 29649 [egg-security] compose 6 middlewares into one security middleware
2026-05-30 10:04:18,061 INFO 29649 [egg:core] dump config after load, 5ms
2026-05-30 10:04:18,089 INFO 29649 [egg-watcher:application] watcher start success
2026-05-30 10:04:18,357 INFO 29649 egg start timeline:
▇▇▇▇▇▇▇▇▇▇▇▇▇▇▇▇▇▇ [428ms] - #0 Process Start
                  ▇▇▇▇▇▇▇▇▇▇▇▇▇▇▇▇▇▇▇▇▇▇▇▇▇▇▇▇▇▇ [703ms] - #1 Application Start
                   ▇ [6ms] - #2 Load Plugin
                   ▇ [11ms] - #3 Load Config
                   ▇ [0ms] - #4 Require(0) config/config.default.js
                   ▇ [0ms] - #5 Require(1) node_modules/egg-session/config/config.default.js
                   ▇ [1ms] - #6 Require(2) node_modules/egg-security/config/config.default.js
                   ▇ [0ms] - #7 Require(3) node_modules/egg-jsonp/config/config.default.js
                   ▇ [1ms] - #8 Require(4) node_modules/egg-onerror/config/config.default.js
                   ▇ [0ms] - #9 Require(5) node_modules/egg-i18n/config/config.default.js
                   ▇ [0ms] - #10 Require(6) node_modules/egg-watcher/config/config.default.js
                   ▇ [1ms] - #11 Require(7) node_modules/egg-schedule/config/config.default.js
                   ▇ [0ms] - #12 Require(8) node_modules/egg-multipart/config/config.default.js
                   ▇ [1ms] - #13 Require(9) node_modules/egg-development/config/config.default.js
                   ▇ [0ms] - #14 Require(10) node_modules/egg-logrotator/config/config.default.js
                   ▇ [0ms] - #15 Require(11) node_modules/egg-static/config/config.default.js
                   ▇ [1ms] - #16 Require(12) node_modules/egg-view/config/config.default.js
                   ▇ [0ms] - #17 Require(13) node_modules/egg-sequelize/config/config.default.js
                   ▇ [0ms] - #18 Require(14) node_modules/egg-validate/config/config.default.js
                   ▇ [0ms] - #19 Require(15) node_modules/egg-cors/config/config.default.js
                   ▇ [0ms] - #20 Require(16) node_modules/egg/config/config.default.js
                   ▇ [0ms] - #21 Require(17) config/config.default.js
                   ▇ [1ms] - #22 Require(18) node_modules/egg-security/config/config.local.js
                   ▇ [0ms] - #23 Require(19) node_modules/egg-watcher/config/config.local.js
                   ▇ [0ms] - #24 Require(20) node_modules/egg-view/config/config.local.js
                   ▇ [0ms] - #25 Require(21) node_modules/egg/config/config.local.js
                   ▇ [6ms] - #26 Load extend/application.js
                   ▇ [0ms] - #27 Require(22) node_modules/egg-session/app/extend/application.js
                   ▇ [1ms] - #28 Require(23) node_modules/egg-security/app/extend/application.js
                   ▇ [1ms] - #29 Require(24) node_modules/egg-jsonp/app/extend/application.js
                   ▇ [1ms] - #30 Require(25) node_modules/egg-schedule/app/extend/application.js
                    ▇ [0ms] - #31 Require(26) node_modules/egg-logrotator/app/extend/application.js
                    ▇ [1ms] - #32 Require(27) node_modules/egg-view/app/extend/application.js
                    ▇ [2ms] - #33 Load extend/request.js
                    ▇ [0ms] - #34 Require(28) node_modules/egg/app/extend/request.js
                    ▇ [2ms] - #35 Load extend/response.js
                    ▇ [0ms] - #36 Require(29) node_modules/egg/app/extend/response.js
                    ▇ [17ms] - #37 Load extend/context.js
                    ▇ [4ms] - #38 Require(30) node_modules/egg-security/app/extend/context.js
                    ▇ [1ms] - #39 Require(31) node_modules/egg-jsonp/app/extend/context.js
                    ▇ [0ms] - #40 Require(32) node_modules/egg-i18n/app/extend/context.js
                    ▇ [8ms] - #41 Require(33) node_modules/egg-multipart/app/extend/context.js
                    ▇ [1ms] - #42 Require(34) node_modules/egg-view/app/extend/context.js
                    ▇ [0ms] - #43 Require(35) node_modules/egg-validate/app/extend/context.js
                    ▇ [1ms] - #44 Require(36) node_modules/egg/app/extend/context.js
                    ▇ [0ms] - #45 Require(37) app/extend/context.js
                     ▇ [9ms] - #46 Load extend/helper.js
                     ▇ [7ms] - #47 Require(38) node_modules/egg-security/app/extend/helper.js
                     ▇ [0ms] - #48 Require(39) node_modules/egg/app/extend/helper.js
                     ▇ [15ms] - #49 Load app.js
                     ▇ [0ms] - #50 Require(40) node_modules/egg-session/app.js
                     ▇ [0ms] - #51 Require(41) node_modules/egg-security/app.js
                     ▇ [4ms] - #52 Require(42) node_modules/egg-onerror/app.js
                     ▇ [4ms] - #53 Require(43) node_modules/egg-i18n/app.js
                     ▇ [3ms] - #54 Require(44) node_modules/egg-watcher/app.js
                     ▇ [0ms] - #55 Require(45) node_modules/egg-schedule/app.js
                     ▇ [1ms] - #56 Require(46) node_modules/egg-multipart/app.js
                      ▇ [0ms] - #57 Require(47) node_modules/egg-development/app.js
                      ▇ [0ms] - #58 Require(48) node_modules/egg-logrotator/app.js
                      ▇ [0ms] - #59 Require(49) node_modules/egg-static/app.js
                      ▇ [1ms] - #60 Require(50) node_modules/egg-sequelize/app.js
                      ▇ [0ms] - #61 Require(51) node_modules/egg-validate/app.js
                      ▇ [0ms] - #62 Require(52) node_modules/egg-cors/app.js
                      ▇ [0ms] - #63 Require(53) app.js
                      ▇▇▇▇▇▇▇▇▇▇▇▇▇▇▇ [363ms] - #64 Before Start in node_modules/egg-watcher/lib/init.js:15:14
                                ▇ [12ms] - #65 Load "Symbol(model)" to Application
                                 ▇▇▇▇▇ [129ms] - #66 Before Start in node_modules/egg-sequelize/lib/loader.js:39:7
                                 ▇▇▇▇▇▇▇▇▇▇▇▇▇▇▇▇ [369ms] - #67 Before Start in app.js:4:7
                                 ▇ [40ms] - #68 Load Service
                                 ▇ [40ms] - #69 Load "service" to Context
                                  ▇ [38ms] - #70 Load Middleware
                                  ▇ [32ms] - #71 Load "middlewares" to Application
                                    ▇ [2ms] - #72 Load Controller
                                    ▇ [2ms] - #73 Load "controller" to Application
                                    ▇ [3ms] - #74 Load Router
                                    ▇ [0ms] - #75 Require(54) app/router.js
                                    ▇ [14ms] - #76 Before Start in node_modules/egg-core/lib/egg.js:328:10
2026-05-30 10:04:18,357 INFO 29649 [egg:core] dump config after ready, 9ms
2026-05-30 10:04:38,330 INFO 29715 [egg:logger] init all loggers with options: {"dir":"/home/gandiantx/lab-manager/server/logs/lab-manager-server","encoding":"utf8","env":"local","level":"INFO","consoleLevel":"INFO","disableConsoleAfterReady":false,"outputJSON":false,"buffer":true,"appLogName":"lab-manager-server-web.log","coreLogName":"egg-web.log","agentLogName":"egg-agent.log","errorLogName":"common-error.log","coreLogger":{"consoleLevel":"WARN"},"allowDebugAtProd":false,"enablePerformanceTimer":false,"enableFastContextLogger":false,"type":"application","localStorage":{}}
2026-05-30 10:04:38,330 INFO 29715 [egg-multipart] stream mode enable
2026-05-30 10:04:38,657 INFO 29715 [egg-static] starting static serve /public/ -> /home/gandiantx/lab-manager/server/app/public
2026-05-30 10:04:38,659 INFO 29715 [egg-security] use methodnoallow middleware
2026-05-30 10:04:38,660 INFO 29715 [egg-security] use noopen middleware
2026-05-30 10:04:38,660 INFO 29715 [egg-security] use nosniff middleware
2026-05-30 10:04:38,660 INFO 29715 [egg-security] use xssProtection middleware
2026-05-30 10:04:38,661 INFO 29715 [egg-security] use xframe middleware
2026-05-30 10:04:38,661 INFO 29715 [egg-security] use dta middleware
2026-05-30 10:04:38,661 INFO 29715 [egg-security] compose 6 middlewares into one security middleware
2026-05-30 10:04:38,673 INFO 29715 [egg:core] dump config after load, 6ms
2026-05-30 10:04:38,708 INFO 29715 [egg-watcher:application] watcher start success
2026-05-30 10:04:38,985 INFO 29715 egg start timeline:
▇▇▇▇▇▇▇▇▇▇▇▇▇▇▇▇▇▇ [426ms] - #0 Process Start
                  ▇▇▇▇▇▇▇▇▇▇▇▇▇▇▇▇▇▇▇▇▇▇▇▇▇▇▇▇▇▇▇ [729ms] - #1 Application Start
                  ▇ [6ms] - #2 Load Plugin
                  ▇ [11ms] - #3 Load Config
                  ▇ [0ms] - #4 Require(0) config/config.default.js
                   ▇ [0ms] - #5 Require(1) node_modules/egg-session/config/config.default.js
                   ▇ [0ms] - #6 Require(2) node_modules/egg-security/config/config.default.js
                   ▇ [0ms] - #7 Require(3) node_modules/egg-jsonp/config/config.default.js
                   ▇ [0ms] - #8 Require(4) node_modules/egg-onerror/config/config.default.js
                   ▇ [0ms] - #9 Require(5) node_modules/egg-i18n/config/config.default.js
                   ▇ [0ms] - #10 Require(6) node_modules/egg-watcher/config/config.default.js
                   ▇ [0ms] - #11 Require(7) node_modules/egg-schedule/config/config.default.js
                   ▇ [1ms] - #12 Require(8) node_modules/egg-multipart/config/config.default.js
                   ▇ [0ms] - #13 Require(9) node_modules/egg-development/config/config.default.js
                   ▇ [0ms] - #14 Require(10) node_modules/egg-logrotator/config/config.default.js
                   ▇ [0ms] - #15 Require(11) node_modules/egg-static/config/config.default.js
                   ▇ [0ms] - #16 Require(12) node_modules/egg-view/config/config.default.js
                   ▇ [0ms] - #17 Require(13) node_modules/egg-sequelize/config/config.default.js
                   ▇ [0ms] - #18 Require(14) node_modules/egg-validate/config/config.default.js
                   ▇ [0ms] - #19 Require(15) node_modules/egg-cors/config/config.default.js
                   ▇ [0ms] - #20 Require(16) node_modules/egg/config/config.default.js
                   ▇ [0ms] - #21 Require(17) config/config.default.js
                   ▇ [0ms] - #22 Require(18) node_modules/egg-security/config/config.local.js
                   ▇ [0ms] - #23 Require(19) node_modules/egg-watcher/config/config.local.js
                   ▇ [0ms] - #24 Require(20) node_modules/egg-view/config/config.local.js
                   ▇ [0ms] - #25 Require(21) node_modules/egg/config/config.local.js
                   ▇ [6ms] - #26 Load extend/application.js
                   ▇ [0ms] - #27 Require(22) node_modules/egg-session/app/extend/application.js
                   ▇ [1ms] - #28 Require(23) node_modules/egg-security/app/extend/application.js
                   ▇ [1ms] - #29 Require(24) node_modules/egg-jsonp/app/extend/application.js
                   ▇ [2ms] - #30 Require(25) node_modules/egg-schedule/app/extend/application.js
                   ▇ [0ms] - #31 Require(26) node_modules/egg-logrotator/app/extend/application.js
                   ▇ [1ms] - #32 Require(27) node_modules/egg-view/app/extend/application.js
                   ▇ [2ms] - #33 Load extend/request.js
                   ▇ [0ms] - #34 Require(28) node_modules/egg/app/extend/request.js
                   ▇ [2ms] - #35 Load extend/response.js
                   ▇ [0ms] - #36 Require(29) node_modules/egg/app/extend/response.js
                   ▇ [18ms] - #37 Load extend/context.js
                   ▇ [5ms] - #38 Require(30) node_modules/egg-security/app/extend/context.js
                    ▇ [0ms] - #39 Require(31) node_modules/egg-jsonp/app/extend/context.js
                    ▇ [1ms] - #40 Require(32) node_modules/egg-i18n/app/extend/context.js
                    ▇ [7ms] - #41 Require(33) node_modules/egg-multipart/app/extend/context.js
                    ▇ [3ms] - #42 Require(34) node_modules/egg-view/app/extend/context.js
                    ▇ [0ms] - #43 Require(35) node_modules/egg-validate/app/extend/context.js
                    ▇ [1ms] - #44 Require(36) node_modules/egg/app/extend/context.js
                    ▇ [0ms] - #45 Require(37) app/extend/context.js
                    ▇ [9ms] - #46 Load extend/helper.js
                    ▇ [7ms] - #47 Require(38) node_modules/egg-security/app/extend/helper.js
                    ▇ [0ms] - #48 Require(39) node_modules/egg/app/extend/helper.js
                     ▇ [16ms] - #49 Load app.js
                     ▇ [1ms] - #50 Require(40) node_modules/egg-session/app.js
                     ▇ [0ms] - #51 Require(41) node_modules/egg-security/app.js
                     ▇ [4ms] - #52 Require(42) node_modules/egg-onerror/app.js
                     ▇ [4ms] - #53 Require(43) node_modules/egg-i18n/app.js
                     ▇ [3ms] - #54 Require(44) node_modules/egg-watcher/app.js
                     ▇ [0ms] - #55 Require(45) node_modules/egg-schedule/app.js
                     ▇ [1ms] - #56 Require(46) node_modules/egg-multipart/app.js
                     ▇ [0ms] - #57 Require(47) node_modules/egg-development/app.js
                     ▇ [0ms] - #58 Require(48) node_modules/egg-logrotator/app.js
                     ▇ [1ms] - #59 Require(49) node_modules/egg-static/app.js
                     ▇ [0ms] - #60 Require(50) node_modules/egg-sequelize/app.js
                     ▇ [1ms] - #61 Require(51) node_modules/egg-validate/app.js
                     ▇ [0ms] - #62 Require(52) node_modules/egg-cors/app.js
                     ▇ [0ms] - #63 Require(53) app.js
                      ▇▇▇▇▇▇▇▇▇▇▇▇▇▇▇▇ [374ms] - #64 Before Start in node_modules/egg-watcher/lib/init.js:15:14
                                ▇ [14ms] - #65 Load "Symbol(model)" to Application
                                 ▇▇▇▇▇ [130ms] - #66 Before Start in node_modules/egg-sequelize/lib/loader.js:39:7
                                 ▇▇▇▇▇▇▇▇▇▇▇▇▇▇▇▇ [387ms] - #67 Before Start in app.js:4:7
                                 ▇ [32ms] - #68 Load Service
                                 ▇ [32ms] - #69 Load "service" to Context
                                  ▇ [40ms] - #70 Load Middleware
                                  ▇ [35ms] - #71 Load "middlewares" to Application
                                    ▇ [2ms] - #72 Load Controller
                                    ▇ [2ms] - #73 Load "controller" to Application
                                    ▇ [3ms] - #74 Load Router
                                    ▇ [1ms] - #75 Require(54) app/router.js
                                    ▇ [16ms] - #76 Before Start in node_modules/egg-core/lib/egg.js:328:10
2026-05-30 10:04:38,986 INFO 29715 [egg:core] dump config after ready, 6ms
2026-05-30 10:04:49,947 INFO 29770 [egg:logger] init all loggers with options: {"dir":"/home/gandiantx/lab-manager/server/logs/lab-manager-server","encoding":"utf8","env":"local","level":"INFO","consoleLevel":"INFO","disableConsoleAfterReady":false,"outputJSON":false,"buffer":true,"appLogName":"lab-manager-server-web.log","coreLogName":"egg-web.log","agentLogName":"egg-agent.log","errorLogName":"common-error.log","coreLogger":{"consoleLevel":"WARN"},"allowDebugAtProd":false,"enablePerformanceTimer":false,"enableFastContextLogger":false,"type":"application","localStorage":{}}
2026-05-30 10:04:49,947 INFO 29770 [egg-multipart] stream mode enable
2026-05-30 10:04:50,272 INFO 29770 [egg-static] starting static serve /public/ -> /home/gandiantx/lab-manager/server/app/public
2026-05-30 10:04:50,274 INFO 29770 [egg-security] use methodnoallow middleware
2026-05-30 10:04:50,275 INFO 29770 [egg-security] use noopen middleware
2026-05-30 10:04:50,275 INFO 29770 [egg-security] use nosniff middleware
2026-05-30 10:04:50,275 INFO 29770 [egg-security] use xssProtection middleware
2026-05-30 10:04:50,276 INFO 29770 [egg-security] use xframe middleware
2026-05-30 10:04:50,276 INFO 29770 [egg-security] use dta middleware
2026-05-30 10:04:50,276 INFO 29770 [egg-security] compose 6 middlewares into one security middleware
2026-05-30 10:04:50,290 INFO 29770 [egg:core] dump config after load, 8ms
2026-05-30 10:04:50,318 INFO 29770 [egg-watcher:application] watcher start success
2026-05-30 10:04:50,580 INFO 29770 egg start timeline:
▇▇▇▇▇▇▇▇▇▇▇▇▇▇▇▇▇▇ [431ms] - #0 Process Start
                  ▇▇▇▇▇▇▇▇▇▇▇▇▇▇▇▇▇▇▇▇▇▇▇▇▇▇▇▇▇▇ [705ms] - #1 Application Start
                   ▇ [6ms] - #2 Load Plugin
                   ▇ [11ms] - #3 Load Config
                   ▇ [0ms] - #4 Require(0) config/config.default.js
                   ▇ [0ms] - #5 Require(1) node_modules/egg-session/config/config.default.js
                   ▇ [0ms] - #6 Require(2) node_modules/egg-security/config/config.default.js
                   ▇ [0ms] - #7 Require(3) node_modules/egg-jsonp/config/config.default.js
                   ▇ [0ms] - #8 Require(4) node_modules/egg-onerror/config/config.default.js
                   ▇ [1ms] - #9 Require(5) node_modules/egg-i18n/config/config.default.js
                   ▇ [0ms] - #10 Require(6) node_modules/egg-watcher/config/config.default.js
                   ▇ [0ms] - #11 Require(7) node_modules/egg-schedule/config/config.default.js
                   ▇ [0ms] - #12 Require(8) node_modules/egg-multipart/config/config.default.js
                   ▇ [0ms] - #13 Require(9) node_modules/egg-development/config/config.default.js
                   ▇ [1ms] - #14 Require(10) node_modules/egg-logrotator/config/config.default.js
                   ▇ [0ms] - #15 Require(11) node_modules/egg-static/config/config.default.js
                   ▇ [0ms] - #16 Require(12) node_modules/egg-view/config/config.default.js
                   ▇ [1ms] - #17 Require(13) node_modules/egg-sequelize/config/config.default.js
                   ▇ [0ms] - #18 Require(14) node_modules/egg-validate/config/config.default.js
                   ▇ [0ms] - #19 Require(15) node_modules/egg-cors/config/config.default.js
                   ▇ [1ms] - #20 Require(16) node_modules/egg/config/config.default.js
                   ▇ [0ms] - #21 Require(17) config/config.default.js
                   ▇ [0ms] - #22 Require(18) node_modules/egg-security/config/config.local.js
                   ▇ [0ms] - #23 Require(19) node_modules/egg-watcher/config/config.local.js
                   ▇ [0ms] - #24 Require(20) node_modules/egg-view/config/config.local.js
                   ▇ [0ms] - #25 Require(21) node_modules/egg/config/config.local.js
                   ▇ [6ms] - #26 Load extend/application.js
                   ▇ [0ms] - #27 Require(22) node_modules/egg-session/app/extend/application.js
                   ▇ [0ms] - #28 Require(23) node_modules/egg-security/app/extend/application.js
                   ▇ [2ms] - #29 Require(24) node_modules/egg-jsonp/app/extend/application.js
                    ▇ [1ms] - #30 Require(25) node_modules/egg-schedule/app/extend/application.js
                    ▇ [1ms] - #31 Require(26) node_modules/egg-logrotator/app/extend/application.js
                    ▇ [0ms] - #32 Require(27) node_modules/egg-view/app/extend/application.js
                    ▇ [2ms] - #33 Load extend/request.js
                    ▇ [0ms] - #34 Require(28) node_modules/egg/app/extend/request.js
                    ▇ [2ms] - #35 Load extend/response.js
                    ▇ [0ms] - #36 Require(29) node_modules/egg/app/extend/response.js
                    ▇ [16ms] - #37 Load extend/context.js
                    ▇ [4ms] - #38 Require(30) node_modules/egg-security/app/extend/context.js
                    ▇ [0ms] - #39 Require(31) node_modules/egg-jsonp/app/extend/context.js
                    ▇ [0ms] - #40 Require(32) node_modules/egg-i18n/app/extend/context.js
                    ▇ [6ms] - #41 Require(33) node_modules/egg-multipart/app/extend/context.js
                    ▇ [0ms] - #42 Require(34) node_modules/egg-view/app/extend/context.js
                    ▇ [1ms] - #43 Require(35) node_modules/egg-validate/app/extend/context.js
                    ▇ [1ms] - #44 Require(36) node_modules/egg/app/extend/context.js
                     ▇ [0ms] - #45 Require(37) app/extend/context.js
                     ▇ [10ms] - #46 Load extend/helper.js
                     ▇ [8ms] - #47 Require(38) node_modules/egg-security/app/extend/helper.js
                     ▇ [0ms] - #48 Require(39) node_modules/egg/app/extend/helper.js
                     ▇ [15ms] - #49 Load app.js
                     ▇ [0ms] - #50 Require(40) node_modules/egg-session/app.js
                     ▇ [1ms] - #51 Require(41) node_modules/egg-security/app.js
                     ▇ [4ms] - #52 Require(42) node_modules/egg-onerror/app.js
                     ▇ [4ms] - #53 Require(43) node_modules/egg-i18n/app.js
                     ▇ [2ms] - #54 Require(44) node_modules/egg-watcher/app.js
                      ▇ [0ms] - #55 Require(45) node_modules/egg-schedule/app.js
                      ▇ [0ms] - #56 Require(46) node_modules/egg-multipart/app.js
                      ▇ [0ms] - #57 Require(47) node_modules/egg-development/app.js
                      ▇ [0ms] - #58 Require(48) node_modules/egg-logrotator/app.js
                      ▇ [0ms] - #59 Require(49) node_modules/egg-static/app.js
                      ▇ [0ms] - #60 Require(50) node_modules/egg-sequelize/app.js
                      ▇ [1ms] - #61 Require(51) node_modules/egg-validate/app.js
                      ▇ [0ms] - #62 Require(52) node_modules/egg-cors/app.js
                      ▇ [0ms] - #63 Require(53) app.js
                      ▇▇▇▇▇▇▇▇▇▇▇▇▇▇▇ [365ms] - #64 Before Start in node_modules/egg-watcher/lib/init.js:15:14
                                ▇ [11ms] - #65 Load "Symbol(model)" to Application
                                 ▇▇▇▇▇ [131ms] - #66 Before Start in node_modules/egg-sequelize/lib/loader.js:39:7
                                 ▇▇▇▇▇▇▇▇▇▇▇▇▇▇▇▇ [374ms] - #67 Before Start in app.js:4:7
                                 ▇ [32ms] - #68 Load Service
                                 ▇ [32ms] - #69 Load "service" to Context
                                  ▇ [45ms] - #70 Load Middleware
                                  ▇ [39ms] - #71 Load "middlewares" to Application
                                    ▇ [3ms] - #72 Load Controller
                                    ▇ [3ms] - #73 Load "controller" to Application
                                    ▇ [2ms] - #74 Load Router
                                    ▇ [0ms] - #75 Require(54) app/router.js
                                    ▇ [18ms] - #76 Before Start in node_modules/egg-core/lib/egg.js:328:10
2026-05-30 10:04:50,581 INFO 29770 [egg:core] dump config after ready, 3ms
2026-05-30 10:08:59,529 INFO 30517 [egg:logger] init all loggers with options: {"dir":"/home/gandiantx/lab-manager/server/logs/lab-manager-server","encoding":"utf8","env":"local","level":"INFO","consoleLevel":"INFO","disableConsoleAfterReady":false,"outputJSON":false,"buffer":true,"appLogName":"lab-manager-server-web.log","coreLogName":"egg-web.log","agentLogName":"egg-agent.log","errorLogName":"common-error.log","coreLogger":{"consoleLevel":"WARN"},"allowDebugAtProd":false,"enablePerformanceTimer":false,"enableFastContextLogger":false,"type":"application","localStorage":{}}
2026-05-30 10:08:59,529 INFO 30517 [egg-multipart] stream mode enable
2026-05-30 10:08:59,842 INFO 30517 [egg-static] starting static serve /public/ -> /home/gandiantx/lab-manager/server/app/public
2026-05-30 10:08:59,843 INFO 30517 [egg-security] use methodnoallow middleware
2026-05-30 10:08:59,844 INFO 30517 [egg-security] use noopen middleware
2026-05-30 10:08:59,844 INFO 30517 [egg-security] use nosniff middleware
2026-05-30 10:08:59,844 INFO 30517 [egg-security] use xssProtection middleware
2026-05-30 10:08:59,845 INFO 30517 [egg-security] use xframe middleware
2026-05-30 10:08:59,845 INFO 30517 [egg-security] use dta middleware
2026-05-30 10:08:59,845 INFO 30517 [egg-security] compose 6 middlewares into one security middleware
2026-05-30 10:08:59,856 INFO 30517 [egg:core] dump config after load, 5ms
2026-05-30 10:08:59,890 INFO 30517 [egg-watcher:application] watcher start success
2026-05-30 10:09:00,148 INFO 30517 egg start timeline:
▇▇▇▇▇▇▇▇▇▇▇▇▇▇▇▇▇▇ [400ms] - #0 Process Start
                  ▇▇▇▇▇▇▇▇▇▇▇▇▇▇▇▇▇▇▇▇▇▇▇▇▇▇▇▇▇▇▇ [683ms] - #1 Application Start
                  ▇ [5ms] - #2 Load Plugin
                  ▇ [10ms] - #3 Load Config
                  ▇ [0ms] - #4 Require(0) config/config.default.js
                  ▇ [0ms] - #5 Require(1) node_modules/egg-session/config/config.default.js
                  ▇ [1ms] - #6 Require(2) node_modules/egg-security/config/config.default.js
                  ▇ [0ms] - #7 Require(3) node_modules/egg-jsonp/config/config.default.js
                  ▇ [0ms] - #8 Require(4) node_modules/egg-onerror/config/config.default.js
                  ▇ [0ms] - #9 Require(5) node_modules/egg-i18n/config/config.default.js
                  ▇ [0ms] - #10 Require(6) node_modules/egg-watcher/config/config.default.js
                   ▇ [0ms] - #11 Require(7) node_modules/egg-schedule/config/config.default.js
                   ▇ [0ms] - #12 Require(8) node_modules/egg-multipart/config/config.default.js
                   ▇ [1ms] - #13 Require(9) node_modules/egg-development/config/config.default.js
                   ▇ [0ms] - #14 Require(10) node_modules/egg-logrotator/config/config.default.js
                   ▇ [0ms] - #15 Require(11) node_modules/egg-static/config/config.default.js
                   ▇ [0ms] - #16 Require(12) node_modules/egg-view/config/config.default.js
                   ▇ [0ms] - #17 Require(13) node_modules/egg-sequelize/config/config.default.js
                   ▇ [0ms] - #18 Require(14) node_modules/egg-validate/config/config.default.js
                   ▇ [0ms] - #19 Require(15) node_modules/egg-cors/config/config.default.js
                   ▇ [1ms] - #20 Require(16) node_modules/egg/config/config.default.js
                   ▇ [0ms] - #21 Require(17) config/config.default.js
                   ▇ [0ms] - #22 Require(18) node_modules/egg-security/config/config.local.js
                   ▇ [0ms] - #23 Require(19) node_modules/egg-watcher/config/config.local.js
                   ▇ [0ms] - #24 Require(20) node_modules/egg-view/config/config.local.js
                   ▇ [1ms] - #25 Require(21) node_modules/egg/config/config.local.js
                   ▇ [7ms] - #26 Load extend/application.js
                   ▇ [0ms] - #27 Require(22) node_modules/egg-session/app/extend/application.js
                   ▇ [0ms] - #28 Require(23) node_modules/egg-security/app/extend/application.js
                   ▇ [2ms] - #29 Require(24) node_modules/egg-jsonp/app/extend/application.js
                   ▇ [1ms] - #30 Require(25) node_modules/egg-schedule/app/extend/application.js
                   ▇ [1ms] - #31 Require(26) node_modules/egg-logrotator/app/extend/application.js
                   ▇ [1ms] - #32 Require(27) node_modules/egg-view/app/extend/application.js
                   ▇ [2ms] - #33 Load extend/request.js
                   ▇ [0ms] - #34 Require(28) node_modules/egg/app/extend/request.js
                   ▇ [2ms] - #35 Load extend/response.js
                   ▇ [0ms] - #36 Require(29) node_modules/egg/app/extend/response.js
                   ▇ [17ms] - #37 Load extend/context.js
                   ▇ [4ms] - #38 Require(30) node_modules/egg-security/app/extend/context.js
                   ▇ [1ms] - #39 Require(31) node_modules/egg-jsonp/app/extend/context.js
                    ▇ [0ms] - #40 Require(32) node_modules/egg-i18n/app/extend/context.js
                    ▇ [7ms] - #41 Require(33) node_modules/egg-multipart/app/extend/context.js
                    ▇ [1ms] - #42 Require(34) node_modules/egg-view/app/extend/context.js
                    ▇ [0ms] - #43 Require(35) node_modules/egg-validate/app/extend/context.js
                    ▇ [1ms] - #44 Require(36) node_modules/egg/app/extend/context.js
                    ▇ [0ms] - #45 Require(37) app/extend/context.js
                    ▇ [9ms] - #46 Load extend/helper.js
                    ▇ [7ms] - #47 Require(38) node_modules/egg-security/app/extend/helper.js
                    ▇ [0ms] - #48 Require(39) node_modules/egg/app/extend/helper.js
                    ▇ [16ms] - #49 Load app.js
                    ▇ [1ms] - #50 Require(40) node_modules/egg-session/app.js
                     ▇ [0ms] - #51 Require(41) node_modules/egg-security/app.js
                     ▇ [4ms] - #52 Require(42) node_modules/egg-onerror/app.js
                     ▇ [4ms] - #53 Require(43) node_modules/egg-i18n/app.js
                     ▇ [3ms] - #54 Require(44) node_modules/egg-watcher/app.js
                     ▇ [0ms] - #55 Require(45) node_modules/egg-schedule/app.js
                     ▇ [1ms] - #56 Require(46) node_modules/egg-multipart/app.js
                     ▇ [0ms] - #57 Require(47) node_modules/egg-development/app.js
                     ▇ [0ms] - #58 Require(48) node_modules/egg-logrotator/app.js
                     ▇ [1ms] - #59 Require(49) node_modules/egg-static/app.js
                     ▇ [0ms] - #60 Require(50) node_modules/egg-sequelize/app.js
                     ▇ [1ms] - #61 Require(51) node_modules/egg-validate/app.js
                     ▇ [0ms] - #62 Require(52) node_modules/egg-cors/app.js
                     ▇ [1ms] - #63 Require(53) app.js
                      ▇▇▇▇▇▇▇▇▇▇▇▇▇▇▇▇ [356ms] - #64 Before Start in node_modules/egg-watcher/lib/init.js:15:14
                                ▇ [11ms] - #65 Load "Symbol(model)" to Application
                                 ▇▇▇▇▇ [122ms] - #66 Before Start in node_modules/egg-sequelize/lib/loader.js:39:7
                                 ▇▇▇▇▇▇▇▇▇▇▇▇▇▇▇▇ [355ms] - #67 Before Start in app.js:4:7
                                 ▇ [30ms] - #68 Load Service
                                 ▇ [30ms] - #69 Load "service" to Context
                                  ▇ [38ms] - #70 Load Middleware
                                  ▇ [33ms] - #71 Load "middlewares" to Application
                                    ▇ [2ms] - #72 Load Controller
                                    ▇ [2ms] - #73 Load "controller" to Application
                                    ▇ [3ms] - #74 Load Router
                                    ▇ [1ms] - #75 Require(54) app/router.js
                                    ▇ [14ms] - #76 Before Start in node_modules/egg-core/lib/egg.js:328:10
2026-05-30 10:09:00,148 INFO 30517 [egg:core] dump config after ready, 10ms
